,date,price,change,vol,amount,bid
0,15:00:05,4.39,,3,1685,
1,15:00:00,4.39,,1651,724876,
2,14:59:55,4.39,0.01,5987,2628661,
3,14:59:45,4.38,-0.01,1242,544381,
4,14:59:40,4.39,,3155,1385132,
5,14:59:30,4.39,,3178,1395528,
6,14:59:25,4.39,,1761,773482,
7,14:59:20,4.39,,2142,940373,
8,14:59:15,4.39,,3724,1634906,
9,14:59:10,4.39,,1736,762525,
10,14:59:05,4.39,,2188,960602,
11,14:59:00,4.39,,1624,713357,
12,14:58:55,4.39,0.01,1607,705771,
13,14:58:50,4.38,,1796,786858,
14,14:58:45,4.38,,1250,547745,
15,14:58:40,4.38,-0.01,1772,776206,
16,14:58:35,4.39,,1664,730496,
17,14:58:30,4.39,,1152,505727,
18,14:58:25,4.39,,1601,703242,
19,14:58:20,4.39,,3717,1632096,
20,14:58:10,4.39,,1070,469765,
21,14:58:10,4.39,,3067,1346641,
22,14:58:05,4.39,,1018,447288,
23,14:58:00,4.39,,1141,500951,
24,14:57:55,4.39,0.01,2590,1137326,
25,14:57:50,4.38,-0.01,657,287888,
26,14:57:44,4.39,0.01,1778,780787,
27,14:57:34,4.38,,1973,864506,
28,14:57:34,4.38,,1040,455800,
29,14:57:29,4.38,0.01,1269,555874,
30,14:57:24,4.37,-0.01,4330,1892594,
31,14:57:19,4.38,,4094,1793207,
32,14:57:14,4.38,,1034,452997,
33,14:57:09,4.38,0.01,2683,1175381,
34,14:57:04,4.37,-0.01,1716,750101,
35,14:56:59,4.38,0.01,3107,1361233,
36,14:56:54,4.37,-0.01,1657,724371,
37,14:56:44,4.38,,3800,1664540,
38,14:56:44,4.38,0.01,1882,824701,
39,14:56:39,4.37,,1607,702276,
40,14:56:34,4.37,-0.01,1105,483287,
41,14:56:29,4.38,,2472,1083156,
42,14:56:24,4.38,,1601,701360,
43,14:56:19,4.38,0.01,1009,442344,
44,14:56:14,4.37,-0.01,492,215073,
45,14:56:11,4.38,,1317,576898,
46,14:56:06,4.38,,1553,680616,
47,14:56:01,4.38,0.01,1987,870673,
48,14:55:51,4.37,,3457,1510831,
49,14:55:41,4.37,,3037,1327361,
50,14:55:36,4.37,,5156,2253381,
51,14:55:26,4.37,0.01,3235,1413782,
52,14:55:21,4.36,-0.01,1111,484413,
53,14:55:16,4.37,0.01,2691,1176334,
54,14:55:11,4.36,-0.01,1729,754245,
55,14:55:06,4.37,,698,305130,
56,14:55:01,4.37,0.01,5539,2420630,
57,14:54:56,4.36,,1718,749222,
58,14:54:51,4.36,,4387,1912819,
59,14:54:41,4.36,,4549,1983695,
60,14:54:41,4.36,,2225,970501,
61,14:54:35,4.36,,1532,668300,
62,14:54:30,4.36,,1364,594913,
63,14:54:25,4.36,,1767,770708,
64,14:54:20,4.36,0.01,560,244160,
65,14:54:15,4.35,,2263,984422,
66,14:54:10,4.35,,954,415372,
67,14:54:05,4.35,,1130,491932,
68,14:53:55,4.35,,2584,1124457,
69,14:53:55,4.35,,1777,773116,
70,14:53:50,4.35,0.01,2828,1230528,
71,14:53:45,4.34,-0.01,3005,1304360,
72,14:53:40,4.35,,4747,2065171,
73,14:53:35,4.35,-0.01,2304,1002239,
74,14:53:30,4.36,0.01,1338,583751,
75,14:53:25,4.35,-0.01,6524,2838009,
76,14:53:20,4.36,0.02,3689,1608665,
77,14:53:15,4.34,-0.01,2106,914385,
78,14:53:10,4.35,,1711,744441,
79,14:53:05,4.35,,8915,3878390,
80,14:53:00,4.35,0.01,2055,893942,
81,14:52:50,4.34,-0.01,2600,1128538,
82,14:52:50,4.35,0.01,8142,3541804,
83,14:52:45,4.34,-0.01,4028,1748221,
84,14:52:40,4.35,0.01,3194,1389494,
85,14:52:35,4.34,-0.01,2344,1017434,
86,14:52:30,4.35,,1900,826569,
87,14:52:25,4.35,,1479,643660,
88,14:52:20,4.35,-0.01,4152,1806259,
89,14:52:15,4.36,0.01,11930,5201863,
90,14:52:10,4.35,-0.01,1729,752515,
91,14:52:05,4.36,0.01,5120,2232320,
92,14:51:55,4.35,-0.01,3315,1442390,
93,14:51:55,4.36,0.01,3098,1350832,
94,14:51:50,4.35,-0.01,4579,1992230,
95,14:51:45,4.36,0.01,2990,1303953,
96,14:51:40,4.35,,5764,2507409,
97,14:51:35,4.35,-0.01,3111,1353302,
98,14:51:30,4.36,,2918,1272282,
99,14:51:25,4.36,0.01,3209,1399525,
100,14:51:20,4.35,-0.01,3840,1670817,
101,14:51:10,4.36,,3977,1734094,
102,14:51:10,4.36,,6616,2884994,
103,14:51:05,4.36,,5464,2382722,
104,14:51:00,4.36,,1154,503527,
105,14:50:55,4.36,,1697,740293,
106,14:50:50,4.36,,2021,881208,
107,14:50:45,4.36,,2408,1049888,
108,14:50:40,4.36,,8943,3899165,
109,14:50:35,4.36,-0.01,10998,4795162,
110,14:50:30,4.37,0.01,1354,592082,
111,14:50:20,4.36,-0.01,8320,3627938,
112,14:50:20,4.37,,1982,866168,
113,14:50:15,4.37,,1608,703115,
114,14:50:10,4.37,,3607,1576276,
115,14:50:05,4.37,0.01,1170,511674,
116,14:50:00,4.36,-0.01,588,256437,
117,14:49:55,4.37,,6293,2750233,
118,14:49:50,4.37,-0.01,4839,2114660,
119,14:49:45,4.38,0.01,2712,1187996,
120,14:49:40,4.37,-0.01,7663,3348748,
121,14:49:35,4.38,,2547,1115673,
122,14:49:30,4.38,,2295,1005227,
123,14:49:25,4.38,,878,384879,
124,14:49:20,4.38,,610,267285,
125,14:49:15,4.38,,1898,831709,
126,14:49:10,4.38,,2276,996958,
127,14:49:05,4.38,,3130,1371325,
128,14:48:55,4.38,-0.01,1938,849229,
129,14:48:55,4.39,,3912,1717367,
130,14:48:50,4.39,0.01,16364,7183866,
131,14:48:45,4.38,,2036,892118,
132,14:48:40,4.38,-0.01,1318,577319,
133,14:48:35,4.39,,1963,861844,
134,14:48:15,4.39,-0.01,14821,6506752,
135,14:48:15,4.4,0.01,11956,5260710,
136,14:48:10,4.39,-0.01,7688,3375031,
137,14:48:00,4.4,,1566,689075,
138,14:47:55,4.4,,4920,2165222,
139,14:47:45,4.4,,9533,4194572,
140,14:47:29,4.4,-0.01,18746,8248345,
141,14:47:29,4.41,0.01,5723,2523931,
142,14:47:24,4.4,,6622,2913715,
143,14:47:19,4.4,-0.01,10923,4806489,
144,14:47:14,4.41,0.01,6736,2970576,
145,14:47:09,4.4,-0.01,3185,1401804,
146,14:47:04,4.41,0.01,2925,1289977,
147,14:46:59,4.4,-0.01,11855,5216217,
148,14:46:54,4.41,,2587,1141237,
149,14:46:49,4.41,,1725,760777,
150,14:46:44,4.41,,1233,544158,
151,14:46:39,4.41,,1120,494343,
152,14:46:34,4.41,0.01,1844,813415,
153,14:46:29,4.4,-0.01,2626,1155545,
154,14:46:24,4.41,0.01,1752,773055,
155,14:46:19,4.4,,975,429017,
156,14:46:14,4.4,,995,438169,
157,14:46:09,4.4,-0.01,1292,568550,
158,14:46:04,4.41,,1456,642096,
159,14:45:59,4.41,,2360,1040760,
160,14:45:54,4.41,0.01,1322,583107,
161,14:45:49,4.4,,1772,780032,
162,14:45:39,4.4,,2312,1017561,
163,14:45:39,4.4,-0.01,1524,670630,
164,14:45:34,4.41,0.01,888,392031,
165,14:45:29,4.4,-0.01,1167,513497,
166,14:45:24,4.41,,1188,524260,
167,14:45:19,4.41,0.01,3684,1624714,
168,14:45:14,4.4,,2019,888729,
169,14:45:09,4.4,,687,302297,
170,14:45:04,4.4,-0.01,699,307648,
171,14:44:59,4.41,0.01,2610,1151115,
172,14:44:54,4.4,,9155,4028569,
173,14:44:49,4.4,-0.01,512,225280,
174,14:44:44,4.41,,1549,683444,
175,14:44:39,4.41,0.01,561,247806,
176,14:44:34,4.4,-0.01,826,363545,
177,14:44:29,4.41,,504,222687,
178,14:44:24,4.41,-0.01,3224,1421784,
179,14:44:19,4.42,0.01,904,399992,
180,14:44:14,4.41,,1571,692899,
181,14:44:09,4.41,,6315,2785285,
182,14:44:04,4.41,-0.01,664,293247,
183,14:43:59,4.42,0.01,6616,2924413,
184,14:43:54,4.41,,653,288025,
185,14:43:49,4.41,,1217,537102,
186,14:43:44,4.41,,744,328527,
187,14:43:39,4.41,-0.01,1796,792106,
188,14:43:34,4.42,0.01,957,423188,
189,14:43:29,4.41,-0.01,3551,1566008,
190,14:43:24,4.42,0.01,1261,557697,
191,14:43:19,4.41,-0.01,718,316673,
192,14:43:14,4.42,0.01,1277,564628,
193,14:43:09,4.41,-0.01,2232,984735,
194,14:43:04,4.42,0.01,1124,496878,
195,14:42:54,4.41,-0.01,462,203918,
196,14:42:54,4.42,,1250,552888,
197,14:42:49,4.42,,515,228001,
198,14:42:44,4.42,,398,175951,
199,14:42:39,4.42,-0.01,1082,478491,
200,14:42:34,4.43,,2733,1210772,
201,14:42:29,4.43,0.01,605,268068,
202,14:42:24,4.42,,11574,5116026,
203,14:42:19,4.42,-0.01,711,314279,
204,14:42:14,4.43,,2787,1234729,
205,14:42:09,4.43,,435,193077,
206,14:42:04,4.43,0.01,477,211364,
207,14:41:54,4.42,-0.01,932,412297,
208,14:41:54,4.43,,774,343059,
209,14:41:49,4.43,,432,191801,
210,14:41:44,4.43,,496,219728,
211,14:41:39,4.43,0.01,277,122764,
212,14:41:34,4.42,-0.01,664,293488,
213,14:41:29,4.43,0.01,431,190950,
214,14:41:24,4.42,-0.01,373,165201,
215,14:41:19,4.43,0.01,1614,715037,
216,14:41:14,4.42,-0.01,912,403528,
217,14:41:09,4.43,,780,345610,
218,14:41:04,4.43,,596,264098,
219,14:40:54,4.43,,178,79243,
220,14:40:54,4.43,,4778,2117043,
221,14:40:44,4.43,,5014,2221237,
222,14:40:34,4.43,,2411,1068445,
223,14:40:28,4.43,,2264,1003377,
224,14:40:18,4.43,,698,309462,
225,14:40:13,4.43,-0.01,3007,1332402,
226,14:40:03,4.44,,1100,488471,
227,14:39:58,4.44,,1618,718498,
228,14:39:53,4.44,,1754,779166,
229,14:39:43,4.44,,2030,901355,
230,14:39:38,4.44,0.01,448,198912,
231,14:39:33,4.43,-0.01,811,359645,
232,14:39:28,4.44,,1540,683831,
233,14:39:23,4.44,,650,288990,
234,14:39:18,4.44,,903,401233,
235,14:39:13,4.44,0.01,1922,853758,
236,14:39:08,4.43,,858,380200,
237,14:39:03,4.43,-0.01,670,296845,
238,14:38:58,4.44,,1096,486624,
239,14:38:53,4.44,,2030,901639,
240,14:38:43,4.44,0.01,363,161260,
241,14:38:43,4.43,,571,253325,
242,14:38:38,4.43,-0.01,207,91718,
243,14:38:33,4.44,0.01,1389,616769,
244,14:38:28,4.43,-0.01,1032,457175,
245,14:38:23,4.44,0.01,368,163818,
246,14:38:18,4.43,-0.01,337,149698,
247,14:38:13,4.44,0.01,420,186551,
248,14:38:03,4.43,,337,149698,
249,14:38:03,4.43,,367,162598,
250,14:37:58,4.43,,280,124039,
251,14:37:53,4.43,,1456,645433,
252,14:37:48,4.43,,1363,604181,
253,14:37:43,4.43,0.01,1336,591989,
254,14:37:38,4.42,-0.01,1294,572266,
255,14:37:33,4.43,,1042,461712,
256,14:37:28,4.43,,2099,929945,
257,14:37:23,4.43,,975,431942,
258,14:37:18,4.43,0.01,1474,653371,
259,14:37:13,4.42,-0.01,2482,1097432,
260,14:37:08,4.43,0.01,830,367725,
261,14:37:03,4.42,-0.01,773,341719,
262,14:36:58,4.43,0.01,569,252474,
263,14:36:53,4.42,,825,365056,
264,14:36:48,4.42,,470,207775,
265,14:36:43,4.42,0.01,2262,1000122,
266,14:36:38,4.41,-0.01,1775,783074,
267,14:36:33,4.42,0.01,1703,752743,
268,14:36:23,4.41,-0.01,1550,683585,
269,14:36:23,4.42,0.01,1079,476935,
270,14:36:18,4.41,,1730,763318,
271,14:36:13,4.41,,1346,593691,
272,14:36:08,4.41,-0.01,2528,1114848,
273,14:36:03,4.42,,1950,862076,
274,14:35:53,4.42,,871,385282,
275,14:35:53,4.42,0.01,1060,468873,
276,14:35:48,4.41,-0.01,698,307923,
277,14:35:43,4.42,,3457,1528117,
278,14:35:38,4.42,,4960,2192320,
279,14:35:33,4.42,,1906,842558,
280,14:35:28,4.42,,1034,457416,
281,14:35:23,4.42,0.01,2712,1199128,
282,14:35:18,4.41,-0.01,2533,1117105,
283,14:35:13,4.42,,862,381039,
284,14:35:08,4.42,0.01,549,242993,
285,14:35:03,4.41,-0.01,481,212244,
286,14:34:58,4.42,0.01,823,363925,
287,14:34:53,4.41,,1178,519603,
288,14:34:48,4.41,,1892,834724,
289,14:34:43,4.41,,1760,776583,
290,14:34:38,4.41,,1433,632217,
291,14:34:33,4.41,-0.01,8167,3601664,
292,14:34:28,4.42,0.01,1166,515407,
293,14:34:23,4.41,,480,212103,
294,14:34:18,4.41,-0.01,634,279982,
295,14:34:13,4.42,-0.01,1802,796731,
296,14:34:08,4.43,0.01,2029,899041,
297,14:33:58,4.42,0.01,2024,895032,
298,14:33:58,4.41,-0.01,630,277865,
299,14:33:53,4.42,,8356,3693422,
300,14:33:48,4.42,0.01,2442,1079611,
301,14:33:43,4.41,-0.01,606,267281,
302,14:33:38,4.42,,5246,2318908,
303,14:33:33,4.42,,8067,3565985,
304,14:33:22,4.42,,5769,2550163,
305,14:33:17,4.42,,2160,955144,
306,14:33:12,4.42,,1886,833647,
307,14:33:04,4.42,,4528,2001658,
308,14:32:54,4.42,,1176,519933,
309,14:32:49,4.42,-0.01,3644,1610718,
310,14:32:39,4.43,,717,317684,
311,14:32:34,4.43,,394,174931,
312,14:32:24,4.43,,840,372545,
313,14:32:19,4.43,,2888,1279525,
314,14:32:09,4.43,,1723,763661,
315,14:32:04,4.43,,6896,3055353,
316,14:31:59,4.43,,1256,556833,
317,14:31:59,4.43,,1662,736301,
318,14:31:48,4.43,,4541,2011999,
319,14:31:43,4.43,,1464,648552,
320,14:31:38,4.43,,790,350005,
321,14:31:33,4.43,-0.01,1279,566614,
322,14:31:28,4.44,0.01,691,307176,
323,14:31:23,4.43,-0.01,808,357944,
324,14:31:18,4.44,,2206,979499,
325,14:31:13,4.44,,1672,742794,
326,14:31:03,4.44,,416,184704,
327,14:31:03,4.44,,8840,3925244,
328,14:30:48,4.44,,1217,540614,
329,14:30:43,4.44,-0.01,1016,451530,
330,14:30:38,4.45,0.01,993,442294,
331,14:30:28,4.44,,8783,3899669,
332,14:30:13,4.44,,698,310302,
333,14:30:08,4.44,,5831,2589265,
334,14:29:58,4.44,-0.01,316,140375,
335,14:29:53,4.45,0.01,817,363974,
336,14:29:43,4.44,-0.01,522,232158,
337,14:29:38,4.45,0.01,184,82307,
338,14:29:33,4.44,,572,254039,
339,14:29:23,4.44,-0.01,219,97608,
340,14:29:23,4.45,0.01,691,307584,
341,14:29:08,4.44,-0.01,1832,813408,
342,14:29:03,4.45,,556,247491,
343,14:28:53,4.45,,646,287790,
344,14:28:48,4.45,,1383,615737,
345,14:28:38,4.45,,831,369812,
346,14:28:33,4.45,,1088,484160,
347,14:28:23,4.45,,339,151228,
348,14:28:18,4.45,0.01,371,165184,
349,14:28:13,4.44,,224,99456,
350,14:28:08,4.44,,912,404928,
351,14:28:03,4.44,,600,266400,
352,14:27:58,4.44,-0.01,3876,1721157,
353,14:27:48,4.45,,457,203774,
354,14:27:43,4.45,,1309,582558,
355,14:27:33,4.45,,1231,547812,
356,14:27:28,4.45,0.01,949,422358,
357,14:27:18,4.44,,644,286007,
358,14:27:13,4.44,-0.01,374,166375,
359,14:27:08,4.45,0.01,266,118476,
360,14:27:03,4.44,,206,91641,
361,14:27:03,4.44,,355,157992,
362,14:26:43,4.44,-0.01,572,254039,
363,14:26:33,4.45,,200,89427,
364,14:26:28,4.45,,4678,2081745,
365,14:26:18,4.45,,1244,553651,
366,14:26:13,4.45,0.01,560,249200,
367,14:26:03,4.44,,431,191523,
368,14:25:53,4.44,,498,221218,
369,14:25:48,4.44,-0.01,457,203316,
370,14:25:43,4.45,,438,194945,
371,14:25:38,4.45,0.01,1125,500963,
372,14:25:33,4.44,,374,166091,
373,14:25:28,4.44,-0.01,1146,509214,
374,14:25:18,4.45,0.01,1435,638664,
375,14:25:13,4.44,,719,319253,
376,14:25:03,4.44,-0.01,379,168506,
377,14:24:58,4.45,,880,392027,
378,14:24:48,4.45,,1509,671558,
379,14:24:43,4.45,,1709,760843,
380,14:24:33,4.45,0.01,391,174297,
381,14:24:33,4.44,,799,354773,
382,14:24:23,4.44,-0.01,1094,486055,
383,14:24:13,4.45,0.01,3980,1771456,
384,14:24:08,4.44,-0.01,953,423540,
385,14:24:03,4.45,,446,198505,
386,14:23:58,4.45,,2551,1135212,
387,14:23:53,4.45,,1057,470774,
388,14:23:43,4.45,0.01,599,266572,
389,14:23:38,4.44,,816,362730,
390,14:23:28,4.44,-0.01,476,211415,
391,14:23:23,4.45,,950,422785,
392,14:23:13,4.45,,1221,543398,
393,14:23:08,4.45,,573,255323,
394,14:22:58,4.45,,894,397865,
395,14:22:53,4.45,,1983,882452,
396,14:22:48,4.45,,472,210467,
397,14:22:43,4.45,,1512,672840,
398,14:22:38,4.45,,858,382201,
399,14:22:33,4.45,,4896,2179147,
400,14:22:28,4.45,-0.01,447,199217,
401,14:22:23,4.46,,2805,1251083,
402,14:22:18,4.46,0.01,905,404040,
403,14:22:08,4.45,-0.01,316,140691,
404,14:22:03,4.46,0.01,394,175831,
405,14:21:53,4.45,-0.01,574,255465,
406,14:21:48,4.46,0.01,2960,1320160,
407,14:21:38,4.45,-0.01,366,162905,
408,14:21:33,4.46,0.01,391,174403,
409,14:21:28,4.45,,770,342899,
410,14:21:18,4.45,-0.01,1110,493985,
411,14:21:13,4.46,,784,350092,
412,14:21:03,4.46,,67,30256,
413,14:20:58,4.46,,858,382775,
414,14:20:48,4.46,0.01,96,43244,
415,14:20:48,4.45,-0.01,3138,1396516,
416,14:20:33,4.46,,297,132872,
417,14:20:28,4.46,,405,180683,
418,14:20:18,4.46,0.01,7486,3339077,
419,14:20:13,4.45,-0.01,1328,591102,
420,14:20:08,4.46,,1304,582012,
421,14:19:58,4.46,,224,99904,
422,14:19:53,4.46,,753,335962,
423,14:19:43,4.46,0.01,216,96336,
424,14:19:38,4.45,,776,345747,
425,14:19:28,4.45,-0.01,520,231400,
426,14:19:28,4.46,0.01,1424,635389,
427,14:19:13,4.45,-0.01,1858,827201,
428,14:19:13,4.46,,187,83491,
429,14:18:58,4.46,,1628,726444,
430,14:18:47,4.46,,624,278732,
431,14:18:42,4.46,,1063,474115,
432,14:18:32,4.46,0.01,209,93338,
433,14:18:27,4.45,,856,380920,
434,14:18:17,4.45,,1112,494840,
435,14:18:12,4.45,,3461,1540483,
436,14:18:02,4.45,,1351,601212,
437,14:17:57,4.45,0.01,5488,2442587,
438,14:17:47,4.44,,1276,566615,
439,14:17:42,4.44,-0.01,1366,606539,
440,14:17:37,4.45,,4331,1927668,
441,14:17:32,4.45,,859,382344,
442,14:17:32,4.45,0.01,553,246494,
443,14:17:22,4.44,,1260,559511,
444,14:17:12,4.44,,215,95477,
445,14:17:07,4.44,0.01,4708,2090565,
446,14:16:57,4.43,-0.01,3520,1559785,
447,14:16:52,4.44,,3737,1659636,
448,14:16:42,4.44,,1640,728302,
449,14:16:42,4.44,0.01,2962,1315376,
450,14:16:27,4.43,,696,308753,
451,14:16:22,4.43,-0.01,2542,1126141,
452,14:16:17,4.44,0.01,1422,631687,
453,14:16:07,4.43,-0.01,683,302657,
454,14:16:02,4.44,,3961,1759092,
455,14:15:52,4.44,,5225,2320308,
456,14:15:37,4.44,0.01,2463,1093589,
457,14:15:22,4.43,-0.01,564,249922,
458,14:15:17,4.44,,4664,2070816,
459,14:15:07,4.44,,737,327636,
460,14:15:02,4.44,,1989,883169,
461,14:14:57,4.44,,2187,971258,
462,14:14:47,4.44,,3298,1464702,
463,14:14:37,4.44,,1035,459628,
464,14:14:37,4.44,,4577,2032312,
465,14:14:32,4.44,0.01,1976,877344,
466,14:14:27,4.43,-0.01,1800,797400,
467,14:14:27,4.44,,536,238410,
468,14:14:17,4.44,,4372,1941523,
469,14:14:17,4.44,,1430,634955,
470,14:14:02,4.44,,1055,468579,
471,14:13:57,4.44,,5930,2633168,
472,14:13:47,4.44,,1359,603413,
473,14:13:42,4.44,-0.01,4056,1801290,
474,14:13:27,4.45,,3942,1754225,
475,14:13:17,4.45,,740,329371,
476,14:13:12,4.45,,384,171307,
477,14:13:07,4.45,,5234,2329236,
478,14:13:02,4.45,,1241,552512,
479,14:12:57,4.45,,8508,3786131,
480,14:12:57,4.45,,1482,659881,
481,14:12:42,4.45,-0.01,3152,1403067,
482,14:12:37,4.46,,1441,643096,
483,14:12:22,4.46,,10227,4561473,
484,14:12:02,4.46,,6429,2867387,
485,14:11:47,4.46,,1941,865739,
486,14:11:42,4.46,,1136,507084,
487,14:11:32,4.46,,1284,572878,
488,14:11:27,4.46,,263,117315,
489,14:11:22,4.46,,619,276163,
490,14:11:12,4.46,-0.01,2872,1281340,
491,14:10:57,4.47,0.01,1245,556711,
492,14:10:42,4.46,,288,128448,
493,14:10:37,4.46,,1288,574876,
494,14:10:27,4.46,,76,33967,
495,14:10:27,4.46,-0.01,534,238199,
496,14:10:12,4.47,0.01,1418,634239,
497,14:10:07,4.46,,2278,1016023,
498,14:09:52,4.46,-0.01,934,416599,
499,14:09:37,4.47,,5968,2668125,
500,14:09:32,4.47,,585,261763,
501,14:09:27,4.47,,503,224858,
502,14:09:22,4.47,,333,149190,
503,14:09:17,4.47,,374,167213,
504,14:09:07,4.47,,792,354453,
505,14:09:02,4.47,,442,197824,
506,14:08:52,4.47,0.01,434,194105,
507,14:08:47,4.46,,953,425448,
508,14:08:37,4.46,,56,24976,
509,14:08:32,4.46,,1562,697044,
510,14:08:27,4.46,-0.01,613,273451,
511,14:08:17,4.47,,221,98840,
512,14:08:12,4.47,0.01,941,420966,
513,14:08:02,4.46,-0.01,475,211939,
514,14:08:02,4.47,0.01,1887,843506,
515,14:07:47,4.46,,241,107896,
516,14:07:42,4.46,,246,109751,
517,14:07:37,4.46,,661,294859,
518,14:07:27,4.46,,419,187248,
519,14:07:17,4.46,,965,430586,
520,14:07:17,4.46,-0.01,183,81635,
521,14:07:07,4.47,0.01,840,375480,
522,14:06:57,4.46,-0.01,153,68648,
523,14:06:52,4.47,,154,68945,
524,14:06:47,4.47,,217,97410,
525,14:06:47,4.47,,1308,584747,
526,14:06:37,4.47,,612,273635,
527,14:06:27,4.47,,253,113144,
528,14:06:27,4.47,-0.01,1016,454438,
529,14:06:07,4.48,0.01,4190,1877155,
530,14:05:51,4.47,,1264,565294,
531,14:05:36,4.47,,176,79101,
532,14:05:31,4.47,,1348,602627,
533,14:05:21,4.47,0.01,4498,2010713,
534,14:05:16,4.46,-0.02,4007,1787282,
535,14:05:01,4.48,0.01,1158,518819,
536,14:04:46,4.47,-0.01,502,224715,
537,14:04:36,4.48,,210,94474,
538,14:04:31,4.48,0.01,86,38563,
539,14:04:26,4.47,,535,239162,
540,14:04:16,4.47,,392,175224,
541,14:04:16,4.47,-0.01,1004,449145,
542,14:03:56,4.48,0.01,756,338759,
543,14:03:51,4.47,-0.01,1320,590183,
544,14:03:41,4.48,,299,134328,
545,14:03:36,4.48,,2860,1281351,
546,14:03:26,4.48,0.01,3888,1741824,
547,14:03:21,4.47,,769,344154,
548,14:03:11,4.47,-0.01,561,251178,
549,14:03:11,4.48,,1451,650137,
550,14:02:56,4.48,0.01,160,72110,
551,14:02:51,4.47,-0.01,123,55356,
552,14:02:46,4.48,,271,121425,
553,14:02:36,4.48,,1302,583618,
554,14:02:31,4.48,,1973,883957,
555,14:02:26,4.48,,61,27381,
556,14:02:21,4.48,,267,119992,
557,14:02:21,4.48,,1654,741314,
558,14:02:01,4.48,-0.01,1483,664616,
559,14:01:56,4.49,0.01,1193,535926,
560,14:01:46,4.48,,455,203857,
561,14:01:41,4.48,,447,200273,
562,14:01:31,4.48,,306,137195,
563,14:01:26,4.48,-0.01,410,184074,
564,14:01:16,4.49,0.02,273,122846,
565,14:01:11,4.47,,2421,1082240,
566,14:01:01,4.47,-0.01,781,349446,
567,14:00:56,4.48,0.01,94,42147,
568,14:00:51,4.47,,1852,827915,
569,14:00:41,4.47,-0.01,2192,980253,
570,14:00:26,4.48,,3746,1678602,
571,14:00:11,4.48,0.01,919,412016,
572,14:00:06,4.47,-0.01,2093,935910,
573,13:59:56,4.48,,1171,524697,
574,13:59:51,4.48,,1436,643686,
575,13:59:36,4.48,0.01,1179,528424,
576,13:59:26,4.47,,2120,947926,
577,13:59:21,4.47,-0.01,747,334284,
578,13:59:11,4.48,0.01,1231,551792,
579,13:59:06,4.47,,1733,774847,
580,13:58:56,4.47,,2921,1306098,
581,13:58:51,4.47,-0.01,443,198110,
582,13:58:46,4.48,0.01,576,258478,
583,13:58:41,4.47,0.01,3706,1656832,
584,13:58:36,4.46,,266,119028,
585,13:58:31,4.46,,879,392051,
586,13:58:21,4.46,-0.01,590,263175,
587,13:58:21,4.47,0.01,1170,523383,
588,13:58:06,4.46,,262,116887,
589,13:58:01,4.46,-0.01,796,355372,
590,13:57:51,4.47,,936,418821,
591,13:57:46,4.47,0.01,669,299096,
592,13:57:41,4.46,-0.01,360,160560,
593,13:57:41,4.47,,360,161349,
594,13:57:31,4.47,,707,316118,
595,13:57:21,4.47,,456,204261,
596,13:57:11,4.47,,1120,501069,
597,13:57:01,4.47,,291,130452,
598,13:56:51,4.47,0.01,131,58646,
599,13:56:46,4.46,,25416,11335536,
600,13:56:36,4.46,-0.01,882,393764,
601,13:56:31,4.47,,471,210554,
602,13:56:26,4.47,-0.01,998,446141,
603,13:56:21,4.48,,450,201994,
604,13:56:16,4.48,0.02,1100,492871,
605,13:56:06,4.46,-0.01,25296,11282158,
606,13:56:01,4.47,-0.01,711,317834,
607,13:55:51,4.48,,914,409866,
608,13:55:46,4.48,,197,88309,
609,13:55:41,4.48,-0.01,20188,9044582,
610,13:55:36,4.49,0.01,408,183623,
611,13:55:31,4.48,,71,31825,
612,13:55:26,4.48,,407,182353,
613,13:55:16,4.48,,280,125440,
614,13:55:11,4.48,-0.01,864,387072,
615,13:55:01,4.49,,680,305320,
616,13:54:51,4.49,0.01,628,282043,
617,13:54:46,4.48,,1330,596234,
618,13:54:36,4.48,,306,137482,
619,13:54:31,4.48,,442,198123,
620,13:54:26,4.48,-0.01,312,139776,
621,13:54:16,4.49,,1008,452592,
622,13:54:11,4.49,0.01,1072,481759,
623,13:54:01,4.48,,187,84152,
624,13:53:56,4.48,,840,376320,
625,13:53:46,4.48,-0.01,483,216473,
626,13:53:41,4.49,,544,244687,
627,13:53:31,4.49,,343,154024,
628,13:53:26,4.49,,424,190376,
629,13:53:21,4.49,,179,80748,
630,13:53:16,4.49,0.01,662,297273,
631,13:53:11,4.48,-0.01,472,211886,
632,13:53:05,4.49,0.01,457,205606,
633,13:53:05,4.48,-0.01,382,171171,
634,13:52:55,4.49,0.01,845,379458,
635,13:52:50,4.48,,1469,658452,
636,13:52:40,4.48,,122,54763,
637,13:52:35,4.48,-0.01,821,368148,
638,13:52:25,4.49,0.01,944,424287,
639,13:52:20,4.48,,681,305213,
640,13:52:15,4.48,,286,128450,
641,13:52:10,4.48,,1010,452587,
642,13:52:05,4.48,,7225,3236925,
643,13:52:05,4.48,0.01,1109,496885,
644,13:51:50,4.47,-0.01,969,433411,
645,13:51:45,4.48,,1932,865894,
646,13:51:35,4.48,0.01,1667,746905,
647,13:51:30,4.47,,1051,470172,
648,13:51:20,4.47,,303,135458,
649,13:51:15,4.47,,1472,657984,
650,13:51:10,4.47,,527,235586,
651,13:51:05,4.47,-0.01,357,159632,
652,13:51:05,4.48,0.01,795,356536,
653,13:50:55,4.47,,1832,818904,
654,13:50:45,4.47,,628,280787,
655,13:50:40,4.47,,3296,1473741,
656,13:50:35,4.47,0.01,7347,3284484,
657,13:50:30,4.46,-0.01,686,305991,
658,13:50:25,4.47,0.01,977,437130,
659,13:50:15,4.46,,328,146288,
660,13:50:10,4.46,-0.01,599,267171,
661,13:50:00,4.47,,101,45200,
662,13:49:55,4.47,,11729,5243274,
663,13:49:45,4.47,,1718,767981,
664,13:49:40,4.47,,3631,1623217,
665,13:49:25,4.47,-0.01,1328,594045,
666,13:49:15,4.48,0.01,2084,933703,
667,13:49:05,4.47,,2185,977106,
668,13:48:55,4.47,0.01,5315,2376180,
669,13:48:45,4.46,,770,343527,
670,13:48:40,4.46,-0.01,3872,1727340,
671,13:48:30,4.47,,923,412956,
672,13:48:20,4.47,,323,144470,
673,13:48:20,4.47,-0.01,1194,534111,
674,13:48:15,4.48,0.01,415,185937,
675,13:48:10,4.47,-0.01,1296,579741,
676,13:48:00,4.48,0.01,496,222208,
677,13:47:55,4.47,-0.01,552,247173,
678,13:47:45,4.48,,770,345067,
679,13:47:40,4.48,,850,381194,
680,13:47:30,4.48,,173,77557,
681,13:47:25,4.48,,2439,1092976,
682,13:47:15,4.48,-0.01,459,205721,
683,13:47:10,4.49,,638,286497,
684,13:47:00,4.49,,104,47127,
685,13:46:55,4.49,,86,38649,
686,13:46:50,4.49,,899,403740,
687,13:46:40,4.49,,1527,685640,
688,13:46:40,4.49,,831,373136,
689,13:46:25,4.49,,1887,847280,
690,13:46:20,4.49,,975,437936,
691,13:46:10,4.49,,5589,2509514,
692,13:46:05,4.49,,714,320981,
693,13:45:55,4.49,0.01,282,126725,
694,13:45:50,4.48,-0.01,1023,458321,
695,13:45:45,4.49,0.01,1384,621847,
696,13:45:40,4.48,-0.01,199,89169,
697,13:45:35,4.49,,592,265808,
698,13:45:30,4.49,,1355,608772,
699,13:45:25,4.49,,85,38218,
700,13:45:20,4.49,0.01,597,268394,
701,13:45:15,4.48,,916,410439,
702,13:45:05,4.48,-0.01,623,279121,
703,13:45:00,4.49,,1272,571128,
704,13:44:50,4.49,,1028,461931,
705,13:44:45,4.49,0.01,900,404171,
706,13:44:35,4.48,,503,225361,
707,13:44:30,4.48,-0.01,272,121856,
708,13:44:25,4.49,0.01,641,288222,
709,13:44:20,4.48,,445,199413,
710,13:44:15,4.48,,1758,787619,
711,13:44:10,4.48,-0.01,1153,516956,
712,13:44:00,4.49,,912,409488,
713,13:43:45,4.49,0.01,258,116237,
714,13:43:45,4.48,,2079,931409,
715,13:43:30,4.48,,962,431370,
716,13:43:25,4.48,0.01,4208,1885470,
717,13:43:15,4.47,,183,81818,
718,13:43:10,4.47,,367,164066,
719,13:43:05,4.47,-0.01,898,401799,
720,13:42:55,4.48,,519,232529,
721,13:42:50,4.48,,1219,546488,
722,13:42:40,4.48,0.01,529,237117,
723,13:42:35,4.47,-0.01,885,395934,
724,13:42:25,4.48,,1125,504053,
725,13:42:20,4.48,,1914,857866,
726,13:42:05,4.48,0.01,858,384491,
727,13:41:55,4.47,-0.01,652,291801,
728,13:41:50,4.48,,815,365424,
729,13:41:45,4.48,,920,412160,
730,13:41:40,4.48,0.02,8821,3952005,
731,13:41:30,4.46,,637,284155,
732,13:41:25,4.46,-0.01,1042,465124,
733,13:41:20,4.47,0.01,1014,453293,
734,13:41:15,4.46,,1168,521356,
735,13:41:10,4.46,-0.01,1014,452279,
736,13:41:00,4.47,,888,396936,
737,13:40:55,4.47,0.01,2304,1030174,
738,13:40:45,4.46,,528,235916,
739,13:40:40,4.46,,922,411604,
740,13:40:35,4.46,,990,441575,
741,13:40:30,4.46,,557,248618,
742,13:40:25,4.46,-0.01,3153,1406648,
743,13:40:15,4.47,,347,155198,
744,13:40:09,4.47,,431,192674,
745,13:40:04,4.47,,578,258759,
746,13:39:59,4.47,,926,413957,
747,13:39:54,4.47,,292,130881,
748,13:39:49,4.47,-0.01,6032,2696304,
749,13:39:44,4.48,0.01,728,326144,
750,13:39:39,4.47,-0.01,248,111285,
751,13:39:34,4.48,-0.01,1866,836362,
752,13:39:19,4.49,0.01,1628,731043,
753,13:39:09,4.48,-0.01,291,130744,
754,13:39:04,4.49,,2320,1041680,
755,13:38:49,4.49,,1959,879608,
756,13:38:44,4.49,,426,191381,
757,13:38:39,4.49,,520,233767,
758,13:38:34,4.49,,282,126725,
759,13:38:29,4.49,-0.01,2940,1320419,
760,13:38:19,4.5,,627,282240,
761,13:38:14,4.5,,2274,1023696,
762,13:38:04,4.5,0.01,709,319104,
763,13:37:59,4.49,,1197,537794,
764,13:37:49,4.49,,3527,1583784,
765,13:37:44,4.49,,889,399574,
766,13:37:39,4.49,0.01,620,278739,
767,13:37:29,4.48,,1232,551936,
768,13:37:24,4.48,,2544,1139712,
769,13:37:14,4.48,0.01,1208,541327,
770,13:37:09,4.47,,1789,799736,
771,13:36:59,4.47,-0.01,3146,1406655,
772,13:36:54,4.48,0.01,1650,739594,
773,13:36:44,4.47,,3096,1383912,
774,13:36:39,4.47,,5894,2634796,
775,13:36:34,4.47,0.01,2769,1238154,
776,13:36:24,4.46,-0.01,1176,524496,
777,13:36:19,4.47,0.01,1596,713769,
778,13:36:09,4.46,-0.01,2271,1012883,
779,13:36:04,4.47,,1942,868109,
780,13:35:54,4.47,0.01,1869,835496,
781,13:35:49,4.46,0.01,3204,1429340,
782,13:35:39,4.45,-0.01,5102,2270425,
783,13:35:34,4.46,,1609,718024,
784,13:35:29,4.46,,4307,1921011,
785,13:35:14,4.46,,692,308988,
786,13:35:09,4.46,-0.01,6734,3003399,
787,13:34:59,4.47,0.01,2306,1031175,
788,13:34:54,4.46,-0.01,4089,1823818,
789,13:34:49,4.47,0.01,1702,761115,
790,13:34:39,4.46,-0.01,1000,446000,
791,13:34:34,4.47,,1750,782285,
792,13:34:29,4.47,,14022,6267869,
793,13:34:19,4.47,-0.01,13048,5832885,
794,13:34:09,4.48,,500,224071,
795,13:34:04,4.48,,6032,2702479,
796,13:33:54,4.48,,6260,2804551,
797,13:33:49,4.48,,5575,2497761,
798,13:33:39,4.48,,836,374599,
799,13:33:29,4.48,,2433,1090396,
800,13:33:24,4.48,,1158,518819,
801,13:33:19,4.48,-0.01,1661,744468,
802,13:33:09,4.49,,246,110489,
803,13:33:04,4.49,,4191,1881776,
804,13:32:54,4.49,-0.01,1831,822136,
805,13:32:49,4.5,0.01,1930,868896,
806,13:32:39,4.49,-0.01,1427,640812,
807,13:32:34,4.5,,2726,1227024,
808,13:32:24,4.5,,969,436176,
809,13:32:19,4.5,,5875,2643984,
810,13:32:09,4.5,,1368,615600,
811,13:32:04,4.5,,2368,1066032,
812,13:31:54,4.5,,1906,858096,
813,13:31:49,4.5,,2122,955296,
814,13:31:44,4.5,,5849,2632176,
815,13:31:34,4.5,,1364,614160,
816,13:31:29,4.5,,3183,1432368,
817,13:31:24,4.5,,10565,4754304,
818,13:31:19,4.5,-0.01,449,202464,
819,13:31:14,4.51,,2205,994509,
820,13:31:04,4.51,,859,387787,
821,13:30:59,4.51,,3338,1505834,
822,13:30:49,4.51,,1535,692303,
823,13:30:44,4.51,,7886,3556622,
824,13:30:29,4.51,,3842,1732994,
825,13:30:19,4.51,,1001,451865,
826,13:30:14,4.51,,853,384757,
827,13:30:09,4.51,-0.01,666,300762,
828,13:30:09,4.52,0.01,1050,474997,
829,13:29:59,4.51,-0.01,387,174627,
830,13:29:54,4.52,,1992,900383,
831,13:29:44,4.52,0.01,1226,554549,
832,13:29:39,4.51,,2703,1219071,
833,13:29:29,4.51,-0.01,669,301773,
834,13:29:24,4.52,0.01,936,423071,
835,13:29:14,4.51,-0.01,291,131619,
836,13:29:09,4.52,,1692,765000,
837,13:29:01,4.52,,1046,473117,
838,13:28:59,4.52,0.01,0,0,
839,13:28:51,4.51,,452,203924,
840,13:28:45,4.51,,1143,515511,
841,13:28:40,4.51,-0.01,632,285032,
842,13:28:35,4.52,0.01,5549,2508346,
843,13:28:30,4.51,-0.01,1010,455906,
844,13:28:25,4.52,0.01,5258,2376724,
845,13:28:20,4.51,-0.01,290,131186,
846,13:28:15,4.52,,727,328622,
847,13:28:10,4.52,0.01,291,131911,
848,13:28:05,4.51,,815,367583,
849,13:28:00,4.51,-0.01,346,156298,
850,13:27:55,4.52,,158,71452,
851,13:27:50,4.52,0.01,470,212476,
852,13:27:45,4.51,,1910,861590,
853,13:27:40,4.51,,344,155576,
854,13:27:35,4.51,-0.01,345,156009,
855,13:27:30,4.52,0.01,727,328622,
856,13:27:25,4.51,,399,179967,
857,13:27:20,4.51,,865,390529,
858,13:27:15,4.51,-0.01,429,193533,
859,13:27:10,4.52,0.01,716,323993,
860,13:27:05,4.51,,2022,911958,
861,13:27:00,4.51,-0.01,812,366284,
862,13:26:55,4.52,0.01,685,309963,
863,13:26:50,4.51,-0.01,1196,539468,
864,13:26:45,4.52,0.01,3011,1361351,
865,13:26:40,4.51,,838,378262,
866,13:26:35,4.51,,810,365706,
867,13:26:30,4.51,,536,241736,
868,13:26:25,4.51,,7006,3159742,
869,13:26:20,4.51,,888,400488,
870,13:26:15,4.51,0.01,10834,4886530,
871,13:26:10,4.5,,1350,607536,
872,13:26:05,4.5,,744,334800,
873,13:26:00,4.5,-0.01,10732,4829760,
874,13:25:55,4.51,,474,213882,
875,13:25:50,4.51,,127,57295,
876,13:25:45,4.51,,229,103621,
877,13:25:40,4.51,0.01,828,373500,
878,13:25:35,4.5,,1008,453600,
879,13:25:30,4.5,-0.01,10668,4800960,
880,13:25:25,4.51,,2164,976180,
881,13:25:20,4.51,-0.01,5267,2375507,
882,13:25:10,4.52,0.01,377,170819,
883,13:25:10,4.51,,580,261652,
884,13:25:05,4.51,,10849,4893313,
885,13:25:00,4.51,-0.01,10276,4634836,
886,13:24:55,4.52,0.01,10577,4780930,
887,13:24:50,4.51,-0.01,325,146917,
888,13:24:45,4.52,0.01,464,209727,
889,13:24:40,4.51,,283,127723,
890,13:24:35,4.51,-0.01,1141,514933,
891,13:24:30,4.52,,10570,4777748,
892,13:24:25,4.52,0.01,3935,1778782,
893,13:24:20,4.51,-0.01,10721,4835585,
894,13:24:15,4.52,0.01,11109,5021322,
895,13:24:10,4.51,,69,31317,
896,13:24:05,4.51,-0.01,291,131331,
897,13:24:00,4.52,0.01,822,371724,
898,13:23:55,4.51,-0.01,3899,1758683,
899,13:23:50,4.52,,408,184415,
900,13:23:40,4.52,,10176,4599552,
901,13:23:35,4.52,,368,166769,
902,13:23:35,4.52,,10593,4788451,
903,13:23:30,4.52,-0.01,1669,754442,
904,13:23:25,4.53,0.01,2654,1202298,
905,13:23:20,4.52,,738,333973,
906,13:23:15,4.52,,1914,865525,
907,13:23:10,4.52,,968,437535,
908,13:23:05,4.52,,1401,633378,
909,13:22:55,4.52,,279,126415,
910,13:22:55,4.52,,1135,513038,
911,13:22:50,4.52,-0.01,1054,476733,
912,13:22:45,4.53,,1184,536352,
913,13:22:40,4.53,,501,227297,
914,13:22:35,4.53,0.01,891,403713,
915,13:22:30,4.52,-0.01,3000,1356433,
916,13:22:25,4.53,,497,225557,
917,13:22:19,4.53,,895,405453,
918,13:22:14,4.53,,4080,1848674,
919,13:22:09,4.53,,667,302241,
920,13:22:04,4.53,,616,279337,
921,13:21:59,4.53,,5186,2349656,
922,13:21:54,4.53,,905,410091,
923,13:21:49,4.53,,2052,929918,
924,13:21:39,4.53,,403,182794,
925,13:21:29,4.53,,660,299052,
926,13:21:29,4.53,,1692,766838,
927,13:21:19,4.53,-0.01,229,103791,
928,13:21:14,4.54,,1134,514872,
929,13:21:04,4.54,0.01,210,95739,
930,13:20:59,4.53,-0.01,1504,681312,
931,13:20:54,4.54,,554,251624,
932,13:20:44,4.54,,732,332400,
933,13:20:39,4.54,,972,441505,
934,13:20:29,4.54,,1119,508044,
935,13:20:29,4.54,,303,137870,
936,13:20:19,4.54,,295,133948,
937,13:20:19,4.54,,467,212399,
938,13:20:14,4.54,,817,371335,
939,13:20:09,4.54,,1191,540732,
940,13:20:04,4.54,,733,333127,
941,13:19:59,4.54,,1174,533322,
942,13:19:54,4.54,,54,24552,
943,13:19:49,4.54,,792,359858,
944,13:19:44,4.54,,555,252060,
945,13:19:39,4.54,-0.01,2087,947516,
946,13:19:29,4.55,0.01,1697,772553,
947,13:19:24,4.54,,2298,1043546,
948,13:19:24,4.54,,831,377292,
949,13:19:19,4.54,,1887,856716,
950,13:19:14,4.54,,1183,537100,
951,13:19:09,4.54,,1212,550465,
952,13:19:04,4.54,,823,373660,
953,13:18:59,4.54,,725,329495,
954,13:18:54,4.54,-0.01,401,182181,
955,13:18:49,4.55,0.01,682,310710,
956,13:18:44,4.54,,1058,480731,
957,13:18:39,4.54,-0.01,420,190897,
958,13:18:34,4.55,,1929,878113,
959,13:18:29,4.55,,348,158412,
960,13:18:24,4.55,,4046,1841257,
961,13:18:19,4.55,0.01,1110,505086,
962,13:18:09,4.54,-0.01,1392,631968,
963,13:18:09,4.55,,493,224369,
964,13:18:04,4.55,0.01,930,423550,
965,13:17:59,4.54,-0.01,411,186830,
966,13:17:54,4.55,0.01,530,241550,
967,13:17:49,4.54,-0.01,693,314676,
968,13:17:44,4.55,0.01,1008,458640,
969,13:17:39,4.54,-0.01,450,204699,
970,13:17:34,4.55,,2192,997360,
971,13:17:29,4.55,0.01,519,236163,
972,13:17:24,4.54,,718,326008,
973,13:17:19,4.54,,1246,565720,
974,13:17:14,4.54,,432,196563,
975,13:17:09,4.54,-0.01,648,294627,
976,13:17:04,4.55,,510,232086,
977,13:16:59,4.55,0.01,399,181563,
978,13:16:54,4.54,,616,280099,
979,13:16:49,4.54,,1090,495259,
980,13:16:44,4.54,-0.01,7238,3286088,
981,13:16:39,4.55,,5520,2511600,
982,13:16:34,4.55,0.01,1038,472326,
983,13:16:29,4.54,,192,87168,
984,13:16:24,4.54,,2716,1233427,
985,13:16:19,4.54,,1056,479859,
986,13:16:14,4.54,-0.01,718,326008,
987,13:16:09,4.55,,1980,900972,
988,13:16:04,4.55,0.01,333,151860,
989,13:15:59,4.54,,253,114916,
990,13:15:48,4.54,,305,138887,
991,13:15:48,4.54,,5136,2331744,
992,13:15:43,4.54,0.01,3867,1755708,
993,13:15:38,4.53,,596,270350,
994,13:15:33,4.53,-0.01,452,204828,
995,13:15:28,4.54,,1001,454871,
996,13:15:23,4.54,0.01,2044,928193,
997,13:15:13,4.53,-0.01,616,279048,
998,13:15:08,4.54,,3136,1424179,
999,13:14:53,4.54,,475,215740,
1000,13:14:48,4.54,,1200,545235,
1001,13:14:37,4.54,0.01,232,105763,
1002,13:14:32,4.53,-0.01,3322,1505264,
1003,13:14:17,4.54,,2913,1322774,
1004,13:14:02,4.54,0.01,574,260632,
1005,13:13:57,4.53,-0.01,826,374576,
1006,13:13:47,4.54,0.01,759,344604,
1007,13:13:42,4.53,-0.01,1825,827141,
1008,13:13:32,4.54,,1091,495404,
1009,13:13:27,4.54,0.01,928,421312,
1010,13:13:22,4.53,-0.01,1268,574766,
1011,13:13:17,4.54,0.01,1044,474048,
1012,13:13:02,4.53,,547,248171,
1013,13:12:57,4.53,,1430,647826,
1014,13:12:47,4.53,,4029,1825191,
1015,13:12:42,4.53,,457,207147,
1016,13:12:37,4.53,,2779,1258977,
1017,13:12:32,4.53,,859,389507,
1018,13:12:27,4.53,,385,174821,
1019,13:12:22,4.53,,1875,849610,
1020,13:12:12,4.53,,744,337032,
1021,13:12:12,4.53,,0,0,
1022,13:12:08,4.53,-0.01,1288,583753,
1023,13:11:58,4.54,0.01,1395,633711,
1024,13:11:53,4.53,,820,371532,
1025,13:11:48,4.53,-0.01,2649,1200413,
1026,13:11:38,4.54,,278,126248,
1027,13:11:33,4.54,0.01,516,234627,
1028,13:11:28,4.53,-0.01,670,303546,
1029,13:11:23,4.54,,602,273562,
1030,13:11:13,4.54,0.01,307,139759,
1031,13:11:13,4.53,,333,150903,
1032,13:11:08,4.53,-0.01,1169,529973,
1033,13:11:03,4.54,,1123,509932,
1034,13:10:58,4.54,0.01,2112,958848,
1035,13:10:53,4.53,-0.01,379,172067,
1036,13:10:48,4.54,,384,174336,
1037,13:10:43,4.54,,1356,615696,
1038,13:10:38,4.54,,578,262811,
1039,13:10:33,4.54,,486,220680,
1040,13:10:28,4.54,,1993,905239,
1041,13:10:23,4.54,,1448,657827,
1042,13:10:18,4.54,,917,416372,
1043,13:10:13,4.54,,810,368139,
1044,13:10:08,4.54,,1833,832599,
1045,13:10:03,4.54,,1868,848144,
1046,13:09:58,4.54,,603,274143,
1047,13:09:53,4.54,-0.01,1368,621072,
1048,13:09:48,4.55,,837,380889,
1049,13:09:43,4.55,,1559,709363,
1050,13:09:38,4.55,0.01,296,135116,
1051,13:09:33,4.54,,1738,789451,
1052,13:09:27,4.54,-0.01,1136,515744,
1053,13:09:22,4.55,,506,230339,
1054,13:09:17,4.55,,1776,808080,
1055,13:09:12,4.55,0.01,528,240385,
1056,13:09:07,4.54,,200,90800,
1057,13:09:02,4.54,-0.01,3708,1683504,
1058,13:08:57,4.55,0.01,1517,690580,
1059,13:08:52,4.54,,1622,736424,
1060,13:08:47,4.54,,769,349543,
1061,13:08:42,4.54,,740,336032,
1062,13:08:37,4.54,,2464,1119091,
1063,13:08:32,4.54,-0.01,455,206588,
1064,13:08:27,4.55,0.01,544,247956,
1065,13:08:22,4.54,,437,198452,
1066,13:08:17,4.54,,1146,520683,
1067,13:08:12,4.54,,153,69879,
1068,13:08:07,4.54,-0.01,550,249736,
1069,13:08:02,4.55,0.01,673,306633,
1070,13:07:57,4.54,,1099,499036,
1071,13:07:47,4.54,-0.01,571,259470,
1072,13:07:47,4.55,0.01,700,318864,
1073,13:07:42,4.54,-0.01,1435,651580,
1074,13:07:37,4.55,0.01,712,324396,
1075,13:07:32,4.54,,409,186103,
1076,13:07:27,4.54,,428,194384,
1077,13:07:22,4.54,-0.01,560,254240,
1078,13:07:17,4.55,0.02,603,274747,
1079,13:07:12,4.53,-0.01,680,308474,
1080,13:07:07,4.54,,1387,629788,
1081,13:07:02,4.54,,476,216467,
1082,13:06:57,4.54,,467,212108,
1083,13:06:52,4.54,,437,198743,
1084,13:06:47,4.54,,567,257436,
1085,13:06:42,4.54,,348,158064,
1086,13:06:37,4.54,,3985,1809607,
1087,13:06:32,4.54,-0.01,1558,707368,
1088,13:06:27,4.55,,1504,684756,
1089,13:06:22,4.55,0.01,642,292510,
1090,13:06:17,4.54,,764,346928,
1091,13:06:12,4.54,,1249,567463,
1092,13:06:07,4.54,-0.01,410,186539,
1093,13:06:02,4.55,0.01,1672,760760,
1094,13:05:57,4.54,,1432,650128,
1095,13:05:52,4.54,-0.01,1000,454435,
1096,13:05:47,4.55,0.01,1578,718099,
1097,13:05:42,4.54,,5117,2323463,
1098,13:05:37,4.54,-0.01,403,183052,
1099,13:05:32,4.55,0.01,567,258003,
1100,13:05:27,4.54,-0.01,1418,643880,
1101,13:05:22,4.55,,3386,1540739,
1102,13:05:17,4.55,,853,388460,
1103,13:05:12,4.55,,322,146619,
1104,13:05:07,4.55,0.01,499,227427,
1105,13:05:02,4.54,-0.01,3485,1582244,
1106,13:04:57,4.55,,1528,695240,
1107,13:04:52,4.55,,1147,522267,
1108,13:04:47,4.55,,2071,942323,
1109,13:04:42,4.55,0.01,1368,622731,
1110,13:04:32,4.54,-0.01,507,230559,
1111,13:04:32,4.55,0.01,2801,1274873,
1112,13:04:27,4.54,-0.01,674,306104,
1113,13:04:22,4.55,0.01,3144,1430956,
1114,13:04:07,4.54,-0.01,1085,492644,
1115,13:04:07,4.55,,1208,550076,
1116,13:04:02,4.55,0.01,746,339830,
1117,13:03:57,4.54,,3181,1444373,
1118,13:03:47,4.54,-0.01,2689,1221078,
1119,13:03:37,4.55,0.01,862,392246,
1120,13:03:32,4.54,,1803,818943,
1121,13:03:27,4.54,-0.01,456,207024,
1122,13:03:22,4.55,,277,126089,
1123,13:03:17,4.55,,2237,1018180,
1124,13:03:06,4.55,,4548,2069412,
1125,13:03:06,4.55,,1099,500427,
1126,13:03:01,4.55,,2195,998816,
1127,13:02:56,4.55,,7107,3234067,
1128,13:02:51,4.55,,1846,839966,
1129,13:02:46,4.55,,1896,863116,
1130,13:02:41,4.55,,7297,3320408,
1131,13:02:36,4.55,-0.01,2916,1326998,
1132,13:02:31,4.56,0.01,2483,1132631,
1133,13:02:26,4.55,,1241,564782,
1134,13:02:21,4.55,-0.01,2335,1062443,
1135,13:02:16,4.56,0.01,797,363778,
1136,13:02:11,4.55,-0.01,1298,590699,
1137,13:02:06,4.56,,7362,3357473,
1138,13:02:01,4.56,,4320,1970357,
1139,13:01:56,4.56,,4217,1923371,
1140,13:01:51,4.56,-0.01,2621,1195230,
1141,13:01:46,4.57,0.01,1605,733539,
1142,13:01:41,4.56,-0.01,5128,2338805,
1143,13:01:36,4.57,0.01,5430,2481692,
1144,13:01:31,4.56,,2926,1334292,
1145,13:01:26,4.56,-0.01,2577,1175531,
1146,13:01:21,4.57,0.01,7736,3535352,
1147,13:01:16,4.56,-0.01,4985,2273579,
1148,13:01:11,4.57,,2544,1163046,
1149,13:01:06,4.57,,3240,1481118,
1150,13:01:01,4.57,,2264,1034648,
1151,13:00:56,4.57,0.01,1229,561707,
1152,13:00:51,4.56,,956,436008,
1153,13:00:46,4.56,,260,118924,
1154,13:00:41,4.56,,4919,2243374,
1155,13:00:36,4.56,,6622,3019960,
1156,13:00:26,4.56,,1114,508093,
1157,13:00:26,4.56,0.01,1449,661163,
1158,13:00:21,4.55,-0.01,3046,1386112,
1159,13:00:16,4.56,0.01,3588,1636200,
1160,13:00:11,4.55,,32539,14805336,
1161,13:00:06,4.55,,42639,19400908,
1162,13:00:01,4.55,0.01,254,115606,
1163,11:30:02,4.54,,258,117531,
1164,11:29:57,4.54,-0.01,1415,642428,
1165,11:29:52,4.55,0.01,1852,842732,
1166,11:29:47,4.54,,467,212399,
1167,11:29:42,4.54,,6558,2977658,
1168,11:29:37,4.54,,1992,904368,
1169,11:29:32,4.54,0.01,1337,607125,
1170,11:29:27,4.53,,1267,574041,
1171,11:29:22,4.53,,3556,1611230,
1172,11:29:17,4.53,,7654,3467298,
1173,11:29:12,4.53,,1201,544469,
1174,11:29:07,4.53,,1004,454884,
1175,11:29:02,4.53,,713,323405,
1176,11:28:57,4.53,,399,180765,
1177,11:28:52,4.53,,5091,2306603,
1178,11:28:47,4.53,,6084,2756124,
1179,11:28:37,4.53,0.01,1240,562154,
1180,11:28:32,4.52,,2655,1200078,
1181,11:28:22,4.52,,1574,711484,
1182,11:28:17,4.52,,643,291015,
1183,11:28:12,4.52,,627,283494,
1184,11:28:07,4.52,,1995,901975,
1185,11:28:02,4.52,,816,368831,
1186,11:27:57,4.52,,1168,528369,
1187,11:27:47,4.52,-0.01,1118,505516,
1188,11:27:42,4.53,,1331,603323,
1189,11:27:37,4.53,,267,121041,
1190,11:27:32,4.53,,348,158006,
1191,11:27:27,4.53,,1203,545049,
1192,11:27:22,4.53,0.01,217,98717,
1193,11:27:17,4.52,-0.01,1053,476010,
1194,11:27:12,4.53,0.01,1510,684211,
1195,11:27:07,4.52,,1509,682122,
1196,11:27:02,4.52,-0.01,3625,1638626,
1197,11:26:57,4.53,0.01,699,316737,
1198,11:26:52,4.52,,757,342362,
1199,11:26:47,4.52,-0.01,3174,1434684,
1200,11:26:42,4.53,0.01,658,298472,
1201,11:26:37,4.52,,432,195263,
1202,11:26:32,4.52,,5626,2543349,
1203,11:26:27,4.52,,862,389660,
1204,11:26:22,4.52,,1105,499875,
1205,11:26:17,4.52,,526,237788,
1206,11:26:12,4.52,,985,445635,
1207,11:26:07,4.52,0.01,1849,835874,
1208,11:25:57,4.51,-0.01,741,334533,
1209,11:25:57,4.52,,466,210740,
1210,11:25:52,4.52,,698,315893,
1211,11:25:47,4.52,,665,300995,
1212,11:25:42,4.52,0.01,515,232870,
1213,11:25:37,4.51,,4678,2110102,
1214,11:25:32,4.51,-0.01,794,358202,
1215,11:25:27,4.52,,241,109347,
1216,11:25:17,4.52,0.01,439,198446,
1217,11:25:17,4.51,,1324,597484,
1218,11:25:12,4.51,,1384,624184,
1219,11:25:07,4.51,,612,276084,
1220,11:25:02,4.51,,302,136238,
1221,11:24:57,4.51,,5388,2430348,
1222,11:24:52,4.51,,824,372056,
1223,11:24:47,4.51,,2828,1275500,
1224,11:24:42,4.51,,3001,1353865,
1225,11:24:37,4.51,,792,357192,
1226,11:24:32,4.51,,8883,4006323,
1227,11:24:27,4.51,,1408,635008,
1228,11:24:22,4.51,,2281,1029145,
1229,11:24:17,4.51,,2280,1028712,
1230,11:24:12,4.51,-0.01,1856,837488,
1231,11:24:07,4.52,,1841,832547,
1232,11:24:02,4.52,0.01,1405,635114,
1233,11:23:57,4.51,,461,207965,
1234,11:23:52,4.51,,821,370613,
1235,11:23:47,4.51,-0.01,595,268435,
1236,11:23:42,4.52,,699,316327,
1237,11:23:37,4.52,,1278,577692,
1238,11:23:32,4.52,,1078,487292,
1239,11:23:27,4.52,0.01,344,155921,
1240,11:23:22,4.51,-0.01,1825,823489,
1241,11:23:17,4.52,,4565,2063434,
1242,11:23:12,4.52,,880,397759,
1243,11:23:07,4.52,,291,131911,
1244,11:23:02,4.52,,2268,1025208,
1245,11:22:52,4.52,,9976,4509585,
1246,11:22:52,4.52,,955,432039,
1247,11:22:41,4.52,,912,412223,
1248,11:22:41,4.52,,1907,862054,
1249,11:22:36,4.52,-0.01,568,256735,
1250,11:22:31,4.53,0.01,2090,947168,
1251,11:22:26,4.52,,622,281180,
1252,11:22:21,4.52,,2676,1209913,
1253,11:22:16,4.52,,431,194830,
1254,11:22:11,4.52,,1279,578126,
1255,11:22:06,4.52,-0.01,416,188031,
1256,11:22:01,4.53,0.01,2160,978480,
1257,11:21:56,4.52,-0.01,695,314158,
1258,11:21:51,4.53,,680,308474,
1259,11:21:46,4.53,,1495,677253,
1260,11:21:41,4.53,,1279,579405,
1261,11:21:36,4.53,,818,370952,
1262,11:21:26,4.53,,1535,695373,
1263,11:21:26,4.53,0.01,3039,1376685,
1264,11:21:21,4.52,-0.01,756,341784,
1265,11:21:16,4.53,,1989,901361,
1266,11:21:11,4.53,,902,408642,
1267,11:21:01,4.53,,1718,778290,
1268,11:21:01,4.53,,747,338771,
1269,11:20:56,4.53,,1159,525045,
1270,11:20:51,4.53,,851,385593,
1271,11:20:46,4.53,,6002,2719304,
1272,11:20:41,4.53,0.01,3638,1648050,
1273,11:20:36,4.52,-0.01,2485,1123563,
1274,11:20:31,4.53,,1588,719436,
1275,11:20:26,4.53,0.01,840,380954,
1276,11:20:21,4.52,-0.01,1671,755310,
1277,11:20:16,4.53,,2293,1038783,
1278,11:20:11,4.53,,1268,574766,
1279,11:20:06,4.53,,3149,1426551,
1280,11:20:01,4.53,,839,380085,
1281,11:19:56,4.53,,2668,1208966,
1282,11:19:51,4.53,,1925,872079,
1283,11:19:46,4.53,0.01,1702,771042,
1284,11:19:41,4.52,-0.01,1365,617323,
1285,11:19:36,4.53,0.01,4438,2010450,
1286,11:19:26,4.52,,1872,846143,
1287,11:19:21,4.52,,1916,866104,
1288,11:19:16,4.52,-0.01,4743,2143998,
1289,11:19:06,4.53,,2936,1330442,
1290,11:19:01,4.53,,3634,1646310,
1291,11:18:51,4.53,,4697,2128157,
1292,11:18:46,4.53,,10801,4893269,
1293,11:18:41,4.53,-0.01,13184,5972352,
1294,11:18:31,4.54,,3735,1695708,
1295,11:18:26,4.54,0.01,11545,5241847,
1296,11:18:16,4.53,-0.01,2972,1346388,
1297,11:18:11,4.54,0.01,4019,1825007,
1298,11:18:06,4.53,-0.02,9902,4485932,
1299,11:17:56,4.55,0.01,1949,886995,
1300,11:17:51,4.54,,2938,1334251,
1301,11:17:46,4.54,,5892,2675040,
1302,11:17:41,4.54,,8624,3915731,
1303,11:17:36,4.54,,7505,3407687,
1304,11:17:31,4.54,,1117,507172,
1305,11:17:26,4.54,,1309,594631,
1306,11:17:16,4.54,0.02,5066,2300072,
1307,11:17:16,4.52,-0.01,12610,5700117,
1308,11:17:11,4.53,,1958,887010,
1309,11:17:06,4.53,,1256,569402,
1310,11:17:01,4.53,0.01,10691,4843403,
1311,11:16:56,4.52,,1459,659558,
1312,11:16:51,4.52,,4092,1849945,
1313,11:16:46,4.52,,483,218406,
1314,11:16:41,4.52,,2717,1228427,
1315,11:16:36,4.52,,1696,766591,
1316,11:16:31,4.52,0.01,1562,706132,
1317,11:16:26,4.51,-0.01,3623,1633991,
1318,11:16:21,4.52,,1033,467331,
1319,11:16:16,4.52,,1897,857570,
1320,11:16:11,4.52,0.01,1723,778886,
1321,11:16:06,4.51,-0.01,2087,941255,
1322,11:16:01,4.52,0.01,2170,981237,
1323,11:15:56,4.51,-0.01,2756,1243028,
1324,11:15:51,4.52,0.01,2598,1174621,
1325,11:15:46,4.51,,555,250395,
1326,11:15:41,4.51,-0.01,770,347666,
1327,11:15:36,4.52,0.01,1016,459231,
1328,11:15:31,4.51,,1151,519119,
1329,11:15:26,4.51,,4720,2129152,
1330,11:15:21,4.51,-0.01,1232,555632,
1331,11:15:15,4.52,0.01,571,258182,
1332,11:15:10,4.51,,774,349398,
1333,11:15:05,4.51,,1411,636595,
1334,11:15:00,4.51,,886,399622,
1335,11:14:55,4.51,0.01,1808,815408,
1336,11:14:50,4.5,-0.01,3512,1580688,
1337,11:14:45,4.51,,1780,803140,
1338,11:14:40,4.51,,1607,724775,
1339,11:14:35,4.51,,2252,1015868,
1340,11:14:25,4.51,0.01,2267,1022507,
1341,11:14:20,4.5,,6692,3011760,
1342,11:14:20,4.5,-0.01,1880,846000,
1343,11:14:15,4.51,,2070,933606,
1344,11:14:10,4.51,,693,312597,
1345,11:14:05,4.51,0.01,1247,562415,
1346,11:14:00,4.5,,3289,1480464,
1347,11:13:55,4.5,,5664,2548800,
1348,11:13:50,4.5,,1849,832464,
1349,11:13:45,4.5,,1400,630432,
1350,11:13:40,4.5,,653,293904,
1351,11:13:35,4.5,,1158,521136,
1352,11:13:30,4.5,-0.01,595,268128,
1353,11:13:25,4.51,,2020,911092,
1354,11:13:20,4.51,,2254,1016878,
1355,11:13:15,4.51,0.01,663,299031,
1356,11:13:10,4.5,-0.01,1893,851904,
1357,11:13:05,4.51,0.01,3245,1463549,
1358,11:13:00,4.5,,3381,1521792,
1359,11:12:55,4.5,,680,306432,
1360,11:12:50,4.5,,530,238608,
1361,11:12:45,4.5,,615,276768,
1362,11:12:40,4.5,-0.01,681,306864,
1363,11:12:35,4.51,0.01,1209,545673,
1364,11:12:30,4.5,,1544,695232,
1365,11:12:25,4.5,,1348,606672,
1366,11:12:20,4.5,,1203,541728,
1367,11:12:15,4.5,,3488,1569600,
1368,11:12:10,4.5,,6616,2977200,
1369,11:12:05,4.5,,1941,873504,
1370,11:12:00,4.5,,1568,705600,
1371,11:11:55,4.5,,1505,677664,
1372,11:11:50,4.5,,1346,606096,
1373,11:11:45,4.5,,1866,839808,
1374,11:11:40,4.5,-0.01,4192,1886832,
1375,11:11:35,4.51,,7528,3395128,
1376,11:11:30,4.51,,7676,3462236,
1377,11:11:25,4.51,,4437,2001141,
1378,11:11:20,4.51,,3190,1438726,
1379,11:11:15,4.51,,1918,865054,
1380,11:11:10,4.51,,2118,955542,
1381,11:11:05,4.51,-0.01,6738,3038946,
1382,11:10:55,4.52,,4287,1937742,
1383,11:10:55,4.52,,5621,2540746,
1384,11:10:50,4.52,,11759,5315086,
1385,11:10:45,4.52,,7912,3576657,
1386,11:10:40,4.52,,6920,3128273,
1387,11:10:35,4.52,-0.01,3751,1695470,
1388,11:10:30,4.53,,5924,2683934,
1389,11:10:25,4.53,,11328,5131584,
1390,11:10:20,4.53,,6981,3162447,
1391,11:10:15,4.53,,4072,1844616,
1392,11:10:10,4.53,,5927,2684949,
1393,11:10:05,4.53,,3672,1663416,
1394,11:10:00,4.53,0.01,2506,1135616,
1395,11:09:55,4.52,,5058,2286469,
1396,11:09:44,4.52,,2566,1160085,
1397,11:09:39,4.52,,6718,3036572,
1398,11:09:34,4.52,,5598,2530621,
1399,11:09:29,4.52,,3499,1581566,
1400,11:09:19,4.52,0.01,2046,925189,
1401,11:09:19,4.51,-0.01,903,407271,
1402,11:09:14,4.52,,4835,2185438,
1403,11:09:09,4.52,0.01,2093,946234,
1404,11:09:04,4.51,,7915,3569683,
1405,11:08:59,4.51,,2448,1104048,
1406,11:08:54,4.51,0.01,1204,543004,
1407,11:08:49,4.5,,2524,1135800,
1408,11:08:44,4.5,,8532,3839616,
1409,11:08:39,4.5,,18296,8233200,
1410,11:08:29,4.5,,6336,2851200,
1411,11:08:29,4.5,0.01,1954,879336,
1412,11:08:24,4.49,-0.01,3574,1605121,
1413,11:08:19,4.5,,4556,2050200,
1414,11:08:14,4.5,0.01,2903,1306368,
1415,11:08:09,4.49,-0.01,2307,1035860,
1416,11:08:04,4.5,0.01,781,351864,
1417,11:07:58,4.49,,259,116308,
1418,11:07:53,4.49,-0.01,2079,933560,
1419,11:07:48,4.5,0.01,3934,1770336,
1420,11:07:43,4.49,,5140,2307860,
1421,11:07:38,4.49,,3593,1613454,
1422,11:07:33,4.49,0.01,3685,1654618,
1423,11:07:28,4.48,,1410,632074,
1424,11:07:23,4.48,,2578,1154979,
1425,11:07:18,4.48,,631,282705,
1426,11:07:13,4.48,0.01,5707,2557040,
1427,11:07:08,4.47,,2470,1104125,
1428,11:07:03,4.47,-0.01,4904,2192088,
1429,11:06:58,4.48,,955,427857,
1430,11:06:53,4.48,0.01,3544,1588142,
1431,11:06:48,4.47,-0.01,1107,494846,
1432,11:06:43,4.48,0.01,981,439900,
1433,11:06:38,4.47,,844,377697,
1434,11:06:33,4.47,-0.01,352,157344,
1435,11:06:28,4.48,,5444,2438912,
1436,11:06:23,4.48,0.01,948,424704,
1437,11:06:18,4.47,-0.01,580,259260,
1438,11:06:13,4.48,0.01,225,100853,
1439,11:06:08,4.47,,505,226146,
1440,11:06:03,4.47,,240,107280,
1441,11:05:58,4.47,0.01,3714,1660265,
1442,11:05:53,4.46,-0.01,9214,4109836,
1443,11:05:48,4.47,,2755,1231502,
1444,11:05:43,4.47,0.01,247,110426,
1445,11:05:38,4.46,,736,328684,
1446,11:05:33,4.46,,2410,1074895,
1447,11:05:28,4.46,-0.01,412,183752,
1448,11:05:23,4.47,0.01,260,116220,
1449,11:05:18,4.46,,749,334464,
1450,11:05:13,4.46,-0.01,288,128448,
1451,11:05:08,4.47,,588,262836,
1452,11:05:03,4.47,0.01,783,350018,
1453,11:04:58,4.46,-0.01,2725,1215760,
1454,11:04:53,4.47,,1483,663133,
1455,11:04:48,4.47,,935,417962,
1456,11:04:43,4.47,,2048,915885,
1457,11:04:38,4.47,,274,122513,
1458,11:04:33,4.47,,325,145686,
1459,11:04:28,4.47,0.01,944,421968,
1460,11:04:23,4.46,-0.01,1779,793808,
1461,11:04:18,4.47,,1041,465452,
1462,11:04:14,4.47,,2888,1290936,
1463,11:04:09,4.47,-0.01,950,425043,
1464,11:04:04,4.48,0.01,5335,2390097,
1465,11:03:59,4.47,-0.01,1804,806388,
1466,11:03:54,4.48,0.01,5492,2460846,
1467,11:03:49,4.47,,2165,967808,
1468,11:03:44,4.47,,4404,1968588,
1469,11:03:39,4.47,,1073,480042,
1470,11:03:34,4.47,-0.01,1920,858669,
1471,11:03:29,4.48,0.01,1348,603904,
1472,11:03:24,4.47,-0.01,1023,457298,
1473,11:03:19,4.48,0.01,3158,1414819,
1474,11:03:14,4.47,,728,325845,
1475,11:03:09,4.47,-0.01,660,295020,
1476,11:03:04,4.48,,631,282705,
1477,11:02:59,4.48,0.01,1116,499968,
1478,11:02:54,4.47,,948,423756,
1479,11:02:49,4.47,,1276,570372,
1480,11:02:44,4.47,,252,112644,
1481,11:02:34,4.47,,7638,3414579,
1482,11:02:34,4.47,,4132,1847004,
1483,11:02:29,4.47,0.01,1098,490841,
1484,11:02:24,4.46,,409,182824,
1485,11:02:19,4.46,,1434,639599,
1486,11:02:09,4.46,-0.01,2237,998112,
1487,11:02:09,4.47,0.02,3146,1406297,
1488,11:02:04,4.45,,1129,502814,
1489,11:01:59,4.45,,2422,1077825,
1490,11:01:54,4.45,,775,344892,
1491,11:01:49,4.45,,1377,613103,
1492,11:01:44,4.45,0.01,1999,889572,
1493,11:01:39,4.44,-0.01,4625,2053908,
1494,11:01:34,4.45,0.01,570,253685,
1495,11:01:29,4.44,-0.01,796,353424,
1496,11:01:24,4.45,,1020,454327,
1497,11:01:19,4.45,,592,263867,
1498,11:01:14,4.45,,348,154860,
1499,11:01:04,4.45,,356,158847,
1500,11:01:04,4.45,,169,75258,
1501,11:00:59,4.45,,386,172161,
1502,11:00:54,4.45,0.01,386,171805,
1503,11:00:49,4.44,,644,286362,
1504,11:00:44,4.44,-0.01,1271,564341,
1505,11:00:39,4.45,0.01,325,145034,
1506,11:00:34,4.44,,173,76865,
1507,11:00:29,4.44,-0.01,4972,2207994,
1508,11:00:23,4.45,,2403,1069352,
1509,11:00:18,4.45,0.01,640,284800,
1510,11:00:13,4.44,,1652,733488,
1511,11:00:03,4.44,,837,372036,
1512,10:59:58,4.44,,1698,753947,
1513,10:59:48,4.44,,522,232158,
1514,10:59:43,4.44,,1368,607392,
1515,10:59:38,4.44,,1536,682126,
1516,10:59:33,4.44,0.01,5143,2283509,
1517,10:59:28,4.43,-0.01,569,252474,
1518,10:59:23,4.44,,1472,653639,
1519,10:59:18,4.44,,1444,641562,
1520,10:59:08,4.44,,191,84821,
1521,10:59:03,4.44,-0.01,651,289416,
1522,10:58:58,4.45,0.01,878,390745,
1523,10:58:53,4.44,,2497,1108721,
1524,10:58:43,4.44,,565,250984,
1525,10:58:38,4.44,-0.01,202,89723,
1526,10:58:33,4.45,0.01,1208,537560,
1527,10:58:28,4.44,,1979,878693,
1528,10:58:23,4.44,,90,40350,
1529,10:58:18,4.44,,1755,779237,
1530,10:58:13,4.44,,748,332538,
1531,10:58:08,4.44,0.01,6185,2746477,
1532,10:58:03,4.43,,900,398912,
1533,10:57:58,4.43,,949,420814,
1534,10:57:53,4.43,,656,290608,
1535,10:57:48,4.43,-0.01,1156,512533,
1536,10:57:43,4.44,0.01,323,143429,
1537,10:57:33,4.43,,551,244110,
1538,10:57:33,4.43,,112,49616,
1539,10:57:28,4.43,,460,204205,
1540,10:57:23,4.43,-0.01,220,97460,
1541,10:57:18,4.44,0.01,3210,1425275,
1542,10:57:13,4.43,-0.01,69,30974,
1543,10:57:08,4.44,,522,231803,
1544,10:57:03,4.44,,145,64788,
1545,10:56:58,4.44,,510,226475,
1546,10:56:53,4.44,,463,205589,
1547,10:56:48,4.44,,222,98958,
1548,10:56:43,4.44,,288,127872,
1549,10:56:38,4.44,,375,166588,
1550,10:56:33,4.44,-0.01,492,218874,
1551,10:56:23,4.45,,1083,481952,
1552,10:56:23,4.45,0.01,283,125952,
1553,10:56:18,4.44,,780,346320,
1554,10:56:13,4.44,-0.01,780,346746,
1555,10:56:08,4.45,,311,138768,
1556,10:56:03,4.45,0.01,892,397367,
1557,10:55:58,4.44,-0.01,1254,556811,
1558,10:55:53,4.45,,308,137487,
1559,10:55:48,4.45,,323,143752,
1560,10:55:38,4.45,,366,163261,
1561,10:55:38,4.45,,1376,612320,
1562,10:55:33,4.45,,96,42862,
1563,10:55:28,4.45,,243,108508,
1564,10:55:23,4.45,,788,350731,
1565,10:55:13,4.45,0.01,646,287790,
1566,10:55:13,4.44,,531,235781,
1567,10:55:08,4.44,-0.01,2635,1169957,
1568,10:55:03,4.45,,82,36881,
1569,10:54:58,4.45,,508,226131,
1570,10:54:53,4.45,0.01,338,150801,
1571,10:54:48,4.44,-0.01,1501,666497,
1572,10:54:43,4.45,,397,176860,
1573,10:54:38,4.45,0.01,1152,513067,
1574,10:54:33,4.44,-0.01,534,237131,
1575,10:54:28,4.45,0.01,405,180634,
1576,10:54:23,4.44,,331,146981,
1577,10:54:18,4.44,-0.01,405,180228,
1578,10:54:13,4.45,0.01,423,188252,
1579,10:54:08,4.44,-0.01,992,440874,
1580,10:54:03,4.45,,1310,582985,
1581,10:53:58,4.45,,995,442792,
1582,10:53:53,4.45,-0.01,902,401781,
1583,10:53:48,4.46,0.01,1111,495523,
1584,10:53:43,4.45,-0.01,930,413885,
1585,10:53:38,4.46,,433,193528,
1586,10:53:33,4.46,,199,88771,
1587,10:53:28,4.46,,4929,2198744,
1588,10:53:23,4.46,,3975,1772939,
1589,10:53:13,4.46,-0.01,10236,4565470,
1590,10:53:13,4.47,0.01,704,314688,
1591,10:53:03,4.46,-0.01,1147,511579,
1592,10:53:03,4.47,0.01,423,189098,
1593,10:52:57,4.46,,768,342528,
1594,10:52:52,4.46,,1433,639314,
1595,10:52:47,4.46,0.01,1488,663648,
1596,10:52:42,4.45,,5875,2614392,
1597,10:52:37,4.45,,729,324814,
1598,10:52:32,4.45,,527,234532,
1599,10:52:27,4.45,,304,135707,
1600,10:52:17,4.45,,618,275045,
1601,10:52:17,4.45,,1265,563334,
1602,10:52:12,4.45,,674,299965,
1603,10:52:07,4.45,,2054,914421,
1604,10:52:02,4.45,0.01,5164,2298407,
1605,10:51:57,4.44,,2467,1095365,
1606,10:51:52,4.44,-0.01,4030,1789710,
1607,10:51:47,4.45,0.01,252,112140,
1608,10:51:42,4.44,-0.01,4490,1993595,
1609,10:51:37,4.45,0.01,109,48914,
1610,10:51:32,4.44,,126,55979,
1611,10:51:27,4.44,,7410,3290217,
1612,10:51:17,4.44,,1261,560150,
1613,10:51:07,4.44,,208,92352,
1614,10:51:07,4.44,0.01,720,319680,
1615,10:50:57,4.43,,152,67761,
1616,10:50:52,4.43,,955,423082,
1617,10:50:42,4.43,-0.01,2036,902373,
1618,10:50:32,4.44,0.01,372,165594,
1619,10:50:27,4.43,,150,66485,
1620,10:50:22,4.43,,271,120070,
1621,10:50:17,4.43,,336,149273,
1622,10:50:12,4.43,0.01,4216,1867687,
1623,10:50:07,4.42,-0.01,195,86207,
1624,10:50:02,4.43,,320,142185,
1625,10:49:57,4.43,0.01,313,139066,
1626,10:49:52,4.42,,743,328423,
1627,10:49:47,4.42,,324,143632,
1628,10:49:42,4.42,-0.01,547,241791,
1629,10:49:37,4.43,0.01,192,85481,
1630,10:49:32,4.42,-0.01,163,72417,
1631,10:49:27,4.43,0.01,9416,4171713,
1632,10:49:22,4.42,,184,81328,
1633,10:49:17,4.42,,1507,666111,
1634,10:49:12,4.42,-0.01,396,175456,
1635,10:49:07,4.43,0.01,172,76196,
1636,10:49:02,4.42,,600,265624,
1637,10:48:57,4.42,,197,87127,
1638,10:48:52,4.42,,748,330616,
1639,10:48:47,4.42,,928,410176,
1640,10:48:37,4.42,,2471,1092553,
1641,10:48:37,4.42,,503,222343,
1642,10:48:32,4.42,,714,315976,
1643,10:48:27,4.42,,371,163999,
1644,10:48:22,4.42,0.01,2014,890223,
1645,10:48:17,4.41,-0.01,872,384975,
1646,10:48:12,4.42,,1587,701471,
1647,10:48:07,4.42,,444,196248,
1648,10:48:02,4.42,0.01,480,212584,
1649,10:47:57,4.41,-0.01,915,403532,
1650,10:47:52,4.42,,932,411944,
1651,10:47:47,4.42,,460,203744,
1652,10:47:42,4.42,,774,342143,
1653,10:47:37,4.42,,1058,468024,
1654,10:47:32,4.42,,501,221495,
1655,10:47:27,4.42,,444,196672,
1656,10:47:22,4.42,,1069,472904,
1657,10:47:17,4.42,,136,60536,
1658,10:47:12,4.42,,2008,887536,
1659,10:47:07,4.42,,1598,706351,
1660,10:47:02,4.42,0.01,6711,2966279,
1661,10:46:57,4.41,-0.01,609,268974,
1662,10:46:52,4.42,,248,110040,
1663,10:46:47,4.42,0.01,412,182174,
1664,10:46:42,4.41,,550,242938,
1665,10:46:37,4.41,,311,137168,
1666,10:46:32,4.41,-0.01,434,191429,
1667,10:46:27,4.42,,1240,548080,
1668,10:46:22,4.42,,944,417248,
1669,10:46:17,4.42,,1441,637328,
1670,10:46:12,4.42,,2772,1225224,
1671,10:46:07,4.42,,476,210816,
1672,10:46:02,4.42,0.01,1931,853519,
1673,10:45:57,4.41,-0.01,468,206388,
1674,10:45:52,4.42,0.01,272,120648,
1675,10:45:47,4.41,,868,382788,
1676,10:45:42,4.41,,865,381517,
1677,10:45:36,4.41,,992,437472,
1678,10:45:31,4.41,-0.01,411,181621,
1679,10:45:26,4.42,0.01,416,183872,
1680,10:45:21,4.41,,676,298186,
1681,10:45:16,4.41,,1029,454194,
1682,10:45:11,4.41,,996,439659,
1683,10:45:06,4.41,,651,287108,
1684,10:45:01,4.41,,564,249147,
1685,10:44:56,4.41,,1055,465272,
1686,10:44:51,4.41,-0.01,1600,705600,
1687,10:44:46,4.42,0.01,520,229840,
1688,10:44:41,4.41,-0.01,375,165392,
1689,10:44:36,4.42,,633,280192,
1690,10:44:31,4.42,,272,120648,
1691,10:44:26,4.42,0.01,586,259047,
1692,10:44:21,4.41,-0.01,1138,501893,
1693,10:44:16,4.42,0.01,288,127720,
1694,10:44:11,4.41,,945,417150,
1695,10:44:06,4.41,,1262,556577,
1696,10:44:01,4.41,-0.01,1040,459063,
1697,10:43:56,4.42,0.01,456,201976,
1698,10:43:51,4.41,,747,329444,
1699,10:43:46,4.41,-0.01,898,396053,
1700,10:43:41,4.42,,822,363712,
1701,10:43:36,4.42,,426,188327,
1702,10:43:31,4.42,,1696,749632,
1703,10:43:26,4.42,,6866,3035160,
1704,10:43:16,4.42,,891,393839,
1705,10:43:11,4.42,,425,187903,
1706,10:42:56,4.42,-0.01,2652,1172608,
1707,10:42:56,4.43,0.01,2227,986578,
1708,10:42:51,4.42,,1384,612152,
1709,10:42:46,4.42,,441,195328,
1710,10:42:41,4.42,-0.01,315,139247,
1711,10:42:36,4.43,,1200,532025,
1712,10:42:31,4.43,0.01,178,78889,
1713,10:42:26,4.42,,333,147592,
1714,10:42:21,4.42,,847,374391,
1715,10:42:16,4.42,-0.01,979,432735,
1716,10:42:11,4.43,,553,245386,
1717,10:42:06,4.43,0.01,647,286638,
1718,10:42:01,4.42,,526,232527,
1719,10:41:56,4.42,,492,217888,
1720,10:41:51,4.42,,1696,749632,
1721,10:41:46,4.42,,2622,1159312,
1722,10:41:41,4.42,,667,294831,
1723,10:41:36,4.42,,1289,569791,
1724,10:41:31,4.42,,1929,853024,
1725,10:41:21,4.42,,996,440656,
1726,10:41:21,4.42,0.01,1324,585208,
1727,10:41:16,4.41,-0.01,1218,537173,
1728,10:41:11,4.42,,1104,488392,
1729,10:41:06,4.42,0.01,2948,1303228,
1730,10:40:56,4.41,-0.01,1072,472752,
1731,10:40:56,4.42,,3379,1493535,
1732,10:40:51,4.42,,1383,611303,
1733,10:40:41,4.42,,1484,656352,
1734,10:40:41,4.42,,2612,1154504,
1735,10:40:36,4.42,0.01,463,204663,
1736,10:40:31,4.41,-0.01,1332,587835,
1737,10:40:21,4.42,,3051,1348559,
1738,10:40:21,4.42,0.01,1512,668304,
1739,10:40:16,4.41,,2564,1130724,
1740,10:40:11,4.41,,948,418068,
1741,10:40:06,4.41,,615,271444,
1742,10:40:01,4.41,0.01,6773,2987298,
1743,10:39:51,4.4,-0.01,3388,1490720,
1744,10:39:51,4.41,0.01,1619,713996,
1745,10:39:46,4.4,,5595,2461817,
1746,10:39:41,4.4,,2733,1202924,
1747,10:39:36,4.4,-0.01,2190,963635,
1748,10:39:31,4.41,0.01,2060,908883,
1749,10:39:26,4.4,-0.01,3373,1484524,
1750,10:39:21,4.41,0.01,2725,1201777,
1751,10:39:11,4.4,,7094,3121747,
1752,10:39:11,4.4,,7124,3134560,
1753,10:39:06,4.4,-0.01,1707,751097,
1754,10:39:01,4.41,,4470,1971305,
1755,10:38:56,4.41,0.01,2420,1067643,
1756,10:38:46,4.4,-0.01,1913,842124,
1757,10:38:46,4.41,0.01,8819,3889196,
1758,10:38:41,4.4,-0.01,748,329542,
1759,10:38:36,4.41,,1830,807065,
1760,10:38:26,4.41,,1036,456876,
1761,10:38:26,4.41,,5140,2267163,
1762,10:38:21,4.41,,2132,940635,
1763,10:38:16,4.41,,8597,3791329,
1764,10:38:11,4.41,,11765,5188770,
1765,10:38:05,4.41,,2228,982971,
1766,10:38:00,4.41,-0.01,358,157913,
1767,10:37:55,4.42,,248,110040,
1768,10:37:45,4.42,,1088,480896,
1769,10:37:45,4.42,,17616,7786272,
1770,10:37:40,4.42,,7388,3265496,
1771,10:37:35,4.42,,9518,4206991,
1772,10:37:25,4.42,,10694,4727136,
1773,10:37:25,4.42,,1539,680255,
1774,10:37:20,4.42,,1808,799136,
1775,10:37:15,4.42,,3228,1426776,
1776,10:37:10,4.42,,1486,656847,
1777,10:37:05,4.42,,2024,895032,
1778,10:37:00,4.42,,776,343416,
1779,10:36:55,4.42,,1328,586976,
1780,10:36:45,4.42,-0.01,111,49079,
1781,10:36:40,4.43,0.01,775,343342,
1782,10:36:30,4.42,-0.02,11097,4904997,
1783,10:36:25,4.44,0.01,4218,1872827,
1784,10:36:15,4.43,,2112,935615,
1785,10:36:10,4.43,,5202,2304875,
1786,10:36:00,4.43,,951,421310,
1787,10:35:55,4.43,,2167,959998,
1788,10:35:45,4.43,,1139,504594,
1789,10:35:40,4.43,,565,250702,
1790,10:35:35,4.43,-0.01,1302,576821,
1791,10:35:30,4.44,0.01,808,358752,
1792,10:35:25,4.43,-0.01,792,350856,
1793,10:35:20,4.44,0.01,794,352926,
1794,10:35:15,4.43,,1429,633312,
1795,10:35:10,4.43,,452,200661,
1796,10:35:00,4.43,,784,347312,
1797,10:35:00,4.43,,9619,4261305,
1798,10:34:55,4.43,,1708,757069,
1799,10:34:50,4.43,-0.01,4536,2009447,
1800,10:34:45,4.44,0.01,613,272580,
1801,10:34:40,4.43,-0.01,1116,494387,
1802,10:34:35,4.44,,580,257520,
1803,10:34:30,4.44,,815,361877,
1804,10:34:25,4.44,0.01,138,61307,
1805,10:34:20,4.43,-0.01,861,381830,
1806,10:34:10,4.44,,170,75515,
1807,10:34:10,4.44,,785,348948,
1808,10:34:05,4.44,0.01,496,220224,
1809,10:34:00,4.43,,335,148422,
1810,10:33:55,4.43,,896,397353,
1811,10:33:45,4.43,,608,269344,
1812,10:33:45,4.43,-0.01,1506,667193,
1813,10:33:40,4.44,0.01,3112,1382154,
1814,10:33:30,4.43,-0.01,2076,920093,
1815,10:33:30,4.44,,2430,1078955,
1816,10:33:25,4.44,0.01,677,300641,
1817,10:33:20,4.43,,746,330867,
1818,10:33:15,4.43,-0.01,4364,1933251,
1819,10:33:10,4.44,0.01,448,198912,
1820,10:33:05,4.43,-0.01,225,99728,
1821,10:33:00,4.44,0.01,1217,540756,
1822,10:32:55,4.43,-0.01,636,282173,
1823,10:32:50,4.44,,343,152309,
1824,10:32:45,4.44,,1327,589205,
1825,10:32:40,4.44,,872,387594,
1826,10:32:35,4.44,,823,365429,
1827,10:32:30,4.44,0.01,799,354773,
1828,10:32:25,4.43,-0.01,82,36715,
1829,10:32:20,4.44,,748,332112,
1830,10:32:15,4.44,,1005,446273,
1831,10:32:10,4.44,,204,90576,
1832,10:32:05,4.44,,360,159840,
1833,10:32:00,4.44,,85,38148,
1834,10:31:50,4.44,,460,204666,
1835,10:31:50,4.44,,257,114161,
1836,10:31:45,4.44,,296,131850,
1837,10:31:35,4.44,-0.01,2664,1183242,
1838,10:31:35,4.45,0.01,1327,590532,
1839,10:31:30,4.44,,1075,477317,
1840,10:31:20,4.44,-0.01,2005,890628,
1841,10:31:20,4.45,,419,186472,
1842,10:31:15,4.45,,1057,470774,
1843,10:31:10,4.45,0.01,732,325740,
1844,10:31:05,4.44,,500,222000,
1845,10:31:00,4.44,,521,231377,
1846,10:30:55,4.44,,1730,768510,
1847,10:30:50,4.44,-0.01,190,84395,
1848,10:30:44,4.45,,305,136134,
1849,10:30:39,4.45,,1738,773445,
1850,10:30:34,4.45,0.01,400,178427,
1851,10:30:29,4.44,,454,201611,
1852,10:30:24,4.44,,316,140730,
1853,10:30:19,4.44,-0.01,2708,1202352,
1854,10:30:14,4.45,,781,347954,
1855,10:30:09,4.45,,1094,486865,
1856,10:30:04,4.45,,1240,551800,
1857,10:29:59,4.45,,168,74760,
1858,10:29:54,4.45,0.01,181,80954,
1859,10:29:49,4.44,-0.01,752,333888,
1860,10:29:44,4.45,,171,76112,
1861,10:29:39,4.45,0.01,95,42292,
1862,10:29:34,4.44,-0.01,192,85674,
1863,10:29:29,4.45,0.01,430,191385,
1864,10:29:19,4.44,,233,103860,
1865,10:29:19,4.44,-0.01,984,437322,
1866,10:29:14,4.45,0.01,555,246992,
1867,10:29:04,4.44,-0.01,1202,533723,
1868,10:28:54,4.45,0.01,368,163760,
1869,10:28:49,4.44,,312,138528,
1870,10:28:44,4.44,,381,169572,
1871,10:28:39,4.44,,368,163818,
1872,10:28:34,4.44,,3130,1389755,
1873,10:28:24,4.44,,609,270804,
1874,10:28:19,4.44,0.01,495,219797,
1875,10:28:14,4.43,-0.01,468,207749,
1876,10:28:09,4.44,,408,181152,
1877,10:27:59,4.44,0.01,1208,536352,
1878,10:27:59,4.43,,1403,621546,
1879,10:27:54,4.43,,762,337601,
1880,10:27:49,4.43,,2881,1276690,
1881,10:27:44,4.43,,728,322929,
1882,10:27:39,4.43,,954,422657,
1883,10:27:34,4.43,-0.01,644,285717,
1884,10:27:29,4.44,,1046,464672,
1885,10:27:24,4.44,0.01,4844,2150736,
1886,10:27:19,4.43,,2070,917399,
1887,10:27:14,4.43,,459,203354,
1888,10:27:09,4.43,,238,105469,
1889,10:27:04,4.43,-0.01,2311,1023790,
1890,10:26:59,4.44,,665,295668,
1891,10:26:54,4.44,,1572,697968,
1892,10:26:49,4.44,,718,318827,
1893,10:26:44,4.44,0.01,537,238836,
1894,10:26:39,4.43,,1035,458522,
1895,10:26:34,4.43,,319,141334,
1896,10:26:29,4.43,,835,369922,
1897,10:26:24,4.43,-0.01,1204,533797,
1898,10:26:19,4.44,0.01,1628,722832,
1899,10:26:14,4.43,-0.01,324,143532,
1900,10:26:09,4.44,,1241,551412,
1901,10:26:04,4.44,,279,123893,
1902,10:25:59,4.44,,928,412458,
1903,10:25:54,4.44,,105,46673,
1904,10:25:49,4.44,,604,268602,
1905,10:25:44,4.44,,1203,534149,
1906,10:25:34,4.44,,1156,513264,
1907,10:25:29,4.44,,1284,570522,
1908,10:25:29,4.44,,5328,2365632,
1909,10:25:24,4.44,,476,211344,
1910,10:25:19,4.44,,808,359178,
1911,10:25:14,4.44,,664,294816,
1912,10:25:09,4.44,-0.01,863,383189,
1913,10:25:04,4.45,,7936,3531947,
1914,10:24:59,4.45,0.01,992,441440,
1915,10:24:54,4.44,,227,100805,
1916,10:24:49,4.44,,876,388944,
1917,10:24:44,4.44,,633,281460,
1918,10:24:39,4.44,-0.01,956,424464,
1919,10:24:34,4.45,0.01,863,384052,
1920,10:24:29,4.44,,396,175824,
1921,10:24:24,4.44,-0.01,624,277056,
1922,10:24:19,4.45,0.01,282,125525,
1923,10:24:14,4.44,-0.01,370,164670,
1924,10:24:09,4.45,,307,136632,
1925,10:24:04,4.45,,322,143325,
1926,10:23:59,4.45,,1112,495267,
1927,10:23:54,4.45,,225,100534,
1928,10:23:49,4.45,,6240,2776800,
1929,10:23:44,4.45,,3896,1734147,
1930,10:23:39,4.45,,302,134425,
1931,10:23:34,4.45,,400,178427,
1932,10:23:29,4.45,,1232,548667,
1933,10:23:24,4.45,-0.01,1620,720900,
1934,10:23:19,4.46,,285,127163,
1935,10:23:13,4.46,,452,201592,
1936,10:23:08,4.46,0.01,861,384416,
1937,10:23:03,4.45,,1152,512640,
1938,10:22:58,4.45,-0.01,704,313280,
1939,10:22:53,4.46,0.01,850,379135,
1940,10:22:48,4.45,,347,154432,
1941,10:22:43,4.45,,277,123674,
1942,10:22:38,4.45,-0.01,357,159274,
1943,10:22:28,4.46,,298,132943,
1944,10:22:28,4.46,0.01,387,172619,
1945,10:22:23,4.45,,1259,560272,
1946,10:22:18,4.45,,388,173087,
1947,10:22:13,4.45,,1164,517980,
1948,10:22:08,4.45,,564,250980,
1949,10:22:03,4.45,,611,272126,
1950,10:21:58,4.45,-0.01,272,121467,
1951,10:21:48,4.46,,157,70432,
1952,10:21:48,4.46,0.01,387,172619,
1953,10:21:43,4.45,,251,111712,
1954,10:21:38,4.45,,151,67212,
1955,10:21:33,4.45,-0.01,554,246921,
1956,10:21:28,4.46,0.01,764,340744,
1957,10:21:23,4.45,-0.01,376,167320,
1958,10:21:18,4.46,,1063,474329,
1959,10:21:13,4.46,0.01,748,333608,
1960,10:21:08,4.45,-0.01,1737,773018,
1961,10:21:03,4.46,0.01,893,398688,
1962,10:20:53,4.45,,1411,627912,
1963,10:20:43,4.45,,3028,1347460,
1964,10:20:38,4.45,,327,145532,
1965,10:20:33,4.45,-0.01,1114,496121,
1966,10:20:28,4.46,0.01,1940,865240,
1967,10:20:23,4.45,,1343,597652,
1968,10:20:13,4.45,-0.01,232,103240,
1969,10:20:03,4.46,,1028,458916,
1970,10:20:03,4.46,,271,120883,
1971,10:19:53,4.46,0.01,954,425519,
1972,10:19:53,4.45,-0.01,1892,842367,
1973,10:19:48,4.46,0.01,504,225212,
1974,10:19:43,4.45,,932,415167,
1975,10:19:38,4.45,,650,289285,
1976,10:19:33,4.45,,303,134852,
1977,10:19:28,4.45,,1689,752014,
1978,10:19:23,4.45,0.01,2067,919832,
1979,10:19:18,4.44,-0.01,875,388517,
1980,10:19:13,4.45,,3740,1664300,
1981,10:19:08,4.45,,406,181061,
1982,10:19:03,4.45,,951,423212,
1983,10:18:58,4.45,,464,206907,
1984,10:18:53,4.45,0.01,1274,566965,
1985,10:18:48,4.44,,243,107909,
1986,10:18:43,4.44,-0.01,772,343194,
1987,10:18:38,4.45,0.01,1543,686652,
1988,10:18:33,4.44,-0.01,497,221076,
1989,10:18:28,4.45,,1832,815240,
1990,10:18:23,4.45,,314,139765,
1991,10:18:18,4.45,,112,49840,
1992,10:18:13,4.45,,1079,480528,
1993,10:18:08,4.45,,2268,1009687,
1994,10:18:03,4.45,,3393,1509938,
1995,10:17:58,4.45,-0.01,1614,718621,
1996,10:17:53,4.46,0.01,2606,1162311,
1997,10:17:48,4.45,-0.01,1367,608332,
1998,10:17:43,4.46,,1636,729656,
1999,10:17:38,4.46,0.01,1594,711316,
2000,10:17:28,4.45,,3677,1636532,
2001,10:17:28,4.45,,1368,609187,
2002,10:17:23,4.45,,490,218299,
2003,10:17:18,4.45,,314,139765,
2004,10:17:13,4.45,-0.01,1253,557994,
2005,10:17:08,4.46,-0.01,824,367932,
2006,10:17:03,4.47,0.01,7077,3163472,
2007,10:16:58,4.46,,1121,500376,
2008,10:16:53,4.46,0.01,863,384915,
2009,10:16:48,4.45,,6172,2746540,
2010,10:16:43,4.45,-0.01,680,302600,
2011,10:16:38,4.46,,1080,481680,
2012,10:16:33,4.46,,1349,602064,
2013,10:16:28,4.46,,673,300211,
2014,10:16:23,4.46,,1458,650303,
2015,10:16:18,4.46,,4962,2213444,
2016,10:16:13,4.46,,1468,654728,
2017,10:16:08,4.46,,2860,1275560,
2018,10:15:58,4.46,,598,266743,
2019,10:15:58,4.46,-0.01,3120,1391520,
2020,10:15:53,4.47,,1044,466668,
2021,10:15:47,4.47,,503,224858,
2022,10:15:42,4.47,,5157,2305232,
2023,10:15:37,4.47,,5064,2263822,
2024,10:15:32,4.47,,3044,1361097,
2025,10:15:27,4.47,,1249,558714,
2026,10:15:22,4.47,,1904,851088,
2027,10:15:17,4.47,-0.01,1760,786720,
2028,10:15:12,4.48,0.01,5554,2488227,
2029,10:15:07,4.47,,1604,716988,
2030,10:15:02,4.47,-0.01,2859,1277990,
2031,10:14:57,4.48,0.01,446,200202,
2032,10:14:52,4.47,-0.01,1180,527460,
2033,10:14:47,4.48,0.01,830,371875,
2034,10:14:42,4.47,,1136,508221,
2035,10:14:37,4.47,,3004,1343217,
2036,10:14:32,4.47,,941,420680,
2037,10:14:27,4.47,,1782,796947,
2038,10:14:17,4.47,,2388,1067436,
2039,10:14:17,4.47,-0.01,2201,983900,
2040,10:14:12,4.48,,2273,1018716,
2041,10:14:07,4.48,,238,106659,
2042,10:14:02,4.48,0.01,1830,820234,
2043,10:13:52,4.47,-0.01,1447,646826,
2044,10:13:52,4.48,,538,241059,
2045,10:13:47,4.48,0.01,1420,636590,
2046,10:13:37,4.47,-0.01,808,361176,
2047,10:13:37,4.48,0.01,611,273745,
2048,10:13:32,4.47,,774,346371,
2049,10:13:27,4.47,-0.01,577,257972,
2050,10:13:22,4.48,0.01,1602,718090,
2051,10:13:17,4.47,,1961,876620,
2052,10:13:07,4.47,-0.01,4384,1959648,
2053,10:13:02,4.48,,1360,609280,
2054,10:12:57,4.48,0.01,937,420188,
2055,10:12:52,4.47,,1299,580670,
2056,10:12:47,4.47,-0.01,1364,610137,
2057,10:12:42,4.48,,2812,1260206,
2058,10:12:32,4.48,0.01,1735,777512,
2059,10:12:22,4.47,,8447,3776184,
2060,10:12:12,4.47,,823,367898,
2061,10:12:07,4.47,0.01,2251,1006214,
2062,10:11:57,4.46,-0.01,1036,462056,
2063,10:11:52,4.47,0.01,2441,1091538,
2064,10:11:37,4.46,-0.01,439,195811,
2065,10:11:37,4.47,,4353,1946202,
2066,10:11:32,4.47,,1616,722352,
2067,10:11:27,4.47,,649,290156,
2068,10:11:22,4.47,,333,149262,
2069,10:11:17,4.47,0.01,420,188169,
2070,10:11:07,4.46,-0.01,494,220359,
2071,10:11:07,4.47,,1655,739802,
2072,10:11:02,4.47,,860,384849,
2073,10:10:57,4.47,,1099,491270,
2074,10:10:52,4.47,,565,252966,
2075,10:10:47,4.47,,718,320981,
2076,10:10:42,4.47,,556,248961,
2077,10:10:37,4.47,0.01,692,309324,
2078,10:10:32,4.46,,1267,565099,
2079,10:10:27,4.46,-0.01,822,367004,
2080,10:10:22,4.47,,1570,701825,
2081,10:10:17,4.47,,2576,1151901,
2082,10:10:12,4.47,,1116,498852,
2083,10:10:07,4.47,0.01,1495,668282,
2084,10:09:57,4.46,,1640,731868,
2085,10:09:57,4.46,-0.01,484,215864,
2086,10:09:52,4.47,,648,290085,
2087,10:09:47,4.47,,663,296378,
2088,10:09:42,4.47,0.01,1467,655766,
2089,10:09:37,4.46,,1836,819284,
2090,10:09:32,4.46,-0.01,636,284084,
2091,10:09:27,4.47,0.01,804,359388,
2092,10:09:22,4.46,-0.01,437,194955,
2093,10:09:17,4.47,,581,260118,
2094,10:09:12,4.47,0.01,2178,973601,
2095,10:09:07,4.46,-0.01,1938,864740,
2096,10:09:02,4.47,-0.01,1470,657125,
2097,10:08:57,4.48,,1836,822528,
2098,10:08:52,4.48,,2628,1177774,
2099,10:08:47,4.48,0.01,1358,608419,
2100,10:08:42,4.47,,4008,1792005,
2101,10:08:37,4.47,-0.01,2000,894429,
2102,10:08:32,4.48,,1931,865105,
2103,10:08:27,4.48,0.01,2743,1228881,
2104,10:08:22,4.47,,1026,459015,
2105,10:08:16,4.47,-0.01,1823,814898,
2106,10:08:11,4.48,,9670,4332195,
2107,10:08:06,4.48,0.01,1385,620892,
2108,10:08:01,4.47,-0.01,1348,602556,
2109,10:07:56,4.48,0.01,282,126371,
2110,10:07:51,4.47,,5933,2652462,
2111,10:07:46,4.47,,1894,846868,
2112,10:07:41,4.47,,844,377268,
2113,10:07:36,4.47,,980,438060,
2114,10:07:26,4.47,,1360,608349,
2115,10:07:26,4.47,,1034,462233,
2116,10:07:21,4.47,0.01,961,429978,
2117,10:07:16,4.46,-0.01,615,274307,
2118,10:07:11,4.47,0.01,1720,769269,
2119,10:07:06,4.46,,336,150284,
2120,10:07:01,4.46,,372,165912,
2121,10:06:56,4.46,,338,150783,
2122,10:06:51,4.46,,5153,2298648,
2123,10:06:46,4.46,,965,430657,
2124,10:06:41,4.46,0.01,3396,1514616,
2125,10:06:36,4.45,-0.01,7557,3363274,
2126,10:06:31,4.46,0.01,1424,635104,
2127,10:06:26,4.45,,1599,711572,
2128,10:06:21,4.45,-0.01,821,365754,
2129,10:06:16,4.46,,1999,891571,
2130,10:06:11,4.46,0.01,358,159703,
2131,10:06:06,4.45,,232,103667,
2132,10:06:01,4.45,,661,294340,
2133,10:05:56,4.45,,2596,1155220,
2134,10:05:46,4.45,,3026,1346605,
2135,10:05:46,4.45,,1556,692420,
2136,10:05:41,4.45,0.01,2324,1034180,
2137,10:05:36,4.44,-0.01,5526,2453934,
2138,10:05:31,4.45,,725,322678,
2139,10:05:26,4.45,0.01,700,311927,
2140,10:05:21,4.44,,480,213546,
2141,10:05:16,4.44,,14773,6559549,
2142,10:05:06,4.44,,22980,10203120,
2143,10:04:51,4.44,,3826,1699134,
2144,10:04:51,4.44,,6296,2795424,
2145,10:04:46,4.44,,993,440945,
2146,10:04:41,4.44,,1104,490602,
2147,10:04:36,4.44,,2027,900005,
2148,10:04:31,4.44,0.01,1182,524985,
2149,10:04:26,4.43,-0.01,1204,533372,
2150,10:04:11,4.44,,1711,759914,
2151,10:04:11,4.44,0.01,4954,2199611,
2152,10:04:01,4.43,,957,424358,
2153,10:03:56,4.43,-0.01,716,317400,
2154,10:03:51,4.44,,4241,1883057,
2155,10:03:46,4.44,0.01,414,184206,
2156,10:03:41,4.43,-0.01,1760,779680,
2157,10:03:36,4.44,,2193,973745,
2158,10:03:31,4.44,0.01,1384,614496,
2159,10:03:26,4.43,-0.01,808,358369,
2160,10:03:21,4.44,,692,307674,
2161,10:03:16,4.44,,818,363227,
2162,10:03:11,4.44,,1180,523920,
2163,10:03:06,4.44,,1548,687312,
2164,10:03:01,4.44,,1320,586506,
2165,10:02:56,4.44,0.01,223,99029,
2166,10:02:51,4.43,,1484,657837,
2167,10:02:46,4.43,,768,340649,
2168,10:02:41,4.43,,908,402669,
2169,10:02:36,4.43,,629,278700,
2170,10:02:31,4.43,,720,318960,
2171,10:02:26,4.43,-0.01,912,404441,
2172,10:02:21,4.44,0.01,984,437322,
2173,10:02:16,4.43,-0.01,964,427052,
2174,10:02:11,4.44,0.01,575,255317,
2175,10:02:06,4.43,-0.01,2271,1006070,
2176,10:02:01,4.44,0.02,1110,493230,
2177,10:01:56,4.42,-0.01,1614,713635,
2178,10:01:51,4.43,,3754,1663128,
2179,10:01:46,4.43,-0.01,566,250773,
2180,10:01:36,4.44,0.01,385,171206,
2181,10:01:36,4.43,,381,168836,
2182,10:01:31,4.43,,1016,450513,
2183,10:01:26,4.43,,757,335758,
2184,10:01:21,4.43,-0.01,8157,3613745,
2185,10:01:16,4.44,,697,309876,
2186,10:01:11,4.44,0.01,1712,760128,
2187,10:01:06,4.43,,2155,954682,
2188,10:01:01,4.43,,1075,476242,
2189,10:00:56,4.43,,1056,467807,
2190,10:00:50,4.43,,2430,1076879,
2191,10:00:45,4.43,-0.01,540,239219,
2192,10:00:40,4.44,0.01,1404,623376,
2193,10:00:35,4.43,,2380,1054410,
2194,10:00:30,4.43,,2140,948019,
2195,10:00:25,4.43,-0.01,1052,466248,
2196,10:00:20,4.44,0.01,628,279258,
2197,10:00:15,4.43,,736,326473,
2198,10:00:10,4.43,0.01,2005,888268,
2199,10:00:05,4.42,,2412,1066104,
2200,10:00:00,4.42,-0.01,3493,1543923,
2201,09:59:55,4.43,,6254,2770522,
2202,09:59:50,4.43,,1503,665988,
2203,09:59:45,4.43,,2040,903720,
2204,09:59:40,4.43,,1768,783224,
2205,09:59:35,4.43,,1822,807146,
2206,09:59:30,4.43,0.01,1323,586106,
2207,09:59:25,4.42,-0.01,874,386308,
2208,09:59:20,4.43,,1028,455829,
2209,09:59:15,4.43,,536,237447,
2210,09:59:10,4.43,,3961,1754740,
2211,09:59:05,4.43,,2098,929413,
2212,09:59:00,4.43,0.01,1376,609993,
2213,09:58:55,4.42,,2184,965328,
2214,09:58:50,4.42,,1526,674492,
2215,09:58:45,4.42,-0.01,790,349180,
2216,09:58:40,4.43,0.01,447,198038,
2217,09:58:35,4.42,,764,337688,
2218,09:58:30,4.42,,2144,947648,
2219,09:58:25,4.42,,682,301868,
2220,09:58:20,4.42,,1886,833612,
2221,09:58:15,4.42,-0.01,827,365551,
2222,09:58:10,4.43,,1240,549320,
2223,09:58:05,4.43,,1342,594931,
2224,09:58:00,4.43,0.01,579,256514,
2225,09:57:55,4.42,,1664,735912,
2226,09:57:50,4.42,,2945,1301707,
2227,09:57:40,4.42,,1886,834036,
2228,09:57:30,4.42,,2564,1133288,
2229,09:57:20,4.42,-0.01,765,338147,
2230,09:57:05,4.43,0.01,5416,2399288,
2231,09:57:05,4.42,-0.01,854,377892,
2232,09:57:00,4.43,0.01,1155,511682,
2233,09:56:55,4.42,-0.01,1704,753168,
2234,09:56:50,4.43,,1378,610524,
2235,09:56:45,4.43,,2982,1321026,
2236,09:56:35,4.43,0.01,1749,774824,
2237,09:56:30,4.42,,1972,871624,
2238,09:56:25,4.42,,4292,1897064,
2239,09:56:20,4.42,,2342,1035588,
2240,09:56:15,4.42,-0.01,1563,690863,
2241,09:56:10,4.43,,850,376975,
2242,09:56:05,4.43,0.01,1628,721204,
2243,09:56:00,4.42,-0.01,5388,2381496,
2244,09:55:55,4.43,,1260,558180,
2245,09:55:50,4.43,0.01,834,369462,
2246,09:55:45,4.42,-0.01,1028,454376,
2247,09:55:40,4.43,0.01,6801,3012860,
2248,09:55:35,4.42,-0.01,1154,510068,
2249,09:55:30,4.43,0.01,1262,559491,
2250,09:55:25,4.42,-0.01,1827,807551,
2251,09:55:20,4.43,,1292,572781,
2252,09:55:15,4.43,,360,159480,
2253,09:55:10,4.43,0.01,760,336680,
2254,09:55:05,4.42,-0.01,2428,1073176,
2255,09:55:00,4.43,,2400,1063200,
2256,09:54:55,4.43,-0.01,2063,914068,
2257,09:54:50,4.44,,1374,610482,
2258,09:54:45,4.44,,2253,1000349,
2259,09:54:40,4.44,0.01,2877,1277583,
2260,09:54:35,4.43,-0.01,1057,468268,
2261,09:54:30,4.44,0.01,3730,1656546,
2262,09:54:25,4.43,-0.01,3172,1405196,
2263,09:54:20,4.44,,797,353885,
2264,09:54:15,4.44,0.01,2690,1194360,
2265,09:54:05,4.43,,2342,1037505,
2266,09:54:05,4.43,,1774,785882,
2267,09:54:00,4.43,,820,363260,
2268,09:53:55,4.43,,2336,1034847,
2269,09:53:50,4.43,-0.01,1001,443460,
2270,09:53:45,4.44,,1013,449789,
2271,09:53:35,4.44,0.01,4308,1912752,
2272,09:53:35,4.43,,1058,469119,
2273,09:53:30,4.43,,1536,680660,
2274,09:53:25,4.43,,1242,550206,
2275,09:53:19,4.43,,1301,576360,
2276,09:53:14,4.43,-0.01,830,368115,
2277,09:53:09,4.44,0.01,967,429365,
2278,09:53:04,4.43,-0.01,1242,550206,
2279,09:52:54,4.44,,1414,627816,
2280,09:52:54,4.44,0.01,1550,688626,
2281,09:52:44,4.43,,2899,1284274,
2282,09:52:44,4.43,,3014,1335202,
2283,09:52:39,4.43,-0.01,1616,716313,
2284,09:52:34,4.44,,533,236669,
2285,09:52:29,4.44,0.01,1970,874680,
2286,09:52:24,4.43,,790,350395,
2287,09:52:19,4.43,,734,325162,
2288,09:52:14,4.43,-0.01,1382,612226,
2289,09:52:09,4.44,0.01,1754,778776,
2290,09:52:04,4.43,,910,403130,
2291,09:51:59,4.43,-0.01,959,424854,
2292,09:51:54,4.44,0.01,906,402264,
2293,09:51:49,4.43,-0.01,1882,833938,
2294,09:51:44,4.44,0.01,1418,630018,
2295,09:51:39,4.43,,354,156857,
2296,09:51:34,4.43,,1617,716738,
2297,09:51:29,4.43,0.01,2691,1192201,
2298,09:51:24,4.42,-0.01,2100,928376,
2299,09:51:19,4.43,0.01,1752,776136,
2300,09:51:14,4.42,-0.01,2600,1149200,
2301,09:51:09,4.43,0.01,1951,864310,
2302,09:51:04,4.42,,2602,1150508,
2303,09:50:59,4.42,-0.01,1636,723112,
2304,09:50:54,4.43,,1155,511682,
2305,09:50:49,4.43,,5154,2283647,
2306,09:50:44,4.43,,1369,606484,
2307,09:50:39,4.43,-0.01,1732,767665,
2308,09:50:34,4.44,0.01,10539,4679369,
2309,09:50:29,4.43,,12110,5365119,
2310,09:50:24,4.43,,11064,4901777,
2311,09:50:19,4.43,-0.01,12506,5540158,
2312,09:50:14,4.44,0.01,15730,6984155,
2313,09:50:04,4.43,,2680,1187240,
2314,09:49:59,4.43,-0.01,3237,1434008,
2315,09:49:54,4.44,,2562,1137741,
2316,09:49:49,4.44,,11566,5135517,
2317,09:49:44,4.44,,11868,5269392,
2318,09:49:39,4.44,,2238,993672,
2319,09:49:34,4.44,0.01,10973,4872029,
2320,09:49:29,4.43,-0.01,1664,737152,
2321,09:49:24,4.44,,1876,832944,
2322,09:49:14,4.44,,3581,1590159,
2323,09:49:14,4.44,,4081,1811981,
2324,09:49:04,4.44,,2956,1312464,
2325,09:48:54,4.44,,2528,1122645,
2326,09:48:49,4.44,,2454,1089789,
2327,09:48:44,4.44,,2439,1082933,
2328,09:48:39,4.44,,3115,1383290,
2329,09:48:29,4.44,,2205,979037,
2330,09:48:29,4.44,0.01,3946,1752237,
2331,09:48:19,4.43,-0.01,1422,629946,
2332,09:48:19,4.44,0.01,5541,2460221,
2333,09:48:09,4.43,-0.01,2413,1069366,
2334,09:48:09,4.44,,2960,1314240,
2335,09:48:04,4.44,,2258,1002587,
2336,09:47:59,4.44,,7012,3113328,
2337,09:47:54,4.44,,4642,2061474,
2338,09:47:49,4.44,0.01,3450,1531800,
2339,09:47:44,4.43,-0.01,3056,1353808,
2340,09:47:39,4.44,,5400,2397600,
2341,09:47:34,4.44,,13883,6164069,
2342,09:47:29,4.44,,34408,15277152,
2343,09:47:24,4.44,,3318,1473618,
2344,09:47:19,4.44,,1300,577200,
2345,09:47:14,4.44,,1341,595421,
2346,09:47:09,4.44,,861,382692,
2347,09:47:04,4.44,,4167,1850165,
2348,09:46:59,4.44,,13082,5808443,
2349,09:46:54,4.44,0.01,5529,2455284,
2350,09:46:49,4.43,,3363,1490039,
2351,09:46:44,4.43,-0.01,3892,1724156,
2352,09:46:39,4.44,0.01,14089,6255533,
2353,09:46:34,4.43,,6168,2732849,
2354,09:46:29,4.43,-0.01,3837,1699808,
2355,09:46:24,4.44,,3030,1345746,
2356,09:46:14,4.44,,4017,1783565,
2357,09:46:14,4.44,0.01,5575,2475530,
2358,09:46:09,4.43,-0.01,4474,1982407,
2359,09:46:04,4.44,0.01,3393,1506509,
2360,09:45:59,4.43,-0.01,4340,1923045,
2361,09:45:54,4.44,,4866,2160504,
2362,09:45:43,4.44,,4874,2164482,
2363,09:45:43,4.44,,9406,4176299,
2364,09:45:38,4.44,0.01,6512,2891328,
2365,09:45:33,4.43,-0.01,31571,13986147,
2366,09:45:26,4.44,,7730,3432333,
2367,09:45:21,4.44,,450,199800,
2368,09:45:16,4.44,,4388,1948307,
2369,09:45:11,4.44,,8710,3867666,
2370,09:45:06,4.44,,4862,2158728,
2371,09:45:01,4.44,,8388,3724698,
2372,09:44:56,4.44,0.01,6321,2806541,
2373,09:44:51,4.43,-0.01,3552,1573536,
2374,09:44:46,4.44,,2797,1241885,
2375,09:44:41,4.44,,2396,1064250,
2376,09:44:35,4.44,,1640,728160,
2377,09:44:30,4.44,,2091,928421,
2378,09:44:25,4.44,0.01,2908,1291578,
2379,09:44:20,4.43,-0.01,2970,1315710,
2380,09:44:15,4.44,0.01,2298,1020738,
2381,09:44:10,4.43,,1219,540034,
2382,09:44:05,4.43,-0.01,1034,458061,
2383,09:44:00,4.44,0.01,1200,532800,
2384,09:43:55,4.43,-0.01,1390,616195,
2385,09:43:50,4.44,,1841,817421,
2386,09:43:45,4.44,0.01,11870,5270706,
2387,09:43:40,4.43,-0.01,2745,1216052,
2388,09:43:35,4.44,0.01,4954,2199576,
2389,09:43:30,4.43,,4138,1833133,
2390,09:43:25,4.43,-0.01,1110,492155,
2391,09:43:20,4.44,,3844,1706736,
2392,09:43:15,4.44,-0.01,6370,2828280,
2393,09:43:10,4.45,0.01,1004,446780,
2394,09:43:05,4.44,,1144,507936,
2395,09:43:00,4.44,-0.01,1142,507474,
2396,09:42:55,4.45,0.01,815,362692,
2397,09:42:50,4.44,,2466,1094921,
2398,09:42:45,4.44,,2579,1145076,
2399,09:42:40,4.44,0.01,7759,3445226,
2400,09:42:35,4.43,-0.01,2012,891741,
2401,09:42:30,4.44,,1604,712176,
2402,09:42:25,4.44,,3459,1535813,
2403,09:42:15,4.44,0.01,1490,661560,
2404,09:42:15,4.43,-0.01,2382,1055651,
2405,09:42:05,4.44,,2960,1314240,
2406,09:42:05,4.44,,10910,4844040,
2407,09:41:55,4.44,,1870,830280,
2408,09:41:50,4.44,,2296,1019424,
2409,09:41:50,4.44,-0.02,51028,22656432,
2410,09:41:45,4.46,0.01,1928,860316,
2411,09:41:40,4.45,-0.01,1632,726240,
2412,09:41:35,4.46,,5552,2476192,
2413,09:41:30,4.46,,772,344329,
2414,09:41:25,4.46,0.01,1479,659634,
2415,09:41:20,4.45,,1400,623000,
2416,09:41:15,4.45,-0.01,1975,878875,
2417,09:41:10,4.46,,743,331378,
2418,09:41:05,4.46,0.01,1875,836250,
2419,09:41:00,4.45,-0.01,1665,740925,
2420,09:40:55,4.46,,1590,709140,
2421,09:40:50,4.46,,1598,712708,
2422,09:40:45,4.46,0.01,2256,1006176,
2423,09:40:40,4.45,-0.01,4112,1829840,
2424,09:40:35,4.46,,2281,1017326,
2425,09:40:30,4.46,0.01,7985,3561310,
2426,09:40:25,4.45,-0.01,2360,1050200,
2427,09:40:20,4.46,0.01,1514,675244,
2428,09:40:15,4.45,,1434,638130,
2429,09:40:10,4.45,-0.01,1457,648365,
2430,09:40:05,4.46,,734,327364,
2431,09:40:00,4.46,0.01,4119,1837074,
2432,09:39:55,4.45,,1000,445000,
2433,09:39:45,4.45,,553,246085,
2434,09:39:45,4.45,,442,196690,
2435,09:39:40,4.45,0.01,2462,1095803,
2436,09:39:35,4.44,-0.01,1005,446220,
2437,09:39:30,4.45,,787,350215,
2438,09:39:25,4.45,0.01,2231,992812,
2439,09:39:20,4.44,0.01,5058,2245752,
2440,09:39:15,4.43,-0.01,10285,4556255,
2441,09:39:10,4.44,,3582,1590408,
2442,09:39:05,4.44,,4949,2197356,
2443,09:38:50,4.44,,5203,2310132,
2444,09:38:50,4.44,-0.01,23553,10457958,
2445,09:38:45,4.45,,1065,474156,
2446,09:38:40,4.45,,1938,862641,
2447,09:38:20,4.45,0.01,5630,2505350,
2448,09:38:20,4.44,,2177,966588,
2449,09:38:15,4.44,,2286,1014984,
2450,09:38:04,4.44,,4311,1914084,
2451,09:37:54,4.44,,6260,2779440,
2452,09:37:44,4.44,,1801,799644,
2453,09:37:39,4.44,0.01,2152,955488,
2454,09:37:39,4.43,-0.01,2730,1209390,
2455,09:37:29,4.44,0.01,2490,1105560,
2456,09:37:29,4.43,,2175,963524,
2457,09:37:24,4.43,-0.01,5494,2433842,
2458,09:37:19,4.44,,1785,792540,
2459,09:37:14,4.44,,6022,2673768,
2460,09:37:09,4.44,,3238,1437672,
2461,09:37:04,4.44,,2899,1287156,
2462,09:36:59,4.44,-0.01,20285,9006540,
2463,09:36:49,4.45,,1183,526435,
2464,09:36:49,4.45,,397,176665,
2465,09:36:44,4.45,,695,309275,
2466,09:36:39,4.45,-0.02,1710,760950,
2467,09:36:34,4.47,0.02,627,280269,
2468,09:36:29,4.45,,1790,796781,
2469,09:36:24,4.45,,1980,881100,
2470,09:36:14,4.45,0.01,1006,447883,
2471,09:36:14,4.44,,6651,2953044,
2472,09:36:09,4.44,,1295,574980,
2473,09:36:04,4.44,,1967,873348,
2474,09:35:59,4.44,,2491,1106004,
2475,09:35:54,4.44,0.01,10674,4739256,
2476,09:35:49,4.43,-0.01,3321,1471433,
2477,09:35:44,4.44,0.01,2018,896205,
2478,09:35:34,4.43,-0.01,3858,1709094,
2479,09:35:34,4.44,,2227,989001,
2480,09:35:29,4.44,0.01,2558,1135752,
2481,09:35:24,4.43,,3588,1589484,
2482,09:35:19,4.43,-0.01,2788,1235084,
2483,09:35:14,4.44,0.01,4294,1906536,
2484,09:35:09,4.43,,2144,949791,
2485,09:35:04,4.43,-0.01,9755,4321465,
2486,09:34:54,4.44,,2890,1283160,
2487,09:34:54,4.44,,3018,1339992,
2488,09:34:49,4.44,,1342,595848,
2489,09:34:44,4.44,,897,398268,
2490,09:34:42,4.44,-0.02,58811,26112394,
2491,09:34:32,4.46,,1510,673460,
2492,09:34:27,4.46,-0.01,2838,1265748,
2493,09:34:17,4.47,,1567,700449,
2494,09:34:12,4.47,,3992,1784424,
2495,09:34:02,4.47,,7741,3460227,
2496,09:33:52,4.47,,1738,776886,
2497,09:33:47,4.47,-0.01,4376,1956072,
2498,09:33:42,4.48,0.01,3256,1458688,
2499,09:33:37,4.47,,1874,837678,
2500,09:33:32,4.47,,3774,1686978,
2501,09:33:27,4.47,,3414,1526058,
2502,09:33:22,4.47,,1826,816222,
2503,09:33:17,4.47,-0.01,3351,1497897,
2504,09:33:12,4.48,,3063,1372224,
2505,09:33:07,4.48,0.01,1879,841792,
2506,09:33:02,4.47,,1487,664689,
2507,09:32:57,4.47,-0.01,2697,1205559,
2508,09:32:52,4.48,,883,395584,
2509,09:32:42,4.48,,1001,448448,
2510,09:32:42,4.48,-0.01,1380,618240,
2511,09:32:37,4.49,,1400,628600,
2512,09:32:27,4.49,0.04,838,376262,
2513,09:32:27,4.45,0.01,1119,498266,
2514,09:32:17,4.44,-0.02,875,388500,
2515,09:32:17,4.46,0.01,1851,825858,
2516,09:32:12,4.45,0.01,2877,1280265,
2517,09:32:07,4.44,,21532,9560607,
2518,09:32:02,4.44,,3202,1421688,
2519,09:31:57,4.44,,4306,1911864,
2520,09:31:52,4.44,,2232,991008,
2521,09:31:47,4.44,,1958,869352,
2522,09:31:42,4.44,,3882,1723608,
2523,09:31:37,4.44,-0.05,21287,9451472,
2524,09:31:32,4.49,-0.01,28237,12678413,
2525,09:31:27,4.5,,847,381150,
2526,09:31:22,4.5,0.01,1646,740700,
2527,09:31:17,4.49,,3817,1713837,
2528,09:31:12,4.49,,1685,756565,
2529,09:31:07,4.49,,974,437326,
2530,09:31:02,4.49,0.01,6853,3076997,
2531,09:30:57,4.48,,6799,3045952,
2532,09:30:52,4.48,,586,262528,
2533,09:30:47,4.48,0.02,2675,1198400,
2534,09:30:42,4.46,,7734,3449364,
2535,09:30:37,4.46,,1120,499743,
2536,09:30:32,4.46,,1496,667389,
2537,09:30:26,4.46,0.01,679,302834,
2538,09:30:18,4.45,-0.01,3209,1428005,
2539,09:30:18,4.46,,21353,9523438,
2540,09:30:08,4.46,,15274,6812204,
2541,09:30:03,4.46,,3895,1737468,
2542,09:25:07,4.46,4.46,25902,11552439,
