time,price,change,vol,amount,
15:00:05,15.54,-0.04,0,0,
14:59:55,15.58,0.03,294,458176,
14:59:55,15.55,0.03,107,166447,
14:59:50,15.52,-0.01,1276,1981841,
14:59:45,15.53,-0.03,1128,1751784,
14:59:40,15.56,0.01,1256,1955829,
14:59:35,15.55,0.04,3330,5178274,
14:59:30,15.51,-0.01,1770,2746634,
14:59:25,15.52,--,4616,7165521,
14:59:20,15.52,--,175,271662,
14:59:15,15.52,-0.04,3011,4673134,
14:59:10,15.56,0.04,4269,6643995,
14:59:05,15.52,--,602,934428,
14:59:00,15.52,-0.02,2172,3370944,
14:58:55,15.54,0.02,2444,3797976,
14:58:50,15.52,--,899,1395310,
14:58:45,15.52,-0.01,3365,5223907,
14:58:40,15.53,0.01,1048,1627544,
14:58:35,15.52,--,1142,1772508,
14:58:30,15.52,-0.01,196,305681,
14:58:25,15.53,--,225,350853,
14:58:20,15.53,0.01,510,792154,
14:58:15,15.52,-0.02,1991,3090094,
14:58:10,15.54,--,108,167832,
14:58:05,15.54,0.01,1316,2045064,
14:58:00,15.53,0.01,760,1180280,
14:57:55,15.52,--,759,1178030,
14:57:50,15.52,--,2670,4145205,
14:57:45,15.52,--,1564,2428817,
14:57:40,15.52,--,463,718638,
14:57:35,15.52,-0.01,2664,4134528,
14:57:30,15.53,0.01,516,801348,
14:57:25,15.52,--,339,526190,
14:57:20,15.52,--,72,113233,
14:57:15,15.52,-0.01,976,1514752,
14:57:05,15.53,0.01,402,624430,
14:57:00,15.52,0.01,213,332003,
14:56:50,15.51,-0.02,3013,4673349,
14:56:50,15.53,0.02,1605,2493248,
14:56:45,15.51,--,1197,1857973,
14:56:40,15.51,--,612,949212,
14:56:35,15.51,--,811,1257923,
14:56:30,15.51,--,279,432791,
14:56:25,15.51,-0.02,942,1461910,
14:56:20,15.53,0.01,1278,1986100,
14:56:15,15.52,-0.01,951,1476014,
14:56:10,15.53,0.01,398,618963,
14:56:05,15.52,0.02,3286,5101237,
14:56:00,15.5,-0.04,904,1401200,
14:55:55,15.54,--,1490,2315584,
14:55:50,15.54,0.01,656,1019424,
14:55:45,15.53,-0.01,179,278049,
14:55:40,15.54,0.04,212,330939,
14:55:35,15.5,-0.05,5371,8325112,
14:55:30,15.55,--,292,455552,
14:55:25,15.55,0.05,1321,2055585,
14:55:20,15.5,-0.05,3733,5786336,
14:55:15,15.55,0.01,337,525465,
14:55:10,15.54,-0.02,878,1364536,
14:55:05,15.56,-0.01,472,734432,
14:55:00,15.57,0.01,864,1345248,
14:54:50,15.56,--,325,507131,
14:54:50,15.56,--,2048,3188181,
14:54:40,15.56,--,576,896256,
14:54:40,15.56,-0.01,527,820074,
14:54:35,15.57,0.01,244,381402,
14:54:25,15.56,-0.02,313,487214,
14:54:25,15.58,0.01,874,1363063,
14:54:15,15.57,-0.01,5017,7811655,
14:54:05,15.58,--,316,492328,
14:54:00,15.58,0.01,396,616968,
14:53:55,15.57,-0.01,234,365708,
14:53:50,15.58,--,212,330296,
14:53:35,15.58,--,1084,1688872,
14:53:35,15.58,-0.01,116,180728,
14:53:30,15.59,0.01,85,132702,
14:53:24,15.58,0.01,402,627687,
14:53:19,15.57,-0.03,307,478061,
14:53:14,15.6,0.02,2312,3606720,
14:53:09,15.58,--,216,336528,
14:53:04,15.58,--,274,427016,
14:52:59,15.58,0.01,457,713439,
14:52:54,15.57,--,186,289726,
14:52:49,15.57,--,821,1279729,
14:52:44,15.57,--,423,658673,
14:52:39,15.57,--,160,249120,
14:52:34,15.57,0.01,145,227197,
14:52:29,15.56,-0.01,50,77924,
14:52:24,15.57,--,602,937936,
14:52:19,15.57,0.01,389,607105,
14:52:14,15.56,--,2846,4428500,
14:52:09,15.56,--,296,460576,
14:52:04,15.56,0.01,352,549205,
14:51:59,15.55,--,323,502327,
14:51:54,15.55,--,779,1211407,
14:51:49,15.55,0.01,628,976540,
14:51:44,15.54,-0.01,825,1283479,
14:51:39,15.55,--,343,533427,
14:51:34,15.55,--,2129,3312025,
14:51:29,15.55,0.01,106,164954,
14:51:24,15.54,0.01,765,1190239,
14:51:19,15.53,-0.01,791,1228485,
14:51:14,15.54,--,504,784707,
14:51:09,15.54,0.01,246,382408,
14:51:04,15.53,-0.01,200,312090,
14:50:59,15.54,0.03,1089,1692989,
14:50:54,15.51,--,475,736787,
14:50:49,15.51,-0.01,1096,1700144,
14:50:44,15.52,--,575,893703,
14:50:39,15.52,0.01,4876,7569041,
14:50:34,15.51,--,407,631319,
14:50:29,15.51,0.02,7357,11412133,
14:50:24,15.49,-0.01,1416,2193384,
14:50:19,15.5,--,1812,2808600,
14:50:14,15.5,--,774,1199824,
14:50:04,15.5,0.01,613,951576,
14:50:04,15.49,-0.01,2264,3506936,
14:49:59,15.5,--,1636,2537288,
14:49:54,15.5,--,1011,1567112,
14:49:49,15.5,--,1576,2444288,
14:49:46,15.5,--,1132,1754600,
14:49:41,15.5,--,2604,4036200,
14:49:36,15.5,-0.01,4616,7154800,
14:49:31,15.51,-0.01,2685,4164621,
14:49:21,15.52,0.02,1408,2185216,
14:49:21,15.5,--,506,785664,
14:49:16,15.5,--,346,536424,
14:49:11,15.5,0.01,1456,2256800,
14:49:06,15.49,-0.01,3413,5288162,
14:49:01,15.5,0.01,1189,1843136,
14:48:56,15.49,-0.02,969,1501910,
14:48:51,15.51,0.01,750,1163374,
14:48:46,15.5,-0.02,9511,14743104,
14:48:41,15.52,0.01,626,971676,
14:48:36,15.51,-0.04,14649,22722025,
14:48:31,15.55,0.01,1576,2452172,
14:48:26,15.54,--,1520,2362080,
14:48:21,15.54,-0.01,1584,2461536,
14:48:16,15.55,--,2351,3655867,
14:48:11,15.55,--,3670,5706974,
14:48:06,15.55,--,4596,7146780,
14:48:01,15.55,--,3452,5369352,
14:47:56,15.55,--,1089,1694825,
14:47:51,15.55,-0.01,840,1306200,
14:47:46,15.56,--,394,613188,
14:47:41,15.56,--,306,476260,
14:47:36,15.56,-0.01,6578,10235990,
14:47:31,15.57,0.01,2037,3173041,
14:47:21,15.56,-0.01,494,768788,
14:47:21,15.57,0.01,1012,1575684,
14:47:16,15.56,-0.01,222,346801,
14:47:11,15.57,--,1599,2489705,
14:47:06,15.57,--,3034,4724062,
14:47:01,15.57,--,456,709992,
14:46:56,15.57,0.01,1130,1760281,
14:46:51,15.56,-0.01,326,508625,
14:46:46,15.57,0.01,215,334817,
14:46:41,15.56,-0.01,2770,4310244,
14:46:29,15.57,-0.01,1518,2364896,
14:46:24,15.58,0.01,2254,3511856,
14:46:14,15.57,-0.01,336,524646,
14:46:09,15.58,0.01,342,532960,
14:46:04,15.57,-0.01,248,386136,
14:45:59,15.58,--,1628,2536424,
14:45:54,15.58,0.01,308,481359,
14:45:49,15.57,-0.01,2665,4150837,
14:45:39,15.58,-0.01,1808,2816864,
14:45:29,15.59,-0.01,425,662762,
14:45:24,15.6,--,1988,3102028,
14:45:19,15.6,-0.01,950,1483372,
14:45:14,15.61,--,476,743285,
14:45:09,15.61,--,201,314697,
14:45:04,15.61,-0.01,632,988050,
14:44:59,15.62,--,291,454604,
14:44:49,15.62,-0.01,554,866222,
14:44:44,15.63,0.01,762,1191131,
14:44:39,15.62,--,384,599808,
14:44:34,15.62,--,500,782499,
14:44:29,15.62,-0.01,232,362384,
14:44:24,15.63,--,721,1128360,
14:44:14,15.63,0.01,891,1392695,
14:44:14,15.62,-0.01,2834,4426832,
14:44:09,15.63,--,57,90528,
14:44:04,15.63,--,56,89028,
14:43:59,15.63,0.01,129,201814,
14:43:54,15.62,-0.01,633,990183,
14:43:49,15.63,-0.01,95,148547,
14:43:44,15.64,0.01,201,315802,
14:43:34,15.63,--,68,106284,
14:43:34,15.63,-0.01,147,229823,
14:43:29,15.64,0.01,256,401885,
14:43:24,15.63,-0.01,359,561679,
14:43:19,15.64,0.01,1980,3096970,
14:43:09,15.63,0.02,301,471900,
14:43:09,15.61,-0.01,1268,1980846,
14:43:04,15.62,--,701,1095149,
14:42:59,15.62,-0.01,168,263915,
14:42:54,15.63,0.02,233,365616,
14:42:49,15.61,-0.03,2175,3395237,
14:42:44,15.64,0.01,316,495725,
14:42:39,15.63,-0.01,1356,2120928,
14:42:34,15.64,--,195,305042,
14:42:29,15.64,--,36,56304,
14:42:24,15.64,--,494,772741,
14:42:19,15.64,--,151,236226,
14:42:14,15.64,-0.01,49,77073,
14:42:09,15.65,0.02,530,829575,
14:42:04,15.63,-0.02,444,695472,
14:41:59,15.65,0.01,39,61097,
14:41:54,15.64,--,13,21770,
14:41:49,15.64,--,138,216457,
14:41:44,15.64,0.01,133,208199,
14:41:39,15.63,--,57,90528,
14:41:34,15.63,-0.01,43,67271,
14:41:29,15.64,--,329,515994,
14:41:24,15.64,0.01,236,370605,
14:41:19,15.63,0.01,126,197563,
14:41:14,15.62,-0.01,173,270413,
14:41:09,15.63,0.01,32,51516,
14:41:04,15.62,-0.01,68,106216,
14:40:59,15.63,0.01,11,17255,
14:40:54,15.62,--,376,587811,
14:40:49,15.62,--,135,210932,
14:40:44,15.62,--,309,484095,
14:40:39,15.62,-0.01,1396,2181551,
14:40:34,15.63,-0.01,102,159551,
14:40:29,15.64,--,257,403386,
14:40:24,15.64,0.01,110,172165,
14:40:19,15.63,-0.01,1113,1741056,
14:40:14,15.64,--,152,239229,
14:40:09,15.64,0.01,52,81328,
14:39:58,15.63,--,316,494658,
14:39:58,15.63,-0.01,163,254831,
14:39:53,15.64,--,89,140134,
14:39:48,15.64,-0.01,146,229720,
14:39:43,15.65,0.01,61,95652,
14:39:38,15.64,--,864,1352797,
14:39:33,15.64,0.01,139,217458,
14:39:28,15.63,--,384,600692,
14:39:23,15.63,--,48,76524,
14:39:18,15.63,-0.01,175,273587,
14:39:13,15.64,0.01,460,719440,
14:39:08,15.63,--,207,323603,
14:39:03,15.63,--,100,156300,
14:38:58,15.63,--,115,179807,
14:38:53,15.63,--,460,718980,
14:38:43,15.63,0.01,290,454645,
14:38:43,15.62,-0.01,729,1138885,
14:38:38,15.63,0.01,240,376620,
14:38:33,15.62,--,381,596559,
14:38:23,15.62,--,104,162448,
14:38:18,15.62,--,279,437110,
14:38:13,15.62,0.01,537,839481,
14:38:08,15.61,--,422,660115,
14:38:03,15.61,--,353,551719,
14:37:53,15.61,--,395,616657,
14:37:48,15.61,0.01,260,407358,
14:37:43,15.6,--,508,793977,
14:37:38,15.6,--,279,435302,
14:37:28,15.6,0.01,1814,2830713,
14:37:23,15.59,--,1527,2380655,
14:37:18,15.59,-0.01,360,562736,
14:37:13,15.6,--,137,215155,
14:37:08,15.6,0.02,370,577824,
14:37:03,15.58,-0.01,440,685520,
14:36:58,15.59,--,1082,1687461,
14:36:53,15.59,--,555,865307,
14:36:48,15.59,--,463,721879,
14:36:43,15.59,--,289,451985,
14:36:38,15.59,0.01,440,685960,
14:36:33,15.58,-0.01,300,467400,
14:36:28,15.59,--,196,305564,
14:36:23,15.59,--,856,1335252,
14:36:18,15.59,-0.01,633,987532,
14:36:13,15.6,--,292,455520,
14:36:08,15.6,--,988,1542777,
14:36:03,15.6,--,197,307507,
14:35:58,15.6,--,326,509932,
14:35:53,15.6,--,652,1017120,
14:35:48,15.6,--,318,496204,
14:35:43,15.6,-0.01,211,329222,
14:35:33,15.61,0.02,362,565206,
14:35:33,15.59,-0.01,3348,5221028,
14:35:28,15.6,0.01,800,1248000,
14:35:23,15.59,--,1667,2598915,
14:35:18,15.59,--,43,67099,
14:35:13,15.59,0.01,198,309056,
14:35:08,15.58,-0.01,1668,2598993,
14:35:03,15.59,0.01,324,506612,
14:34:58,15.58,-0.01,1600,2494295,
14:34:53,15.59,0.01,152,236968,
14:34:48,15.58,-0.01,751,1170120,
14:34:43,15.59,-0.01,73,115241,
14:34:38,15.6,0.01,1790,2792524,
14:34:33,15.59,-0.01,1464,2282376,
14:34:28,15.6,-0.01,60,95097,
14:34:23,15.61,0.01,38,59442,
14:34:18,15.6,-0.02,171,267571,
14:34:13,15.62,0.02,226,353636,
14:34:08,15.6,--,1052,1642617,
14:34:03,15.6,-0.01,511,798220,
14:33:58,15.61,--,659,1028761,
14:33:53,15.61,--,44,68684,
14:33:48,15.61,--,232,362152,
14:33:43,15.61,--,178,278232,
14:33:38,15.61,0.01,97,151604,
14:33:33,15.6,--,36,56160,
14:33:28,15.6,-0.01,240,374400,
14:33:23,15.61,0.02,241,377637,
14:33:18,15.59,-0.01,93,145174,
14:33:13,15.6,-0.01,138,216652,
14:33:08,15.61,0.01,4423,6904365,
14:33:03,15.6,-0.01,764,1191840,
14:33:00,15.61,--,35,54697,
14:32:50,15.61,-0.01,138,216791,
14:32:50,15.62,-0.01,757,1182621,
14:32:45,15.63,--,234,366617,
14:32:35,15.63,-0.01,302,472651,
14:32:35,15.64,--,200,314301,
14:32:30,15.64,--,122,190933,
14:32:20,15.64,--,238,373608,
14:32:20,15.64,--,63,98594,
14:32:15,15.64,-0.01,106,165909,
14:32:10,15.65,--,873,1367184,
14:32:05,15.65,-0.01,37,59344,
14:32:00,15.66,-0.01,241,377593,
14:31:55,15.67,--,145,228656,
14:31:50,15.67,--,104,162968,
14:31:45,15.67,-0.01,150,235175,
14:31:40,15.68,--,192,301056,
14:31:35,15.68,-0.01,1570,2462638,
14:31:30,15.69,0.01,259,406433,
14:31:25,15.68,--,546,856755,
14:31:20,15.68,--,620,973665,
14:31:15,15.68,0.01,1316,2064993,
14:31:10,15.67,--,419,656635,
14:31:05,15.67,--,1000,1568504,
14:31:00,15.67,0.01,236,371316,
14:30:55,15.66,-0.01,388,607608,
14:30:50,15.67,--,163,255483,
14:30:45,15.67,0.01,192,300864,
14:30:40,15.66,-0.01,72,112752,
14:30:35,15.67,--,601,942456,
14:30:30,15.67,0.01,77,122100,
14:30:25,15.66,--,122,191177,
14:30:20,15.66,0.01,69,109494,
14:30:15,15.65,--,147,230117,
14:30:10,15.65,--,249,391124,
14:30:05,15.65,--,20,31550,
14:30:00,15.65,0.01,96,150240,
14:29:55,15.64,-0.01,157,246986,
14:29:50,15.65,--,711,1112777,
14:29:45,15.65,0.02,233,366084,
14:29:40,15.63,--,249,389374,
14:29:35,15.63,0.01,1368,2139684,
14:29:30,15.62,--,335,523332,
14:29:25,15.62,--,96,151451,
14:29:20,15.62,--,348,545075,
14:29:15,15.62,0.01,271,423864,
14:29:10,15.61,-0.01,142,221786,
14:29:05,15.62,--,57,90471,
14:28:55,15.62,0.02,182,284408,
14:28:55,15.6,--,436,680160,
14:28:50,15.6,-0.01,150,235372,
14:28:45,15.61,--,1876,2928436,
14:28:33,15.61,0.01,602,939846,
14:28:28,15.6,--,619,965702,
14:28:23,15.6,--,160,251097,
14:28:13,15.6,--,612,956217,
14:28:13,15.6,0.01,197,308006,
14:28:08,15.59,--,324,505116,
14:28:03,15.59,-0.01,960,1497138,
14:27:58,15.6,--,679,1059302,
14:27:53,15.6,--,270,421324,
14:27:48,15.6,--,213,333715,
14:27:43,15.6,--,1716,2678457,
14:27:38,15.6,--,595,928262,
14:27:33,15.6,--,139,216902,
14:27:28,15.6,0.01,810,1264972,
14:27:23,15.59,-0.07,1046,1630838,
14:27:18,15.66,0.04,1768,2769439,
14:27:13,15.62,0.01,399,623300,
14:27:08,15.61,-0.01,330,516503,
14:27:03,15.62,--,138,215680,
14:26:58,15.62,--,1187,1854156,
14:26:53,15.62,0.01,1058,1653970,
14:26:48,15.61,-0.01,1039,1621941,
14:26:43,15.62,--,544,851227,
14:26:38,15.62,0.01,719,1123140,
14:26:33,15.61,0.01,1025,1600711,
14:26:27,15.6,--,1476,2304057,
14:26:22,15.6,--,1168,1823577,
14:26:17,15.6,--,1389,2167027,
14:26:12,15.6,--,188,293280,
14:26:07,15.6,0.01,945,1475635,
14:26:02,15.59,--,1547,2411835,
14:25:57,15.59,-0.01,400,623600,
14:25:52,15.6,--,1449,2261875,
14:25:47,15.6,--,1161,1811347,
14:25:42,15.6,--,440,686400,
14:25:32,15.6,0.01,654,1021612,
14:25:32,15.59,-0.02,687,1071095,
14:25:27,15.61,0.01,235,366897,
14:25:22,15.6,--,1184,1847040,
14:25:17,15.6,0.01,1167,1820582,
14:25:12,15.59,0.01,497,776257,
14:25:07,15.58,--,1744,2718647,
14:25:02,15.58,-0.02,300,467400,
14:24:57,15.6,--,825,1287187,
14:24:52,15.6,--,7939,12385651,
14:24:47,15.6,-0.02,7716,12038457,
14:24:42,15.62,0.01,1481,2314009,
14:24:37,15.61,-0.02,2848,4445728,
14:24:32,15.63,--,2064,3226032,
14:24:27,15.63,-0.02,2556,3996028,
14:24:22,15.65,--,1256,1967142,
14:24:17,15.65,0.01,2893,4528984,
14:24:12,15.64,-0.02,429,671143,
14:24:07,15.66,0.02,110,173638,
14:24:02,15.64,-0.04,2262,3537893,
14:23:57,15.68,-0.01,239,374814,
14:23:52,15.69,-0.01,89,141084,
14:23:47,15.7,0.01,83,130372,
14:23:42,15.69,0.03,576,905250,
14:23:32,15.66,-0.03,920,1442223,
14:23:32,15.69,--,416,653457,
14:23:27,15.69,--,93,147360,
14:23:22,15.69,--,725,1137713,
14:23:17,15.69,--,146,230454,
14:23:12,15.69,-0.01,72,114474,
14:23:02,15.7,0.01,122,191665,
14:23:02,15.69,0.02,540,847260,
14:22:57,15.67,--,24,39112,
14:22:52,15.67,--,176,277296,
14:22:47,15.67,--,134,210103,
14:22:42,15.67,-0.03,43,67443,
14:22:37,15.7,--,113,178854,
14:22:32,15.7,--,90,141425,
14:22:27,15.7,0.01,151,237132,
14:22:22,15.69,-0.01,208,326352,
14:22:12,15.7,-0.02,120,189907,
14:22:12,15.72,0.02,381,600378,
14:22:07,15.7,--,12,20347,
14:22:02,15.7,--,108,170313,
14:21:57,15.7,--,201,317014,
14:21:52,15.7,0.02,167,262252,
14:21:47,15.68,-0.02,90,141245,
14:21:42,15.7,-0.01,4277,6716334,
14:21:37,15.71,--,83,130455,
14:21:32,15.71,0.01,96,150816,
14:21:27,15.7,0.02,72,113542,
14:21:22,15.68,-0.02,41,64476,
14:21:17,15.7,--,32,50993,
14:21:12,15.7,--,984,1544880,
14:21:07,15.7,0.01,43,67572,
14:21:02,15.69,--,20,32886,
14:20:57,15.69,--,73,114725,
14:20:52,15.69,0.01,148,232714,
14:20:47,15.68,--,136,214753,
14:20:42,15.68,0.01,120,188160,
14:20:37,15.67,-0.02,27,42371,
14:20:32,15.69,--,507,795545,
14:20:27,15.69,--,770,1209510,
14:20:22,15.69,0.01,477,748601,
14:20:12,15.68,--,72,114401,
14:20:07,15.68,0.02,502,787763,
14:19:57,15.66,0.02,591,925568,
14:19:52,15.64,--,1268,1984653,
14:19:42,15.64,0.01,336,527005,
14:19:37,15.63,-0.04,904,1414452,
14:19:27,15.67,0.03,1927,3019671,
14:19:22,15.64,-0.03,844,1321517,
14:19:12,15.67,0.04,52,81484,
14:19:07,15.63,--,986,1541243,
14:19:02,15.63,-0.04,1249,1953624,
14:18:57,15.67,0.01,461,722575,
14:18:52,15.66,-0.01,3719,5824517,
14:18:42,15.67,0.01,183,286823,
14:18:42,15.66,--,295,462032,
14:18:37,15.66,-0.02,1257,1969902,
14:18:32,15.68,0.01,630,987965,
14:18:27,15.67,-0.01,1568,2457056,
14:18:22,15.68,0.01,8,14049,
14:18:17,15.67,0.01,380,595460,
14:18:07,15.66,-0.02,8,12528,
14:18:02,15.68,-0.02,591,926750,
14:18:02,15.7,0.02,292,458440,
14:17:59,15.68,--,529,830914,
14:17:54,15.68,0.01,451,707230,
14:17:49,15.67,-0.02,235,368809,
14:17:44,15.69,0.01,1325,2079113,
14:17:34,15.68,-0.01,293,460866,
14:17:29,15.69,--,60,94140,
14:17:24,15.69,--,4,6276,
14:17:19,15.69,-0.01,725,1137713,
14:17:09,15.7,0.01,70,111281,
14:17:04,15.69,--,573,899225,
14:16:54,15.69,-0.01,326,512874,
14:16:49,15.7,--,467,733252,
14:16:44,15.7,--,476,748827,
14:16:39,15.7,--,478,750585,
14:16:34,15.7,-0.02,1243,1951572,
14:16:29,15.72,--,184,289248,
14:16:24,15.72,0.01,48,76965,
14:16:19,15.71,-0.01,53,84708,
14:16:14,15.72,--,12,18864,
14:16:09,15.72,0.02,79,124250,
14:16:04,15.7,-0.02,598,938985,
14:15:59,15.72,--,1856,2917632,
14:15:54,15.72,--,28,44016,
14:15:49,15.72,--,158,249759,
14:15:44,15.72,--,683,1073738,
14:15:39,15.72,--,304,477888,
14:15:34,15.72,-0.01,236,370992,
14:15:29,15.73,0.02,207,325673,
14:15:24,15.71,-0.01,391,614323,
14:15:19,15.72,0.01,72,113184,
14:15:14,15.71,--,86,136488,
14:15:09,15.71,--,201,315959,
14:15:04,15.71,-0.02,125,197820,
14:14:59,15.73,0.01,160,251680,
14:14:54,15.72,--,8,14085,
14:14:49,15.72,--,69,108656,
14:14:44,15.72,--,20,31440,
14:14:34,15.72,0.02,418,658479,
14:14:34,15.7,-0.02,116,182120,
14:14:29,15.72,0.02,325,511088,
14:14:24,15.7,--,74,117561,
14:14:19,15.7,0.01,861,1351958,
14:14:14,15.69,-0.03,792,1242648,
14:14:09,15.72,0.02,450,708783,
14:14:04,15.7,--,723,1135172,
14:13:59,15.7,--,960,1508707,
14:13:54,15.7,0.01,64,100480,
14:13:49,15.69,-0.03,141,221417,
14:13:44,15.72,0.01,514,809391,
14:13:39,15.71,0.01,649,1019767,
14:13:34,15.7,0.02,556,874427,
14:13:29,15.68,--,76,120673,
14:13:24,15.68,-0.03,592,928256,
14:13:19,15.71,-0.01,140,219940,
14:13:14,15.72,0.01,1404,2208597,
14:13:09,15.71,--,394,619099,
14:13:04,15.71,-0.01,43,67615,
14:12:59,15.72,--,389,612954,
14:12:54,15.72,0.01,568,892896,
14:12:49,15.71,--,176,278004,
14:12:44,15.71,0.03,89,140007,
14:12:39,15.68,-0.04,420,658560,
14:12:34,15.72,--,128,202725,
14:12:29,15.72,-0.01,233,367722,
14:12:24,15.73,--,260,408980,
14:12:19,15.73,0.01,218,343039,
14:12:14,15.72,--,87,136826,
14:12:09,15.72,--,6,10815,
14:12:04,15.72,0.02,745,1171328,
14:11:59,15.7,0.02,373,587054,
14:11:54,15.68,-0.04,360,565985,
14:11:49,15.72,--,823,1293818,
14:11:44,15.72,0.02,15,23642,
14:11:39,15.7,--,407,639052,
14:11:34,15.7,0.02,116,183627,
14:11:29,15.68,-0.02,656,1030113,
14:11:24,15.7,0.02,807,1267052,
14:11:19,15.68,0.01,140,221025,
14:11:13,15.67,-0.01,272,426224,
14:11:08,15.68,0.03,908,1425249,
14:10:51,15.65,-0.01,1991,3115977,
14:10:51,15.66,0.01,2876,4505319,
14:10:41,15.65,0.01,1284,2009460,
14:10:31,15.64,--,1592,2489888,
14:10:21,15.64,--,1125,1759687,
14:10:16,15.64,-0.01,761,1191642,
14:10:11,15.65,--,1467,2295917,
14:10:06,15.65,--,472,738680,
14:10:01,15.65,-0.01,1323,2070557,
14:09:56,15.66,--,869,1362294,
14:09:51,15.66,--,806,1262321,
14:09:46,15.66,--,2136,3346479,
14:09:41,15.66,--,679,1063376,
14:09:36,15.66,-0.01,988,1548711,
14:09:26,15.67,--,700,1096900,
14:09:26,15.67,0.01,868,1360156,
14:09:21,15.66,--,919,1439216,
14:09:16,15.66,-0.02,1762,2760670,
14:09:11,15.68,--,2222,3484221,
14:09:06,15.68,--,984,1542912,
14:09:01,15.68,--,884,1387617,
14:08:56,15.68,-0.01,2832,4440576,
14:08:51,15.69,0.01,492,771948,
14:08:46,15.68,-0.02,1594,2499517,
14:08:41,15.7,--,580,910600,
14:08:36,15.7,--,149,235374,
14:08:31,15.7,--,1466,2301745,
14:08:26,15.7,-0.01,5904,9269782,
14:08:21,15.71,-0.01,298,469540,
14:08:16,15.72,0.01,165,259568,
14:08:11,15.71,-0.04,196,307916,
14:08:06,15.75,--,8397,13226724,
14:08:01,15.75,--,15,23688,
14:07:51,15.75,-0.02,1427,2247588,
14:07:51,15.77,-0.01,666,1051669,
14:07:46,15.78,--,56,88368,
14:07:41,15.78,--,200,315600,
14:07:36,15.78,-0.01,136,214608,
14:07:31,15.79,0.01,720,1136880,
14:07:26,15.78,--,26,41154,
14:07:21,15.78,-0.01,185,293381,
14:07:16,15.79,0.01,41,64928,
14:07:11,15.78,0.01,544,859946,
14:07:06,15.77,-0.01,488,770080,
14:06:56,15.78,0.01,172,271416,
14:06:56,15.77,--,176,279065,
14:06:51,15.77,--,172,271244,
14:06:46,15.77,--,44,70901,
14:06:41,15.77,--,30,47436,
14:06:36,15.77,0.02,116,184445,
14:06:31,15.75,-0.01,260,409500,
14:06:26,15.76,--,27,42615,
14:06:21,15.76,0.01,60,94560,
14:06:16,15.75,0.01,738,1163736,
14:06:11,15.74,-0.01,560,881440,
14:06:06,15.75,--,321,505764,
14:06:01,15.75,--,540,850500,
14:05:56,15.75,--,225,355824,
14:05:51,15.75,0.01,160,253512,
14:05:46,15.74,--,81,127682,
14:05:41,15.74,-0.01,965,1520358,
14:05:36,15.75,--,62,97776,
14:05:31,15.75,--,437,689724,
14:05:26,15.75,-0.01,244,385812,
14:05:21,15.76,0.02,60,94560,
14:05:16,15.74,-0.01,35,55152,
14:05:13,15.75,-0.01,856,1349712,
14:05:08,15.76,0.01,181,285445,
14:04:58,15.75,--,1341,2113524,
14:04:58,15.75,--,79,124488,
14:04:53,15.75,--,465,733824,
14:04:48,15.75,--,1036,1631700,
14:04:43,15.75,0.01,320,504000,
14:04:38,15.74,--,398,626577,
14:04:33,15.74,0.02,917,1444806,
14:04:28,15.72,--,1810,2845445,
14:04:23,15.72,--,4204,6608688,
14:04:18,15.72,--,1739,2733770,
14:04:13,15.72,-0.01,97,153930,
14:04:08,15.73,0.01,152,239096,
14:04:03,15.72,--,250,393125,
14:03:58,15.72,-0.01,948,1491765,
14:03:53,15.73,--,49,78524,
14:03:48,15.73,--,977,1537009,
14:03:43,15.73,--,1136,1786928,
14:03:38,15.73,0.01,124,196562,
14:03:33,15.72,-0.03,2308,3629685,
14:03:28,15.75,0.01,346,545076,
14:03:23,15.74,--,673,1060750,
14:03:18,15.74,--,356,561855,
14:03:13,15.74,--,4746,7470329,
14:03:08,15.74,--,392,618519,
14:03:03,15.74,-0.01,464,730336,
14:02:53,15.75,--,752,1184400,
14:02:53,15.75,--,362,570276,
14:02:48,15.75,--,580,913500,
14:02:43,15.75,-0.01,372,585900,
14:02:38,15.76,--,378,597114,
14:02:33,15.76,0.01,55,86743,
14:02:23,15.75,--,126,198576,
14:02:23,15.75,0.01,1618,2549736,
14:02:18,15.74,--,353,555810,
14:02:13,15.74,--,472,744439,
14:02:08,15.74,--,737,1161486,
14:02:03,15.74,--,297,467666,
14:01:58,15.74,0.01,828,1304783,
14:01:53,15.73,--,439,690609,
14:01:48,15.73,-0.01,1936,3046838,
14:01:43,15.74,--,1320,2077680,
14:01:38,15.74,0.01,164,258136,
14:01:33,15.73,--,360,566280,
14:01:28,15.73,--,615,967457,
14:01:23,15.73,--,209,330204,
14:01:18,15.73,-0.02,124,196562,
14:01:13,15.75,0.02,257,404964,
14:01:08,15.73,-0.04,1170,1841794,
14:01:03,15.77,--,1394,2198464,
14:00:51,15.77,-0.02,1852,2920604,
14:00:46,15.79,-0.01,264,418371,
14:00:41,15.8,--,440,696716,
14:00:36,15.8,-0.01,328,518240,
14:00:31,15.81,0.01,430,679956,
14:00:26,15.8,-0.01,1220,1927600,
14:00:21,15.81,-0.02,556,880553,
14:00:16,15.83,0.01,508,805683,
14:00:11,15.82,-0.01,399,631281,
14:00:06,15.83,-0.01,448,710703,
14:00:01,15.84,--,620,982080,
13:59:56,15.84,-0.01,718,1137438,
13:59:46,15.85,--,556,882781,
13:59:36,15.85,-0.01,355,562738,
13:59:36,15.86,--,308,488488,
13:59:31,15.86,-0.02,9,15733,
13:59:26,15.88,0.01,115,182683,
13:59:21,15.87,--,248,395099,
13:59:11,15.87,-0.01,1166,1850568,
13:59:11,15.88,--,72,115860,
13:59:06,15.88,--,200,317600,
13:59:01,15.88,-0.01,196,311248,
13:58:56,15.89,0.01,142,225765,
13:58:51,15.88,--,112,179380,
13:58:45,15.88,-0.01,120,192084,
13:58:40,15.89,0.01,343,545090,
13:58:35,15.88,--,31,49291,
13:58:30,15.88,-0.01,173,276184,
13:58:25,15.89,0.01,291,462462,
13:58:20,15.88,-0.02,79,125515,
13:58:15,15.9,0.01,8,12720,
13:58:10,15.89,0.01,116,184324,
13:58:05,15.88,--,104,166676,
13:57:55,15.88,-0.02,1125,1787960,
13:57:50,15.9,--,189,300700,
13:57:45,15.9,0.02,1516,2411966,
13:57:40,15.88,-0.01,25,41160,
13:57:30,15.89,-0.01,81,128899,
13:57:30,15.9,--,5,9412,
13:57:25,15.9,--,96,154166,
13:57:20,15.9,--,596,947640,
13:57:15,15.9,--,418,664747,
13:57:10,15.9,--,144,228960,
13:57:05,15.9,-0.01,84,133560,
13:57:00,15.91,0.01,240,381840,
13:56:55,15.9,--,248,394320,
13:56:50,15.9,-0.01,152,243206,
13:56:45,15.91,0.01,100,159100,
13:56:40,15.9,--,140,222600,
13:56:35,15.9,--,1676,2666366,
13:56:30,15.9,--,304,483360,
13:56:25,15.9,0.01,124,198686,
13:56:20,15.89,-0.01,35,55678,
13:56:15,15.9,--,30,49099,
13:56:10,15.9,0.01,65,103540,
13:56:05,15.89,--,32,50848,
13:56:00,15.89,0.01,174,277884,
13:55:55,15.88,--,50,79527,
13:55:50,15.88,--,136,215968,
13:55:45,15.88,0.01,208,330304,
13:55:40,15.87,--,64,101568,
13:55:35,15.87,--,564,895068,
13:55:30,15.87,-0.01,20,31740,
13:55:25,15.88,0.02,399,633675,
13:55:20,15.86,-0.01,20,33242,
13:55:15,15.87,--,145,231575,
13:55:10,15.87,--,127,201612,
13:55:05,15.87,--,2957,4694219,
13:55:00,15.87,--,170,269916,
13:54:55,15.87,--,75,119088,
13:54:50,15.87,0.01,124,198311,
13:54:45,15.86,-0.01,84,134746,
13:54:40,15.87,0.01,626,993588,
13:54:35,15.86,-0.01,3,4821,
13:54:30,15.87,0.01,365,580715,
13:54:25,15.86,-0.01,20,33242,
13:54:20,15.87,0.01,258,409572,
13:54:15,15.86,0.01,20,33242,
13:54:10,15.85,--,632,1001720,
13:54:05,15.85,-0.02,100,160021,
13:54:00,15.87,0.01,35,55608,
13:53:55,15.86,0.01,376,597858,
13:53:50,15.85,--,63,99918,
13:53:45,15.85,--,64,101440,
13:53:40,15.85,--,75,118938,
13:53:35,15.85,0.01,8,12680,
13:53:30,15.84,-0.01,80,126720,
13:53:25,15.85,--,391,619798,
13:53:20,15.85,--,125,199583,
13:53:15,15.85,--,146,231536,
13:53:10,15.85,0.01,256,407281,
13:53:05,15.84,--,681,1080161,
13:53:00,15.84,--,107,169551,
13:52:55,15.84,--,59,93519,
13:52:50,15.84,-0.01,751,1189647,
13:52:40,15.85,0.01,392,621320,
13:52:35,15.84,-0.01,677,1073825,
13:52:25,15.85,--,466,738736,
13:52:15,15.85,0.01,337,535603,
13:52:10,15.84,-0.01,72,115568,
13:52:05,15.85,--,43,68218,
13:52:00,15.85,--,16,26881,
13:51:55,15.85,--,142,225196,
13:51:50,15.85,--,123,195018,
13:51:45,15.85,-0.01,220,348700,
13:51:40,15.86,0.01,80,128402,
13:51:35,15.85,-0.01,24,39561,
13:51:30,15.86,--,1238,1963594,
13:51:25,15.86,--,122,194887,
13:51:20,15.86,-0.01,952,1509872,
13:51:15,15.87,--,16,25392,
13:51:10,15.87,0.01,319,506316,
13:51:05,15.86,--,42,66738,
13:51:00,15.86,--,32,52274,
13:50:55,15.86,-0.01,129,206053,
13:50:50,15.87,--,166,263568,
13:50:45,15.87,--,244,387228,
13:50:40,15.87,--,85,136355,
13:50:35,15.87,-0.01,175,277788,
13:50:30,15.88,0.01,139,220795,
13:50:25,15.87,--,92,146004,
13:50:20,15.87,--,892,1415604,
13:50:15,15.87,--,36,57132,
13:50:10,15.87,-0.01,620,983940,
13:50:05,15.88,-0.01,157,250776,
13:50:00,15.89,--,286,454581,
13:49:55,15.89,--,1209,1922562,
13:49:50,15.89,--,283,449750,
13:49:45,15.89,--,996,1584169,
13:49:40,15.89,--,53,84407,
13:49:35,15.89,--,572,910433,
13:49:30,15.89,--,192,305088,
13:49:25,15.89,0.01,640,1018485,
13:49:20,15.88,-0.01,1660,2636080,
13:49:15,15.89,0.01,142,225765,
13:49:10,15.88,--,80,128564,
13:49:00,15.88,--,60,96804,
13:49:00,15.88,0.01,635,1008697,
13:48:55,15.87,--,80,126960,
13:48:50,15.87,--,224,357011,
13:48:45,15.87,0.01,46,73128,
13:48:40,15.86,--,247,391805,
13:48:35,15.86,--,322,512087,
13:48:30,15.86,--,1608,2550288,
13:48:25,15.86,--,67,106325,
13:48:20,15.86,--,132,210874,
13:48:15,15.86,-0.02,285,452200,
13:48:10,15.88,--,100,160324,
13:48:05,15.88,0.01,231,366891,
13:47:55,15.87,-0.01,22,36310,
13:47:55,15.88,--,245,389250,
13:47:50,15.88,-0.01,136,216222,
13:47:45,15.89,--,492,783313,
13:47:40,15.89,--,191,303562,
13:47:35,15.89,--,104,165256,
13:47:30,15.89,-0.01,481,765770,
13:47:25,15.9,0.01,431,685353,
13:47:20,15.89,0.01,16,25424,
13:47:15,15.88,--,116,185732,
13:47:10,15.88,-0.02,598,949751,
13:47:05,15.9,--,269,429172,
13:47:00,15.9,--,50,79627,
13:46:55,15.9,-0.01,2044,3251486,
13:46:50,15.91,-0.02,11,17564,
13:46:45,15.93,--,376,600497,
13:46:40,15.93,0.01,164,262781,
13:46:35,15.92,-0.01,927,1475847,
13:46:30,15.93,--,215,342558,
13:46:25,15.93,--,2196,3498228,
13:46:20,15.93,--,487,775854,
13:46:15,15.93,-0.01,361,576538,
13:46:10,15.94,0.01,148,235912,
13:46:04,15.93,-0.01,183,291582,
13:45:59,15.94,--,664,1058416,
13:45:54,15.94,0.02,577,921204,
13:45:49,15.92,-0.03,1487,2367367,
13:45:44,15.95,0.01,128,204160,
13:45:39,15.94,0.01,4247,6769781,
13:45:34,15.93,-0.02,543,865062,
13:45:29,15.95,0.02,4046,6454773,
13:45:24,15.93,--,154,245449,
13:45:19,15.93,--,61,98638,
13:45:09,15.93,-0.02,387,616554,
13:45:09,15.95,0.04,5559,8866668,
13:45:04,15.91,-0.01,277,442170,
13:44:59,15.92,--,144,229248,
13:44:54,15.92,--,5188,8259296,
13:44:49,15.92,-0.01,2247,3578051,
13:44:44,15.93,0.01,198,316815,
13:44:39,15.92,-0.01,109,173719,
13:44:34,15.93,0.01,22,36447,
13:44:29,15.92,--,433,689527,
13:44:24,15.92,--,88,140096,
13:44:19,15.92,--,1420,2260640,
13:44:14,15.92,--,114,182888,
13:44:09,15.92,-0.01,1567,2494727,
13:44:04,15.93,0.01,696,1108728,
13:43:54,15.92,--,278,442703,
13:43:54,15.92,--,1224,1950136,
13:43:49,15.92,--,979,1559395,
13:43:39,15.92,0.01,212,337504,
13:43:34,15.91,--,53,84513,
13:43:29,15.91,-0.02,765,1217560,
13:43:19,15.93,--,413,658864,
13:43:14,15.93,--,255,406278,
13:43:09,15.93,--,293,468214,
13:43:04,15.93,--,252,402965,
13:42:59,15.93,--,2296,3657528,
13:42:49,15.93,--,860,1369980,
13:42:44,15.93,--,1321,2105053,
13:42:29,15.93,-0.01,411,654786,
13:42:29,15.94,--,1273,2029863,
13:42:14,15.94,--,535,852853,
13:42:14,15.94,--,272,435098,
13:42:09,15.94,0.01,354,564403,
13:42:04,15.93,-0.01,113,181474,
13:41:59,15.94,0.01,143,228260,
13:41:54,15.93,0.01,816,1301417,
13:41:49,15.92,-0.01,39,62151,
13:41:44,15.93,0.01,507,807714,
13:41:39,15.92,--,281,448816,
13:41:34,15.92,0.01,145,231031,
13:41:29,15.91,--,766,1220106,
13:41:24,15.91,--,167,265760,
13:41:19,15.91,0.01,143,227576,
13:41:14,15.9,0.01,617,982492,
13:41:09,15.89,-0.01,833,1323827,
13:41:04,15.9,0.01,2301,3660052,
13:40:59,15.89,--,1779,2826894,
13:40:54,15.89,--,1598,2540747,
13:40:49,15.89,--,604,959756,
13:40:44,15.89,--,272,432208,
13:40:39,15.89,0.01,1327,2108666,
13:40:34,15.88,--,186,295368,
13:40:29,15.88,-0.01,960,1524480,
13:40:24,15.89,0.01,216,344495,
13:40:19,15.88,--,670,1063960,
13:40:14,15.88,--,76,122212,
13:40:09,15.88,--,257,408179,
13:40:04,15.88,0.01,456,725652,
13:39:59,15.87,-0.01,44,69828,
13:39:54,15.88,--,334,530392,
13:39:49,15.88,--,203,322427,
13:39:44,15.88,--,100,160324,
13:39:41,15.88,--,334,530392,
13:39:36,15.88,--,886,1406968,
13:39:31,15.88,--,169,268435,
13:39:21,15.88,-0.01,188,298544,
13:39:16,15.89,0.02,530,842170,
13:39:06,15.87,-0.01,332,528407,
13:39:01,15.88,--,174,276312,
13:38:56,15.88,--,166,263608,
13:38:51,15.88,--,125,198563,
13:38:46,15.88,--,98,155624,
13:38:41,15.88,--,130,206440,
13:38:31,15.88,0.01,170,271484,
13:38:26,15.87,-0.02,705,1118898,
13:38:21,15.89,0.01,442,702338,
13:38:16,15.88,--,236,374768,
13:38:11,15.88,0.01,164,260432,
13:38:06,15.87,-0.02,84,133308,
13:38:01,15.89,0.01,152,243053,
13:37:56,15.88,-0.01,188,298544,
13:37:46,15.89,--,330,524370,
13:37:46,15.89,0.01,1364,2167396,
13:37:41,15.88,-0.01,926,1470488,
13:37:36,15.89,--,799,1269674,
13:37:31,15.89,0.01,40,63560,
13:37:26,15.88,-0.02,1374,2181912,
13:37:21,15.9,0.01,204,325886,
13:37:16,15.89,--,916,1455524,
13:37:11,15.89,--,372,591108,
13:37:06,15.89,0.01,238,378182,
13:37:01,15.88,--,166,263608,
13:36:56,15.88,--,587,932219,
13:36:51,15.88,--,282,449340,
13:36:46,15.88,0.01,204,323952,
13:36:41,15.87,0.01,207,328572,
13:36:36,15.86,-0.01,76,122058,
13:36:31,15.87,--,84,133308,
13:36:26,15.87,0.01,1050,1667238,
13:36:21,15.86,--,585,928507,
13:36:16,15.86,--,269,426697,
13:36:11,15.86,0.01,50,79300,
13:36:06,15.85,-0.01,78,123630,
13:36:01,15.86,0.01,586,930918,
13:35:56,15.85,--,131,207698,
13:35:51,15.85,--,290,459650,
13:35:46,15.85,0.01,82,129970,
13:35:41,15.84,-0.01,130,205920,
13:35:36,15.85,0.01,356,565781,
13:35:31,15.84,0.01,64,101376,
13:35:26,15.83,--,78,123474,
13:35:21,15.83,--,74,117142,
13:35:16,15.83,0.01,423,669672,
13:35:11,15.82,0.01,132,208824,
13:35:06,15.81,0.02,126,199206,
13:35:01,15.79,--,736,1163659,
13:34:56,15.79,--,2495,3939668,
13:34:51,15.79,--,208,329947,
13:34:46,15.79,0.01,60,94740,
13:34:41,15.78,0.01,207,326709,
13:34:36,15.77,--,116,182932,
13:34:31,15.77,--,618,974586,
13:34:26,15.77,0.01,384,607081,
13:34:21,15.76,--,37,58375,
13:34:16,15.76,0.01,195,308013,
13:34:11,15.75,--,166,262962,
13:34:06,15.75,-0.01,305,480438,
13:34:01,15.76,0.01,436,687136,
13:33:56,15.75,--,180,285012,
13:33:51,15.75,--,59,92988,
13:33:41,15.75,--,169,267624,
13:33:41,15.75,-0.01,623,981288,
13:33:36,15.76,--,132,209544,
13:33:26,15.76,--,11,17399,
13:33:26,15.76,0.01,383,603671,
13:33:21,15.75,-0.01,486,766332,
13:33:16,15.76,--,108,170208,
13:33:11,15.76,--,358,565720,
13:33:01,15.76,0.01,1192,1879222,
13:33:01,15.75,--,1362,2146158,
13:32:56,15.75,-0.01,228,359100,
13:32:51,15.76,--,406,639856,
13:32:46,15.76,--,544,857344,
13:32:41,15.76,--,300,472800,
13:32:36,15.76,--,194,305744,
13:32:31,15.76,-0.01,194,307256,
13:32:26,15.77,--,721,1137080,
13:32:21,15.77,-0.01,228,359556,
13:32:16,15.78,0.01,558,880524,
13:32:11,15.77,-0.01,274,433611,
13:32:06,15.78,--,123,194157,
13:32:01,15.78,--,72,115130,
13:31:56,15.78,-0.01,8,12624,
13:31:51,15.79,0.01,316,498964,
13:31:46,15.78,--,143,225717,
13:31:41,15.78,0.01,222,350316,
13:31:36,15.77,-0.01,96,152905,
13:31:31,15.78,0.01,30,47340,
13:31:26,15.77,-0.01,56,88312,
13:31:21,15.78,--,274,432372,
13:31:11,15.78,--,133,209937,
13:31:06,15.78,-0.01,8,14138,
13:31:01,15.79,0.01,2,3158,
13:30:56,15.78,-0.01,165,260433,
13:30:51,15.79,--,136,214744,
13:30:46,15.79,--,14,22106,
13:30:40,15.79,--,236,374159,
13:30:35,15.79,--,17,26906,
13:30:30,15.79,-0.01,292,462583,
13:30:20,15.8,0.02,135,213363,
13:30:15,15.78,0.02,230,362940,
13:30:10,15.76,-0.02,3814,6010864,
13:30:05,15.78,-0.01,78,123084,
13:30:00,15.79,0.01,38,61517,
13:29:55,15.78,--,70,110460,
13:29:50,15.78,--,97,153129,
13:29:45,15.78,0.01,734,1158883,
13:29:40,15.77,-0.01,364,574028,
13:29:30,15.78,0.01,278,440198,
13:29:30,15.77,-0.01,302,477263,
13:29:25,15.78,--,1342,2119190,
13:29:20,15.78,--,432,681696,
13:29:15,15.78,--,227,358269,
13:29:10,15.78,-0.01,84,132552,
13:29:05,15.79,0.01,64,102571,
13:29:00,15.78,-0.01,34,53652,
13:28:55,15.79,0.01,128,202112,
13:28:50,15.78,-0.02,55,86853,
13:28:45,15.8,0.01,1132,1790076,
13:28:40,15.79,-0.01,65,102698,
13:28:35,15.8,--,12,18960,
13:28:30,15.8,-0.02,1197,1892081,
13:28:25,15.82,--,68,109094,
13:28:20,15.82,-0.01,253,400309,
13:28:10,15.83,--,478,756674,
13:28:10,15.83,-0.01,46,72818,
13:28:05,15.84,--,222,353168,
13:28:00,15.84,0.01,80,126720,
13:27:55,15.83,-0.01,807,1278937,
13:27:50,15.84,--,10,17360,
13:27:45,15.84,0.01,82,129888,
13:27:40,15.83,-0.01,16,26847,
13:27:35,15.84,-0.01,459,727879,
13:27:30,15.85,--,120,190960,
13:27:25,15.85,0.01,663,1050918,
13:27:20,15.84,--,188,299312,
13:27:15,15.84,--,86,136350,
13:27:10,15.84,--,121,193121,
13:27:05,15.84,-0.01,265,419823,
13:27:00,15.85,0.01,97,153808,
13:26:55,15.84,--,90,144080,
13:26:50,15.84,0.01,134,213776,
13:26:45,15.83,--,25,39638,
13:26:40,15.83,-0.01,8,12664,
13:26:35,15.84,0.01,298,472032,
13:26:25,15.83,0.01,308,487817,
13:26:25,15.82,--,86,137570,
13:26:20,15.82,--,329,520541,
13:26:15,15.82,-0.01,26,41132,
13:26:10,15.83,0.01,130,207309,
13:26:05,15.82,--,215,340193,
13:26:00,15.82,0.01,66,104412,
13:25:55,15.81,--,65,102828,
13:25:50,15.81,-0.01,144,227664,
13:25:45,15.82,0.01,8,14174,
13:25:40,15.81,-0.01,82,129642,
13:25:35,15.82,0.02,1279,2024327,
13:25:30,15.8,--,10,15800,
13:25:25,15.8,0.01,205,324721,
13:25:20,15.79,--,18,28422,
13:25:15,15.79,-0.01,169,266914,
13:25:10,15.8,0.01,399,630483,
13:25:05,15.79,--,124,195796,
13:25:00,15.79,--,112,178363,
13:24:55,15.79,--,102,161058,
13:24:50,15.79,-0.01,45,71118,
13:24:45,15.8,0.01,150,238516,
13:24:40,15.79,--,57,90066,
13:24:35,15.79,-0.02,251,397655,
13:24:30,15.81,0.02,232,366792,
13:24:25,15.79,--,271,428098,
13:24:20,15.79,-0.01,229,361654,
13:24:15,15.8,0.01,486,767880,
13:24:10,15.79,-0.01,204,323631,
13:24:05,15.8,--,52,82160,
13:24:00,15.8,0.01,19,30083,
13:23:55,15.79,-0.02,599,947147,
13:23:50,15.81,--,285,451407,
13:23:45,15.81,--,30,47430,
13:23:40,15.81,--,266,420546,
13:23:35,15.81,--,100,159617,
13:23:30,15.81,-0.01,53,84615,
13:23:25,15.82,--,515,814793,
13:23:20,15.82,--,336,533070,
13:23:15,15.82,0.01,82,129724,
13:23:10,15.81,-0.01,17,26940,
13:23:05,15.82,0.01,34,55306,
13:23:00,15.81,--,24,37944,
13:22:55,15.81,-0.01,108,172139,
13:22:50,15.82,-0.01,138,219834,
13:22:38,15.83,0.01,22,34952,
13:22:33,15.82,-0.01,77,123269,
13:22:28,15.83,-0.02,11,17476,
13:22:23,15.85,0.02,1244,1971740,
13:22:18,15.83,--,304,481232,
13:22:13,15.83,--,583,922952,
13:22:03,15.83,--,430,682209,
13:22:03,15.83,-0.01,224,354592,
13:21:58,15.84,--,301,476847,
13:21:48,15.84,0.01,64,102896,
13:21:43,15.83,--,120,191479,
13:21:38,15.83,-0.01,240,379920,
13:21:33,15.84,0.01,50,79326,
13:21:28,15.83,-0.01,70,112329,
13:21:23,15.84,--,568,899712,
13:21:18,15.84,-0.01,77,122031,
13:21:13,15.85,0.01,160,255121,
13:21:08,15.84,-0.01,42,66528,
13:21:03,15.85,--,230,366071,
13:20:58,15.85,0.01,198,313956,
13:20:53,15.84,-0.01,145,231137,
13:20:48,15.85,0.01,353,559568,
13:20:43,15.84,0.01,173,274095,
13:20:38,15.83,-0.02,322,511245,
13:20:33,15.85,0.01,129,204528,
13:20:28,15.84,-0.01,176,280304,
13:20:23,15.85,--,104,166361,
13:20:18,15.85,0.01,215,341092,
13:20:13,15.84,0.01,32,50688,
13:20:08,15.83,-0.01,834,1321741,
13:20:03,15.84,-0.01,333,527535,
13:19:58,15.85,--,228,362901,
13:19:53,15.85,0.01,150,237750,
13:19:48,15.84,-0.01,142,224928,
13:19:42,15.85,--,95,150638,
13:19:37,15.85,0.02,88,139480,
13:19:30,15.83,--,2145,3395851,
13:19:20,15.83,--,96,151968,
13:19:15,15.83,--,84,132972,
13:19:10,15.83,--,37,58634,
13:19:05,15.83,0.02,224,354592,
13:19:00,15.81,--,64,101184,
13:18:55,15.81,--,146,230826,
13:18:50,15.81,--,34,55271,
13:18:45,15.81,0.01,137,216786,
13:18:40,15.8,--,412,650960,
13:18:35,15.8,0.01,541,854843,
13:18:30,15.79,-0.01,248,391592,
13:18:25,15.8,0.01,152,240160,
13:18:20,15.79,0.01,1153,1820650,
13:18:15,15.78,--,141,223949,
13:18:10,15.78,0.01,158,250081,
13:18:05,15.77,--,540,851580,
13:18:00,15.77,-0.01,2290,3612843,
13:17:55,15.78,0.01,1491,2352861,
13:17:50,15.77,--,1780,2807060,
13:17:45,15.77,--,1072,1692057,
13:17:40,15.77,--,35,55258,
13:17:35,15.77,--,40,63080,
13:17:30,15.77,-0.01,116,184445,
13:17:25,15.78,--,709,1118865,
13:17:20,15.78,-0.01,696,1099802,
13:17:15,15.79,0.01,287,453236,
13:17:10,15.78,-0.01,98,154644,
13:17:05,15.79,--,32,52043,
13:17:00,15.79,--,3224,5091706,
13:16:55,15.79,--,154,244681,
13:16:50,15.79,-0.01,254,402581,
13:16:45,15.8,--,605,955963,
13:16:40,15.8,--,930,1469400,
13:16:35,15.8,--,932,1472560,
13:16:30,15.8,--,284,450236,
13:16:24,15.8,--,1202,1899286,
13:16:14,15.8,--,249,394873,
13:16:14,15.8,-0.01,223,352403,
13:16:09,15.81,0.01,135,213498,
13:16:04,15.8,-0.01,177,281113,
13:15:59,15.81,--,1759,2781042,
13:15:49,15.81,--,832,1315392,
13:15:39,15.81,--,1060,1675860,
13:15:34,15.81,--,1068,1690025,
13:15:24,15.81,-0.01,561,887004,
13:15:19,15.82,--,144,227808,
13:15:14,15.82,--,2414,3820340,
13:15:04,15.82,-0.01,348,550536,
13:14:54,15.83,--,2280,3610759,
13:14:39,15.83,--,427,676004,
13:14:34,15.83,-0.01,532,842156,
13:14:29,15.84,--,2032,3220208,
13:14:24,15.84,--,95,150543,
13:14:19,15.84,--,358,567072,
13:14:14,15.84,-0.01,18,28512,
13:14:09,15.85,0.01,54,87111,
13:14:04,15.84,-0.01,287,454671,
13:13:54,15.85,--,126,201231,
13:13:49,15.85,--,16,25360,
13:13:44,15.85,-0.01,502,795670,
13:13:39,15.86,--,67,106325,
13:13:34,15.86,--,282,447252,
13:13:24,15.86,-0.01,154,244244,
13:13:19,15.87,--,74,118961,
13:13:14,15.87,--,2581,4096110,
13:12:44,15.87,0.01,84,134831,
13:12:39,15.86,--,119,188797,
13:12:34,15.86,0.01,56,88816,
13:12:29,15.85,--,82,131491,
13:12:29,15.85,--,2003,3176086,
13:12:14,15.85,--,10,15850,
13:12:09,15.85,--,751,1190398,
13:11:59,15.85,0.01,10,17371,
13:11:54,15.84,--,48,76032,
13:11:44,15.84,0.01,1147,1816911,
13:11:29,15.83,-0.01,72,113976,
13:11:24,15.84,--,132,210608,
13:11:14,15.84,--,106,167904,
13:11:09,15.84,--,548,868032,
13:10:59,15.84,--,85,134703,
13:10:54,15.84,-0.01,62,99728,
13:10:44,15.85,0.01,151,239398,
13:10:39,15.84,--,86,136224,
13:10:34,15.84,--,82,129888,
13:10:29,15.84,-0.01,64,102896,
13:10:24,15.85,0.01,55,87238,
13:10:19,15.84,-0.01,44,69696,
13:10:19,15.85,--,92,147341,
13:10:09,15.85,-0.01,1409,2233328,
13:10:04,15.86,--,94,149084,
13:09:59,15.86,--,146,231556,
13:09:54,15.86,--,70,111020,
13:09:49,15.86,--,470,745673,
13:09:39,15.86,--,6,11038,
13:09:34,15.86,--,135,215442,
13:09:24,15.86,--,34,53924,
13:09:19,15.86,0.01,159,252237,
13:09:09,15.85,--,284,451661,
13:09:04,15.85,--,75,118938,
13:08:59,15.85,0.01,680,1077800,
13:08:54,15.84,--,178,281952,
13:08:49,15.84,--,360,570240,
13:08:44,15.84,--,10,17360,
13:08:39,15.84,--,89,141039,
13:08:34,15.84,--,944,1495296,
13:08:18,15.84,--,96,152064,
13:08:13,15.84,0.01,1938,3069918,
13:08:03,15.83,--,60,94980,
13:07:58,15.83,--,466,737678,
13:07:48,15.83,--,696,1101768,
13:07:43,15.83,--,470,744010,
13:07:33,15.83,--,276,436908,
13:07:28,15.83,--,920,1456360,
13:07:18,15.83,--,151,239096,
13:07:13,15.83,-0.01,108,172357,
13:07:08,15.84,--,46,74384,
13:07:03,15.84,-0.01,25,39663,
13:07:03,15.85,--,68,107780,
13:06:53,15.85,-0.01,614,974711,
13:06:43,15.86,--,338,536068,
13:06:33,15.86,--,701,1111849,
13:06:28,15.86,--,340,539240,
13:06:23,15.86,--,516,818376,
13:06:13,15.86,--,72,115714,
13:06:08,15.86,--,119,188797,
13:06:03,15.86,--,82,130052,
13:05:58,15.86,0.01,1551,2460076,
13:05:53,15.85,--,510,808350,
13:05:48,15.85,--,22,36391,
13:05:43,15.85,-0.03,886,1405704,
13:05:33,15.88,0.02,1452,2306030,
13:05:23,15.86,-0.02,170,271142,
13:05:13,15.88,--,629,1000312,
13:05:08,15.88,-0.01,40,63520,
13:04:58,15.89,0.03,1535,2439305,
13:04:53,15.86,-0.02,94,150606,
13:04:43,15.88,--,428,679664,
13:04:33,15.88,--,810,1286280,
13:04:23,15.88,0.01,1734,2753592,
13:04:18,15.87,--,438,695106,
13:04:13,15.87,-0.01,525,833238,
13:04:03,15.88,--,66,106332,
13:03:58,15.88,-0.01,228,362064,
13:03:48,15.89,--,69,109704,
13:03:43,15.89,--,10,17415,
13:03:38,15.89,--,149,236824,
13:03:38,15.89,--,54,85806,
13:03:28,15.89,0.02,768,1220352,
13:03:08,15.87,--,554,880721,
13:03:08,15.87,--,373,592014,
13:02:58,15.87,-0.01,698,1109249,
13:02:43,15.88,--,325,516163,
13:02:38,15.88,0.01,114,181032,
13:02:28,15.87,--,184,293531,
13:02:23,15.87,0.01,847,1344252,
13:02:18,15.86,--,120,190320,
13:02:13,15.86,--,150,237900,
13:02:08,15.86,0.01,160,253760,
13:02:03,15.85,--,120,190200,
13:01:53,15.85,--,204,324861,
13:01:53,15.85,--,345,546888,
13:01:38,15.85,--,78,125151,
13:01:33,15.85,--,190,301150,
13:01:28,15.85,-0.01,367,581758,
13:01:23,15.86,--,264,420226,
13:01:08,15.86,0.01,47,74605,
13:01:03,15.85,--,178,282130,
13:00:53,15.85,--,66,104610,
13:00:48,15.85,0.01,68,107780,
13:00:38,15.84,-0.02,182,288288,
13:00:33,15.86,0.03,2,3172,
13:00:28,15.83,-0.02,12,18996,
13:00:23,15.85,--,20,31700,
13:00:18,15.85,--,2,3170,
13:00:13,15.85,--,1752,2776920,
13:00:03,15.85,--,2974,4715311,
11:30:02,15.85,--,55,87238,
11:29:57,15.85,--,92,147341,
11:29:52,15.85,-0.02,133,210868,
11:29:47,15.87,0.01,110,174570,
11:29:37,15.86,--,194,307684,
11:29:37,15.86,-0.01,24,39586,
11:29:32,15.87,0.01,475,753888,
11:29:27,15.86,0.01,3334,5289246,
11:29:22,15.85,-0.01,13,20668,
11:29:17,15.86,--,506,804038,
11:29:12,15.86,-0.01,236,374296,
11:29:07,15.87,--,105,166698,
11:29:01,15.87,--,512,812544,
11:28:56,15.87,-0.02,52,84047,
11:28:51,15.89,0.02,422,670558,
11:28:46,15.87,--,514,815718,
11:28:36,15.87,0.01,166,263442,
11:28:36,15.86,-0.01,144,228384,
11:28:31,15.87,--,229,363486,
11:28:26,15.87,0.01,164,260268,
11:28:21,15.86,-0.01,184,293346,
11:28:16,15.87,0.01,637,1010982,
11:28:11,15.86,--,556,881816,
11:28:06,15.86,-0.01,92,147434,
11:28:01,15.87,0.01,23,36564,
11:27:56,15.86,--,44,69784,
11:27:51,15.86,--,108,171288,
11:27:46,15.86,-0.01,162,256932,
11:27:41,15.87,--,1026,1628262,
11:27:36,15.87,0.01,432,685584,
11:27:31,15.86,--,140,223562,
11:27:26,15.86,--,294,466284,
11:27:21,15.86,--,203,322021,
11:27:16,15.86,--,102,161772,
11:27:11,15.86,--,162,256932,
11:27:06,15.86,-0.01,150,239422,
11:27:01,15.87,0.01,62,98394,
11:26:56,15.86,-0.01,219,347397,
11:26:51,15.87,0.01,50,79350,
11:26:46,15.86,--,194,309206,
11:26:41,15.86,-0.01,92,145912,
11:26:36,15.87,--,354,561798,
11:26:31,15.87,--,191,303180,
11:26:26,15.87,--,84,134831,
11:26:21,15.87,0.01,107,169872,
11:26:11,15.86,-0.02,370,586820,
11:26:11,15.88,--,226,360412,
11:26:01,15.88,0.01,38,60344,
11:26:01,15.87,-0.01,224,355488,
11:25:56,15.88,--,190,301720,
11:25:51,15.88,-0.01,217,344659,
11:25:46,15.89,0.01,118,187502,
11:25:41,15.88,--,148,235024,
11:25:36,15.88,--,64,103156,
11:25:31,15.88,--,30,47640,
11:25:26,15.88,--,1106,1756328,
11:25:21,15.88,--,75,119163,
11:25:16,15.88,--,240,381120,
11:25:06,15.88,0.02,1416,2250132,
11:25:06,15.86,-0.02,615,975453,
11:24:56,15.88,--,2250,3573000,
11:24:56,15.88,0.01,166,265132,
11:24:46,15.87,--,81,128610,
11:24:46,15.87,-0.02,386,614105,
11:24:41,15.89,0.01,398,632422,
11:24:36,15.88,--,195,309723,
11:24:31,15.88,--,88,139744,
11:24:26,15.88,--,280,446164,
11:24:21,15.88,--,278,441464,
11:24:16,15.88,--,177,281901,
11:24:11,15.88,--,122,193736,
11:24:06,15.88,0.01,220,350249,
11:24:01,15.87,-0.01,298,473560,
11:23:56,15.88,--,414,658448,
11:23:51,15.88,--,256,408052,
11:23:46,15.88,--,484,768592,
11:23:41,15.88,-0.01,271,430411,
11:23:36,15.89,--,168,268477,
11:23:31,15.89,--,30,47670,
11:23:26,15.89,--,3605,5729044,
11:23:21,15.89,-0.01,147,233646,
11:23:16,15.9,--,1056,1680566,
11:23:09,15.9,--,270,429300,
11:23:04,15.9,--,578,920546,
11:22:59,15.9,-0.01,969,1540773,
11:22:49,15.91,--,622,991129,
11:22:39,15.91,-0.01,18,28765,
11:22:34,15.92,--,494,787848,
11:22:24,15.92,0.01,554,882095,
11:22:19,15.91,-0.01,746,1186886,
11:22:09,15.92,0.02,1020,1623840,
11:22:04,15.9,-0.01,489,777573,
11:21:59,15.91,0.01,312,497919,
11:21:54,15.9,--,140,224126,
11:21:49,15.9,-0.01,3168,5037120,
11:21:39,15.91,--,205,326218,
11:21:34,15.91,-0.01,5131,8164884,
11:21:29,15.92,--,374,596936,
11:21:24,15.92,0.01,60,95520,
11:21:19,15.91,-0.01,765,1217178,
11:21:14,15.92,--,196,313560,
11:21:09,15.92,--,95,151303,
11:21:04,15.92,--,172,275352,
11:20:59,15.92,-0.02,331,527015,
11:20:54,15.94,0.02,568,906922,
11:20:44,15.92,-0.01,201,320055,
11:20:44,15.93,0.02,1074,1712411,
11:20:39,15.91,--,310,493210,
11:20:34,15.91,--,257,408950,
11:20:29,15.91,-0.02,178,283198,
11:20:24,15.93,0.02,606,966887,
11:20:19,15.91,-0.01,1336,2125576,
11:20:14,15.92,0.01,396,630432,
11:20:09,15.91,-0.01,409,650782,
11:20:04,15.92,-0.01,514,819816,
11:19:59,15.93,--,96,152928,
11:19:54,15.93,0.01,903,1438542,
11:19:49,15.92,--,88,141624,
11:19:44,15.92,--,1510,2403920,
11:19:39,15.92,0.01,179,285031,
11:19:34,15.91,-0.01,214,342001,
11:19:29,15.92,0.01,995,1584103,
11:19:24,15.91,-0.01,432,688839,
11:19:19,15.92,--,372,592224,
11:19:14,15.92,-0.02,146,232432,
11:19:09,15.94,0.01,547,871981,
11:19:04,15.93,-0.01,168,269153,
11:18:59,15.94,--,313,498985,
11:18:54,15.94,-0.01,736,1173184,
11:18:49,15.95,0.01,1378,2197910,
11:18:44,15.94,--,406,647164,
11:18:38,15.94,-0.01,1416,2257104,
11:18:28,15.95,--,226,360470,
11:18:28,15.95,--,1221,1948324,
11:18:23,15.95,-0.01,1266,2020801,
11:18:18,15.96,--,1112,1774752,
11:18:13,15.96,0.01,887,1416481,
11:18:08,15.95,-0.01,410,653950,
11:18:03,15.96,0.01,174,277704,
11:17:58,15.95,--,212,338140,
11:17:53,15.95,-0.01,1272,2030371,
11:17:48,15.96,0.01,1204,1921584,
11:17:43,15.95,--,239,381268,
11:17:38,15.95,--,470,751181,
11:17:33,15.95,-0.01,490,781550,
11:17:28,15.96,0.01,373,595371,
11:17:23,15.95,--,438,700141,
11:17:18,15.95,--,267,425928,
11:17:13,15.95,0.01,1890,3014550,
11:17:08,15.94,-0.01,150,240630,
11:17:03,15.95,0.01,1477,2355878,
11:16:53,15.94,--,196,313954,
11:16:53,15.94,--,1740,2773560,
11:16:48,15.94,--,3723,5934525,
11:16:43,15.94,--,440,702890,
11:16:38,15.94,--,950,1514300,
11:16:33,15.94,--,1906,3038164,
11:16:28,15.94,-0.01,1179,1879389,
11:16:23,15.95,0.01,388,618860,
11:16:18,15.94,--,1588,2531272,
11:16:08,15.94,0.01,1180,1882450,
11:16:08,15.93,--,1568,2497824,
11:16:03,15.93,--,176,280368,
11:15:58,15.93,--,1245,1983348,
11:15:53,15.93,--,730,1164164,
11:15:48,15.93,0.01,432,688176,
11:15:43,15.92,--,298,474416,
11:15:38,15.92,0.01,510,811920,
11:15:33,15.91,--,1166,1856633,
11:15:28,15.91,--,942,1498722,
11:15:23,15.91,--,469,746369,
11:15:18,15.91,--,1222,1945602,
11:15:13,15.91,0.01,394,626981,
11:15:08,15.9,--,657,1044693,
11:15:03,15.9,-0.01,294,467460,
11:14:58,15.91,0.01,2516,4004483,
11:14:53,15.9,-0.01,179,284673,
11:14:48,15.91,0.01,680,1082770,
11:14:43,15.9,--,421,669453,
11:14:38,15.9,--,377,600892,
11:14:33,15.9,--,1271,2021716,
11:14:23,15.9,--,937,1490020,
11:14:23,15.9,--,624,992160,
11:14:18,15.9,--,982,1561380,
11:14:13,15.9,--,2066,3286466,
11:14:08,15.9,--,2939,4673073,
11:14:03,15.9,-0.01,64,103286,
11:13:58,15.91,--,607,965800,
11:13:53,15.91,0.01,1018,1619638,
11:13:50,15.9,-0.01,488,775920,
11:13:45,15.91,-0.01,628,1000675,
11:13:40,15.92,0.01,558,888336,
11:13:35,15.91,--,598,951418,
11:13:30,15.91,--,1871,2976824,
11:13:25,15.91,--,164,262451,
11:13:20,15.91,-0.01,336,534576,
11:13:15,15.92,--,974,1550608,
11:13:10,15.92,--,406,646352,
11:13:05,15.92,0.01,430,684560,
11:13:00,15.91,-0.01,313,498046,
11:12:55,15.92,-0.01,66,106600,
11:12:50,15.93,0.01,1909,3041100,
11:12:45,15.92,--,427,680102,
11:12:40,15.92,--,906,1442352,
11:12:35,15.92,--,322,512624,
11:12:30,15.92,0.01,109,174737,
11:12:25,15.91,-0.01,1544,2456885,
11:12:20,15.92,--,880,1402233,
11:12:15,15.92,0.01,86,138440,
11:12:10,15.91,-0.01,1122,1785102,
11:12:05,15.92,0.02,1014,1614288,
11:12:00,15.9,-0.01,621,987453,
11:11:55,15.91,0.01,782,1244162,
11:11:50,15.9,-0.02,418,666146,
11:11:45,15.92,0.01,735,1170820,
11:11:40,15.91,0.01,1450,2306950,
11:11:35,15.9,-0.01,516,821966,
11:11:30,15.91,--,1019,1621292,
11:11:25,15.91,-0.01,3215,5115128,
11:11:18,15.92,--,528,842104,
11:11:13,15.92,0.01,188,299296,
11:11:08,15.91,-0.01,306,486846,
11:11:03,15.92,--,261,415575,
11:10:58,15.92,--,136,218040,
11:10:53,15.92,--,918,1461456,
11:10:48,15.92,--,1394,2219248,
11:10:38,15.92,0.01,282,448944,
11:10:38,15.91,--,1086,1729353,
11:10:33,15.91,-0.01,907,1443100,
11:10:28,15.92,0.01,1308,2082336,
11:10:23,15.91,--,852,1355532,
11:10:18,15.91,--,1315,2093501,
11:10:13,15.91,-0.01,1877,2986370,
11:10:08,15.92,--,848,1351544,
11:10:03,15.92,--,501,797655,
11:09:58,15.92,--,1704,2712768,
11:09:53,15.92,--,2850,4538728,
11:09:48,15.92,-0.01,4503,7168839,
11:09:43,15.93,-0.01,2846,4535207,
11:09:38,15.94,0.01,308,490952,
11:09:33,15.93,--,258,410994,
11:09:28,15.93,0.01,1360,2166480,
11:09:23,15.92,--,245,390103,
11:09:18,15.92,--,820,1305440,
11:09:13,15.92,0.02,400,637054,
11:09:08,15.9,--,308,491246,
11:09:03,15.9,--,6942,11037780,
11:08:58,15.9,0.01,417,663093,
11:08:53,15.89,0.01,1781,2831470,
11:08:48,15.88,--,392,622496,
11:08:43,15.88,-0.01,482,765543,
11:08:38,15.89,0.01,492,783313,
11:08:33,15.88,--,36,58692,
11:08:28,15.88,--,274,435239,
11:08:23,15.88,--,4449,7066472,
11:08:13,15.88,0.01,175,278217,
11:08:13,15.87,--,14,23741,
11:08:08,15.87,0.02,3072,4875264,
11:08:03,15.85,--,820,1299700,
11:07:58,15.85,0.01,310,491350,
11:07:53,15.84,--,520,823680,
11:07:43,15.84,-0.01,1788,2832192,
11:07:43,15.85,0.01,24,38040,
11:07:38,15.84,--,140,221760,
11:07:33,15.84,--,40,63360,
11:07:28,15.84,0.01,534,845856,
11:07:23,15.83,--,193,305582,
11:07:18,15.83,0.01,33,52428,
11:07:13,15.82,--,110,174020,
11:07:08,15.82,-0.01,272,431822,
11:06:58,15.83,--,512,810496,
11:06:58,15.83,0.01,428,677524,
11:06:53,15.82,--,259,409801,
11:06:48,15.82,0.01,146,232490,
11:06:43,15.81,--,234,369954,
11:06:38,15.81,--,87,137610,
11:06:33,15.81,--,4,7841,
11:06:28,15.81,0.01,552,872712,
11:06:23,15.8,--,121,191243,
11:06:18,15.8,--,50,80516,
11:06:13,15.8,-0.01,1068,1687440,
11:06:08,15.81,0.01,137,216660,
11:06:03,15.8,--,97,153449,
11:05:58,15.8,-0.01,76,120080,
11:05:53,15.81,--,192,303552,
11:05:48,15.81,0.01,176,278256,
11:05:43,15.8,-0.01,124,197436,
11:05:37,15.81,0.01,83,131286,
11:05:32,15.8,--,190,300200,
11:05:27,15.8,0.01,672,1063276,
11:05:17,15.79,-0.01,25,39538,
11:05:17,15.8,--,532,842076,
11:05:12,15.8,--,249,393609,
11:05:07,15.8,--,1062,1678086,
11:05:02,15.8,--,29,47273,
11:04:57,15.8,--,357,564123,
11:04:52,15.8,0.01,209,330283,
11:04:47,15.79,--,210,333105,
11:04:37,15.79,--,106,168889,
11:04:32,15.79,-0.01,52,82108,
11:04:27,15.8,0.01,554,875446,
11:04:22,15.79,-0.01,89,141983,
11:04:17,15.8,--,207,327123,
11:04:12,15.8,--,175,276563,
11:04:07,15.8,--,18,29956,
11:04:02,15.8,--,56,88480,
11:03:57,15.8,0.01,366,578532,
11:03:52,15.79,-0.01,584,922136,
11:03:47,15.8,0.01,140,221200,
11:03:42,15.79,-0.01,152,241523,
11:03:37,15.8,--,728,1150240,
11:03:32,15.8,0.01,112,176960,
11:03:27,15.79,-0.01,236,372896,
11:03:22,15.8,0.02,458,725156,
11:03:17,15.78,-0.01,270,426060,
11:03:12,15.79,--,79,124804,
11:03:07,15.79,-0.01,178,282577,
11:03:02,15.8,--,197,311323,
11:02:57,15.8,--,90,142200,
11:02:52,15.8,-0.01,375,593827,
11:02:47,15.81,--,96,151776,
11:02:42,15.81,0.01,100,158100,
11:02:37,15.8,--,58,91892,
11:02:32,15.8,--,58,91640,
11:02:27,15.8,-0.01,234,371236,
11:02:22,15.81,0.03,1,1644,
11:02:17,15.78,-0.02,2132,3364296,
11:02:12,15.8,--,446,704680,
11:02:07,15.8,--,107,169123,
11:02:02,15.8,0.01,9,15673,
11:01:57,15.79,--,193,304810,
11:01:52,15.79,--,506,800489,
11:01:47,15.79,--,131,206912,
11:01:42,15.79,-0.01,140,222449,
11:01:32,15.8,0.01,112,178476,
11:01:27,15.79,--,667,1053382,
11:01:17,15.79,0.01,280,442120,
11:01:07,15.78,-0.01,115,181533,
11:01:02,15.79,0.01,2120,3347480,
11:00:57,15.78,--,218,344004,
11:00:52,15.78,--,452,714265,
11:00:47,15.78,--,70,110460,
11:00:42,15.78,--,46,74102,
11:00:37,15.78,--,121,191001,
11:00:32,15.78,--,775,1223518,
11:00:22,15.78,--,115,181533,
11:00:12,15.78,0.01,34,55166,
11:00:07,15.77,-0.01,82,130827,
11:00:02,15.78,-0.01,1442,2276738,
10:59:57,15.79,--,466,735814,
10:59:52,15.79,--,920,1452680,
10:59:47,15.79,--,258,408897,
10:59:42,15.79,-0.01,58,91582,
10:59:37,15.8,--,129,204009,
10:59:32,15.8,--,174,274920,
10:59:27,15.8,-0.01,618,976440,
10:59:22,15.81,--,133,210336,
10:59:17,15.81,0.01,154,243474,
10:59:12,15.8,--,192,304876,
10:59:07,15.8,-0.01,1899,3000862,
10:59:02,15.81,--,200,316200,
10:58:57,15.81,--,1848,2921688,
10:58:52,15.81,-0.01,2652,4193950,
10:58:47,15.82,--,346,547372,
10:58:42,15.82,--,2355,3727065,
10:58:37,15.82,--,344,544208,
10:58:32,15.82,-0.02,48,77454,
10:58:27,15.84,0.01,3780,5987520,
10:58:22,15.83,-0.01,639,1011600,
10:58:17,15.84,--,2292,3630528,
10:58:07,15.84,0.01,434,687456,
10:58:07,15.83,-0.01,598,946634,
10:58:02,15.84,0.01,294,465696,
10:57:57,15.83,-0.01,284,451091,
10:57:52,15.84,0.01,451,714447,
10:57:42,15.83,-0.01,382,606225,
10:57:42,15.84,--,988,1564992,
10:57:37,15.84,--,782,1238688,
10:57:27,15.84,0.01,8,12925,
10:57:27,15.83,--,120,189960,
10:57:22,15.83,0.01,2674,4232942,
10:57:17,15.82,--,1066,1687930,
10:57:12,15.82,--,128,202496,
10:57:07,15.82,--,112,177184,
10:57:02,15.82,0.01,258,408156,
10:56:57,15.81,--,80,126480,
10:56:52,15.81,--,57,90180,
10:56:47,15.81,--,646,1022843,
10:56:42,15.81,0.01,348,550440,
10:56:37,15.8,-0.01,180,285916,
10:56:32,15.81,--,234,370080,
10:56:27,15.81,0.01,156,248153,
10:56:22,15.8,--,22,34760,
10:56:17,15.8,--,33,52203,
10:56:12,15.8,0.01,220,347600,
10:56:07,15.79,-0.01,745,1177807,
10:56:02,15.8,0.01,152,240160,
10:55:57,15.79,-0.01,136,214744,
10:55:52,15.8,0.01,445,703163,
10:55:47,15.79,--,182,288893,
10:55:42,15.79,0.01,371,586124,
10:55:37,15.78,-0.01,400,632714,
10:55:32,15.79,--,54,85266,
10:55:27,15.79,--,82,129478,
10:55:22,15.79,0.01,441,696402,
10:55:17,15.78,--,522,823716,
10:55:12,15.78,-0.01,142,225590,
10:55:07,15.79,0.01,158,249482,
10:55:02,15.78,--,97,153129,
10:54:57,15.78,--,60,94680,
10:54:52,15.78,--,1630,2573654,
10:54:47,15.78,0.01,72,113616,
10:54:42,15.77,-0.01,252,397656,
10:54:37,15.78,0.02,6,10982,
10:54:32,15.76,-0.02,106,167056,
10:54:27,15.78,0.01,229,361425,
10:54:22,15.77,0.01,382,602414,
10:54:17,15.76,-0.01,80,126080,
10:54:12,15.77,--,274,432098,
10:54:07,15.77,-0.01,118,187599,
10:54:02,15.78,0.01,191,301461,
10:53:57,15.77,-0.01,22,34694,
10:53:52,15.78,0.02,152,239856,
10:53:47,15.76,-0.03,1231,1940245,
10:53:42,15.79,0.01,3826,6041254,
10:53:37,15.78,0.01,150,236700,
10:53:32,15.77,-0.01,276,436765,
10:53:27,15.78,--,160,252480,
10:53:17,15.78,--,422,665916,
10:53:17,15.78,0.01,3459,5458365,
10:53:12,15.77,-0.01,108,171829,
10:53:07,15.78,--,578,912084,
10:53:02,15.78,--,295,465573,
10:52:57,15.78,0.01,46,72714,
10:52:47,15.77,-0.01,68,107236,
10:52:47,15.78,0.01,113,178377,
10:52:42,15.77,--,5,7948,
10:52:37,15.77,--,8,12616,
10:52:32,15.77,0.02,3847,6066908,
10:52:27,15.75,--,122,192150,
10:52:22,15.75,--,328,516600,
10:52:17,15.75,-0.01,22,36162,
10:52:11,15.76,0.01,638,1005488,
10:52:06,15.75,-0.01,26,40950,
10:52:01,15.76,0.01,43,67831,
10:51:56,15.75,--,25,39564,
10:51:51,15.75,--,36,56700,
10:51:46,15.75,--,22,36162,
10:51:41,15.75,0.01,252,397404,
10:51:36,15.74,--,20,31480,
10:51:31,15.74,-0.01,114,180947,
10:51:26,15.75,0.01,159,250488,
10:51:14,15.74,--,408,643703,
10:51:14,15.74,-0.01,139,218848,
10:51:09,15.75,--,20,33012,
10:51:04,15.75,0.01,109,171864,
10:50:59,15.74,--,150,236100,
10:50:54,15.74,-0.01,991,1561282,
10:50:44,15.75,--,104,165312,
10:50:44,15.75,-0.01,428,674100,
10:50:39,15.76,0.02,35,55223,
10:50:34,15.74,--,356,561855,
10:50:29,15.74,-0.01,40,62960,
10:50:24,15.75,0.02,312,491652,
10:50:19,15.73,-0.01,1381,2173634,
10:50:11,15.74,--,698,1098903,
10:50:01,15.74,--,1092,1718808,
10:49:56,15.74,--,40,62960,
10:49:51,15.74,0.02,54,84996,
10:49:46,15.72,-0.02,34,53448,
10:49:41,15.74,0.02,286,450164,
10:49:36,15.72,--,14,23517,
10:49:31,15.72,-0.02,140,220080,
10:49:21,15.74,0.03,26,40924,
10:49:16,15.71,-0.01,234,368996,
10:49:06,15.72,-0.02,56,88283,
10:49:01,15.74,--,114,180947,
10:48:56,15.74,--,2361,3716276,
10:48:51,15.74,--,116,182584,
10:48:46,15.74,--,646,1016804,
10:48:41,15.74,--,164,258136,
10:48:31,15.74,--,168,264432,
10:48:26,15.74,0.01,30,47220,
10:48:21,15.73,--,18,28314,
10:48:16,15.73,--,402,632346,
10:48:11,15.73,--,422,665316,
10:48:01,15.73,0.01,397,624669,
10:48:01,15.72,-0.02,39,61370,
10:47:56,15.74,0.02,188,297423,
10:47:46,15.72,-0.01,227,357284,
10:47:46,15.73,-0.01,155,243877,
10:47:41,15.74,--,88,140023,
10:47:36,15.74,0.01,32,50368,
10:47:31,15.73,-0.01,33,51971,
10:47:26,15.74,-0.01,30,47220,
10:47:21,15.75,--,334,527562,
10:47:16,15.75,--,152,239400,
10:47:11,15.75,--,647,1020474,
10:47:06,15.75,-0.01,294,464562,
10:47:01,15.76,--,282,445944,
10:46:56,15.76,0.01,769,1212007,
10:46:51,15.75,-0.01,142,225162,
10:46:46,15.76,-0.01,4811,7583585,
10:46:41,15.77,--,282,446227,
10:46:36,15.77,--,552,870504,
10:46:31,15.77,0.01,133,209804,
10:46:26,15.76,--,642,1011792,
10:46:16,15.76,-0.01,58,91408,
10:46:11,15.77,0.01,690,1088382,
10:46:11,15.76,--,396,624096,
10:46:06,15.76,-0.01,314,496376,
10:46:01,15.77,-0.01,1516,2392119,
10:45:56,15.78,--,24,39386,
10:45:51,15.78,--,1134,1790966,
10:45:46,15.78,--,139,219405,
10:45:41,15.78,--,411,648621,
10:45:36,15.78,-0.01,212,336050,
10:45:31,15.79,--,504,797205,
10:45:21,15.79,0.01,209,330074,
10:45:21,15.78,-0.01,872,1376142,
10:45:16,15.79,--,123,194280,
10:45:11,15.79,--,72,115203,
10:45:06,15.79,0.01,61,96382,
10:45:01,15.78,--,830,1309740,
10:44:56,15.78,--,14,23606,
10:44:51,15.78,--,183,288837,
10:44:46,15.78,0.01,740,1167720,
10:44:41,15.77,-0.01,236,372172,
10:44:36,15.78,0.01,88,138864,
10:44:31,15.77,--,1044,1646388,
10:44:26,15.77,--,27,42768,
10:44:21,15.77,0.01,198,312246,
10:44:16,15.76,--,1056,1664256,
10:44:11,15.76,--,1216,1916416,
10:44:06,15.76,--,210,332472,
10:44:01,15.76,--,197,310535,
10:43:51,15.76,--,112,176512,
10:43:51,15.76,0.01,92,144992,
10:43:46,15.75,--,210,332262,
10:43:41,15.75,--,76,119700,
10:43:36,15.75,--,70,110376,
10:43:31,15.75,0.01,309,486864,
10:43:26,15.74,--,204,321096,
10:43:21,15.74,-0.01,102,160548,
10:43:16,15.75,--,30,47250,
10:43:11,15.75,0.01,501,790398,
10:43:06,15.74,--,336,528864,
10:43:01,15.74,-0.01,1335,2101478,
10:42:56,15.75,--,325,511938,
10:42:51,15.75,--,10,17262,
10:42:46,15.75,-0.01,175,275688,
10:42:41,15.76,--,374,590936,
10:42:36,15.76,0.01,455,717143,
10:42:31,15.75,--,260,411012,
10:42:21,15.75,--,769,1211238,
10:42:21,15.75,--,290,458262,
10:42:16,15.75,--,77,121464,
10:42:11,15.75,0.03,1484,2338434,
10:42:06,15.72,-0.01,145,228002,
10:42:01,15.73,--,155,244255,
10:41:56,15.73,-0.01,797,1254750,
10:41:46,15.74,0.01,10,17251,
10:41:46,15.73,--,142,223743,
10:41:41,15.73,-0.01,135,212417,
10:41:36,15.74,--,1226,1931235,
10:41:31,15.74,--,172,270728,
10:41:26,15.74,0.01,688,1082912,
10:41:21,15.73,-0.03,577,907809,
10:41:16,15.76,--,1106,1743056,
10:41:11,15.76,0.01,178,280528,
10:41:06,15.75,--,1519,2392488,
10:41:01,15.75,-0.02,174,274050,
10:40:56,15.77,--,52,83517,
10:40:51,15.77,-0.01,3569,5628754,
10:40:46,15.78,-0.02,2498,3941970,
10:40:41,15.8,0.01,1092,1726876,
10:40:36,15.79,--,164,258956,
10:40:31,15.79,--,151,239755,
10:40:26,15.79,-0.01,251,396644,
10:40:21,15.8,-0.02,78,124756,
10:40:16,15.82,--,146,232490,
10:40:11,15.82,--,59,93401,
10:40:01,15.82,0.01,408,645456,
10:40:01,15.81,-0.01,700,1108217,
10:39:56,15.82,--,3618,5723802,
10:39:51,15.82,0.02,116,183512,
10:39:41,15.8,--,53,85193,
10:39:41,15.8,0.02,1880,2970400,
10:39:36,15.78,--,219,345645,
10:39:31,15.78,0.01,497,784455,
10:39:26,15.77,-0.01,276,435252,
10:39:21,15.78,0.01,194,306132,
10:39:16,15.77,0.02,6264,9879211,
10:39:11,15.75,-0.01,46,72450,
10:39:06,15.76,0.01,218,343568,
10:39:01,15.75,0.01,79,124488,
10:38:56,15.74,--,56,89655,
10:38:51,15.74,-0.01,1038,1633812,
10:38:45,15.75,0.01,242,381150,
10:38:40,15.74,--,90,141660,
10:38:35,15.74,0.01,202,317948,
10:38:30,15.73,--,933,1467671,
10:38:25,15.73,-0.01,273,429617,
10:38:15,15.74,0.01,96,151104,
10:38:10,15.73,-0.02,426,670098,
10:38:05,15.75,0.01,400,630000,
10:37:55,15.74,-0.01,80,125920,
10:37:50,15.75,--,36,58212,
10:37:45,15.75,--,2534,3992310,
10:37:35,15.75,--,609,959490,
10:37:30,15.75,--,482,759150,
10:37:25,15.75,--,1358,2138850,
10:37:15,15.75,0.02,148,233100,
10:37:10,15.73,-0.02,1142,1796366,
10:37:05,15.75,-0.01,534,841050,
10:36:55,15.76,0.01,403,635191,
10:36:50,15.75,-0.01,48,77112,
10:36:45,15.76,0.01,574,904624,
10:36:40,15.75,-0.01,2109,3322998,
10:36:35,15.76,--,451,710965,
10:36:30,15.76,--,178,280528,
10:36:25,15.76,--,356,561056,
10:36:20,15.76,--,404,636704,
10:36:15,15.76,-0.01,298,469648,
10:36:10,15.77,--,664,1047128,
10:36:05,15.77,0.01,127,200342,
10:36:00,15.76,-0.01,216,340416,
10:35:55,15.77,0.01,222,350094,
10:35:50,15.76,--,123,193911,
10:35:45,15.76,0.01,42,66192,
10:35:40,15.75,-0.01,48,75600,
10:35:35,15.76,0.01,266,419342,
10:35:30,15.75,0.01,3754,5914062,
10:35:25,15.74,0.01,136,214064,
10:35:20,15.73,-0.01,417,656003,
10:35:15,15.74,--,20,31480,
10:35:10,15.74,0.01,180,284831,
10:35:05,15.73,-0.01,304,478317,
10:35:00,15.74,0.01,2095,3298348,
10:34:55,15.73,--,596,939018,
10:34:50,15.73,0.01,63,99161,
10:34:45,15.72,--,1368,2152005,
10:34:40,15.72,-0.01,162,254789,
10:34:35,15.73,--,64,100672,
10:34:30,15.73,--,116,182468,
10:34:25,15.73,0.01,84,132132,
10:34:20,15.72,-0.01,1012,1590864,
10:34:15,15.73,0.01,190,298995,
10:34:10,15.72,--,412,649173,
10:34:05,15.72,0.01,344,540893,
10:34:00,15.71,-0.01,437,686589,
10:33:55,15.72,--,630,991869,
10:33:50,15.72,--,104,163488,
10:33:45,15.72,--,1788,2810736,
10:33:40,15.72,0.01,160,251520,
10:33:35,15.71,--,236,370756,
10:33:30,15.71,-0.01,74,117762,
10:33:25,15.72,--,677,1064306,
10:33:20,15.72,0.01,84,132048,
10:33:15,15.71,-0.01,342,537533,
10:33:10,15.72,--,122,191784,
10:33:05,15.72,0.01,146,231021,
10:33:00,15.71,--,451,708583,
10:32:55,15.71,-0.01,670,1052570,
10:32:50,15.72,0.01,110,174429,
10:32:45,15.71,--,616,967736,
10:32:40,15.71,--,773,1214445,
10:32:35,15.71,-0.01,614,964594,
10:32:30,15.72,0.01,60,94320,
10:32:25,15.71,-0.01,212,334560,
10:32:20,15.72,0.02,50,78725,
10:32:15,15.7,--,22,36047,
10:32:10,15.7,-0.01,202,318647,
10:32:05,15.71,0.01,321,504353,
10:32:00,15.7,--,134,210380,
10:31:55,15.7,--,604,949787,
10:31:50,15.7,0.01,255,400664,
10:31:45,15.69,-0.01,174,273006,
10:31:40,15.7,--,224,351680,
10:31:35,15.7,0.01,136,214901,
10:31:30,15.69,-0.01,100,156900,
10:31:25,15.7,0.01,135,212012,
10:31:20,15.69,--,80,125520,
10:31:15,15.69,-0.01,99,155393,
10:31:10,15.7,0.01,597,938734,
10:31:05,15.69,-0.01,194,305766,
10:31:00,15.7,--,186,292020,
10:30:55,15.7,--,222,348540,
10:30:50,15.7,-0.03,3364,5281982,
10:30:45,15.73,--,429,675634,
10:30:40,15.73,--,2822,4439006,
10:30:35,15.73,--,640,1006720,
10:30:30,15.73,--,120,188760,
10:30:25,15.73,--,1157,1820778,
10:30:20,15.73,0.01,1410,2217930,
10:30:15,15.72,-0.01,1488,2340645,
10:30:10,15.73,--,826,1299298,
10:30:05,15.73,--,2036,3202628,
10:30:00,15.73,--,98,154154,
10:29:55,15.73,--,586,921778,
10:29:50,15.73,--,1392,2190496,
10:29:45,15.73,--,644,1014522,
10:29:40,15.73,--,525,826642,
10:29:35,15.73,--,80,125840,
10:29:30,15.73,--,2586,4069288,
10:29:25,15.73,0.01,324,509652,
10:29:20,15.72,-0.01,136,213792,
10:29:15,15.73,0.01,270,424710,
10:29:10,15.72,--,393,617858,
10:29:05,15.72,-0.01,78,122616,
10:29:00,15.73,0.01,420,662170,
10:28:55,15.72,--,174,273779,
10:28:45,15.72,0.01,3793,5963413,
10:28:35,15.71,0.01,462,725802,
10:28:25,15.7,--,76,119320,
10:28:20,15.7,0.01,639,1003292,
10:28:10,15.69,-0.01,78,123888,
10:28:00,15.7,--,124,194680,
10:28:00,15.7,--,1036,1626520,
10:27:55,15.7,0.01,377,591952,
10:27:45,15.69,-0.01,726,1139094,
10:27:40,15.7,--,472,742547,
10:27:30,15.7,0.01,284,446131,
10:27:25,15.69,--,842,1322604,
10:27:20,15.69,-0.01,234,367271,
10:27:15,15.7,0.01,417,656134,
10:27:10,15.69,--,1048,1644312,
10:27:00,15.69,--,41,64391,
10:27:00,15.69,0.01,3336,5234184,
10:26:55,15.68,-0.01,665,1042782,
10:26:50,15.69,0.01,29,46944,
10:26:45,15.68,-0.01,87,136478,
10:26:40,15.69,0.01,370,580530,
10:26:35,15.68,-0.01,260,407680,
10:26:30,15.69,--,252,395388,
10:26:25,15.69,--,116,182004,
10:26:20,15.69,0.01,890,1396410,
10:26:15,15.68,--,242,379456,
10:26:10,15.68,-0.01,93,145886,
10:26:05,15.69,0.01,2076,3258750,
10:26:00,15.68,-0.01,242,379456,
10:25:55,15.69,--,165,258947,
10:25:50,15.69,0.01,785,1233108,
10:25:45,15.68,-0.01,123,192926,
10:25:40,15.69,--,832,1306914,
10:25:35,15.69,--,92,144348,
10:25:30,15.69,--,3199,5019293,
10:25:25,15.69,--,282,442458,
10:25:19,15.69,--,154,243132,
10:25:14,15.69,-0.01,630,989599,
10:25:09,15.7,--,1768,2777267,
10:25:04,15.7,--,520,816400,
10:24:59,15.7,--,312,489840,
10:24:54,15.7,--,384,602880,
10:24:49,15.7,--,426,668820,
10:24:44,15.7,--,1017,1596752,
10:24:39,15.7,0.01,1594,2504087,
10:24:34,15.69,--,195,306017,
10:24:29,15.69,-0.01,694,1090392,
10:24:24,15.7,0.01,165,259112,
10:24:19,15.69,--,116,183510,
10:24:14,15.69,--,54,84726,
10:24:09,15.69,--,1888,2963276,
10:24:04,15.69,--,6,9414,
10:23:59,15.69,0.01,17,26735,
10:23:54,15.68,--,2100,3292800,
10:23:49,15.68,0.01,85,134722,
10:23:44,15.67,--,28,43876,
10:23:39,15.67,0.01,610,955995,
10:23:34,15.66,0.01,473,742158,
10:23:29,15.65,--,1141,1785727,
10:23:24,15.65,--,253,396007,
10:23:14,15.65,--,134,211212,
10:23:14,15.65,--,334,524212,
10:23:09,15.65,--,530,829575,
10:23:04,15.65,0.01,97,153244,
10:22:59,15.64,-0.01,111,173666,
10:22:49,15.65,--,196,308242,
10:22:49,15.65,--,326,510690,
10:22:44,15.65,--,88,137720,
10:22:39,15.65,-0.01,32,50080,
10:22:34,15.66,0.01,186,292779,
10:22:29,15.65,-0.01,223,349057,
10:22:24,15.66,0.01,32,50112,
10:22:19,15.65,--,80,126702,
10:22:14,15.65,-0.01,46,72115,
10:22:09,15.66,--,129,203454,
10:22:04,15.66,0.01,518,811313,
10:21:59,15.65,-0.01,66,104792,
10:21:49,15.66,0.01,144,225504,
10:21:49,15.65,-0.01,158,248772,
10:21:44,15.66,0.01,172,269853,
10:21:39,15.65,-0.02,136,212840,
10:21:34,15.67,0.01,639,1001375,
10:21:29,15.66,--,137,215982,
10:21:24,15.66,--,133,208340,
10:21:19,15.66,-0.01,528,826848,
10:21:14,15.67,0.01,240,376080,
10:21:09,15.66,--,192,300672,
10:21:04,15.66,--,185,289772,
10:20:59,15.66,--,62,98595,
10:20:49,15.66,--,153,239660,
10:20:49,15.66,--,145,227508,
10:20:44,15.66,0.01,609,955134,
10:20:39,15.65,--,181,283327,
10:20:34,15.65,--,224,350560,
10:20:29,15.65,--,390,611852,
10:20:24,15.65,-0.01,191,298977,
10:20:19,15.66,--,204,320967,
10:20:14,15.66,--,449,703196,
10:20:09,15.66,--,578,905148,
10:20:04,15.66,0.01,188,295911,
10:19:59,15.65,-0.01,828,1295820,
10:19:54,15.66,0.01,30,47105,
10:19:49,15.65,--,289,453724,
10:19:44,15.65,--,72,112680,
10:19:39,15.65,--,339,530597,
10:19:34,15.65,0.01,644,1007860,
10:19:29,15.64,-0.01,244,382616,
10:19:24,15.65,0.01,482,754330,
10:19:19,15.64,--,546,853944,
10:19:14,15.64,--,226,353464,
10:19:09,15.64,--,290,455061,
10:19:04,15.64,--,112,175168,
10:18:59,15.64,--,492,769488,
10:18:54,15.64,--,168,262752,
10:18:49,15.64,--,145,226842,
10:18:41,15.64,0.01,176,275264,
10:18:36,15.63,-0.01,668,1044084,
10:18:31,15.64,0.01,142,223589,
10:18:26,15.63,-0.01,803,1255151,
10:18:21,15.64,0.01,152,237728,
10:18:16,15.63,-0.01,111,173555,
10:18:11,15.64,0.01,305,478458,
10:18:06,15.63,-0.01,340,531670,
10:17:56,15.64,--,6,9384,
10:17:56,15.64,--,214,336197,
10:17:51,15.64,--,73,114234,
10:17:46,15.64,0.01,1276,1995664,
10:17:41,15.63,--,172,268836,
10:17:36,15.63,-0.01,588,920544,
10:17:26,15.64,--,35,54802,
10:17:26,15.64,0.01,220,344080,
10:17:21,15.63,-0.01,564,883032,
10:17:16,15.64,-0.01,462,723568,
10:17:06,15.65,--,53,83007,
10:17:06,15.65,--,406,636892,
10:17:01,15.65,0.02,760,1189400,
10:16:56,15.63,--,110,171930,
10:16:51,15.63,--,231,361115,
10:16:46,15.63,-0.01,44,68772,
10:16:41,15.64,--,50,78200,
10:16:36,15.64,--,16,25024,
10:16:31,15.64,--,34,53176,
10:16:26,15.64,--,132,206448,
10:16:21,15.64,--,32,50298,
10:16:16,15.64,0.02,135,211202,
10:16:11,15.62,-0.01,790,1235479,
10:16:06,15.63,-0.02,116,181308,
10:16:01,15.65,0.03,340,532100,
10:15:51,15.62,--,100,156200,
10:15:51,15.62,--,115,179692,
10:15:46,15.62,-0.01,52,82723,
10:15:41,15.63,--,314,490782,
10:15:36,15.63,0.01,78,121914,
10:15:31,15.62,-0.01,145,226552,
10:15:26,15.63,--,176,275088,
10:15:21,15.63,--,132,206316,
10:15:16,15.63,--,20,31260,
10:15:11,15.63,-0.01,200,312600,
10:15:01,15.64,0.02,264,414397,
10:15:01,15.62,-0.01,550,859100,
10:14:56,15.63,--,80,125040,
10:14:51,15.63,-0.01,84,131292,
10:14:46,15.64,0.01,70,109480,
10:14:41,15.63,0.03,732,1144116,
10:14:36,15.6,0.01,146,228134,
10:14:26,15.59,-0.02,192,299328,
10:14:26,15.61,0.02,188,293468,
10:14:21,15.59,-0.01,528,823152,
10:14:16,15.6,--,1220,1903200,
10:14:06,15.6,0.01,120,188697,
10:14:06,15.59,--,162,252558,
10:14:01,15.59,--,180,280620,
10:13:56,15.59,--,103,160639,
10:13:51,15.59,--,1052,1641564,
10:13:46,15.59,--,335,522327,
10:13:41,15.59,--,398,621978,
10:13:36,15.59,--,1746,2722014,
10:13:31,15.59,--,774,1206666,
10:13:26,15.59,0.01,1294,2017346,
10:13:21,15.58,--,670,1044233,
10:13:16,15.58,-0.01,936,1459783,
10:13:11,15.59,0.01,40,62360,
10:13:06,15.58,-0.02,496,772768,
10:13:01,15.6,--,3965,6185462,
10:12:56,15.6,-0.01,968,1511577,
10:12:51,15.61,--,165,257627,
10:12:46,15.61,-0.01,86,134246,
10:12:41,15.62,0.01,1494,2335127,
10:12:36,15.61,--,251,391873,
10:12:26,15.61,--,46,71806,
10:12:21,15.61,-0.01,126,196686,
10:12:21,15.62,--,336,524832,
10:12:16,15.62,--,254,396748,
10:12:11,15.62,0.01,258,402996,
10:12:06,15.61,-0.01,742,1158262,
10:12:01,15.62,-0.01,264,412368,
10:11:56,15.63,0.01,442,692346,
10:11:51,15.62,--,1919,2997540,
10:11:46,15.62,--,490,766879,
10:11:41,15.62,--,367,573316,
10:11:36,15.62,-0.01,154,240548,
10:11:31,15.63,0.01,166,260958,
10:11:26,15.62,--,190,296780,
10:11:21,15.62,-0.01,1807,2822596,
10:11:16,15.63,0.01,400,626450,
10:11:11,15.62,--,1118,1746565,
10:11:06,15.62,--,60,94344,
10:10:56,15.62,-0.01,268,418616,
10:10:56,15.63,--,401,626825,
10:10:51,15.63,0.01,194,304722,
10:10:46,15.62,--,100,156824,
10:10:41,15.62,--,175,273412,
10:10:36,15.62,--,86,135831,
10:10:31,15.62,--,50,78100,
10:10:26,15.62,--,3670,5732540,
10:10:21,15.62,0.01,287,448356,
10:10:16,15.61,-0.01,128,201306,
10:10:11,15.62,0.01,105,164072,
10:10:06,15.61,-0.01,400,625898,
10:10:01,15.62,--,175,273412,
10:09:51,15.62,0.01,94,148327,
10:09:46,15.61,-0.01,466,727426,
10:09:36,15.62,0.01,106,165572,
10:09:31,15.61,--,183,285725,
10:09:26,15.61,-0.01,394,616532,
10:09:21,15.62,-0.01,87,135956,
10:09:16,15.63,--,950,1484850,
10:09:06,15.63,--,232,362616,
10:09:01,15.63,0.01,16,25008,
10:08:56,15.62,--,72,112464,
10:08:51,15.62,--,188,293656,
10:08:46,15.62,0.02,2172,3394163,
10:08:41,15.6,--,949,1481875,
10:08:31,15.6,--,1196,1865760,
10:08:26,15.6,--,1,1622,
10:08:21,15.6,0.01,4,7737,
10:08:16,15.59,-0.02,99,154403,
10:08:11,15.61,0.01,112,174832,
10:08:08,15.6,0.01,1968,3071577,
10:08:03,15.59,-0.01,2862,4461858,
10:07:58,15.6,--,692,1079520,
10:07:48,15.6,-0.01,1440,2246400,
10:07:43,15.61,0.01,387,604169,
10:07:38,15.6,-0.02,356,556857,
10:07:28,15.62,0.02,147,229676,
10:07:23,15.6,--,458,715977,
10:07:18,15.6,--,229,357302,
10:07:13,15.6,--,1262,1970217,
10:07:03,15.6,--,90,140400,
10:06:58,15.6,--,639,996902,
10:06:53,15.6,0.02,194,304137,
10:06:48,15.58,--,510,794580,
10:06:43,15.58,--,254,395732,
10:06:38,15.58,--,609,948884,
10:06:33,15.58,-0.02,460,718175,
10:06:28,15.6,0.02,567,884582,
10:06:23,15.58,-0.02,3094,4820452,
10:06:18,15.6,--,6,10857,
10:06:13,15.6,--,524,817440,
10:06:08,15.6,--,79,123302,
10:06:03,15.6,-0.02,8522,13295318,
10:05:58,15.62,-0.01,346,541951,
10:05:53,15.63,--,514,803382,
10:05:48,15.63,--,821,1283285,
10:05:43,15.63,-0.01,382,598566,
10:05:38,15.64,0.01,358,559912,
10:05:33,15.63,--,1170,1828710,
10:05:28,15.63,0.01,616,962808,
10:05:23,15.62,-0.01,126,196812,
10:05:18,15.63,-0.01,48,75024,
10:05:13,15.64,--,69,107978,
10:05:08,15.64,--,1334,2086376,
10:05:03,15.64,0.01,388,606832,
10:04:58,15.63,-0.01,452,706476,
10:04:53,15.64,0.01,558,872712,
10:04:48,15.63,-0.01,448,701724,
10:04:43,15.64,-0.01,165,258122,
10:04:38,15.65,--,288,450720,
10:04:33,15.65,0.02,350,549252,
10:04:28,15.63,-0.01,3951,6175475,
10:04:23,15.64,-0.01,292,458189,
10:04:18,15.65,--,1092,1708980,
10:04:13,15.65,--,388,607220,
10:04:08,15.65,--,361,566404,
10:04:03,15.65,-0.01,478,748195,
10:03:58,15.66,0.01,166,259956,
10:03:53,15.65,--,684,1070460,
10:03:48,15.65,0.01,227,355317,
10:03:43,15.64,-0.01,222,348709,
10:03:33,15.65,--,111,173777,
10:03:33,15.65,-0.01,810,1267650,
10:03:28,15.66,-0.02,194,303804,
10:03:23,15.68,0.02,258,406049,
10:03:18,15.66,0.02,278,435348,
10:03:15,15.64,-0.01,246,384744,
10:03:10,15.65,0.01,5429,8496447,
10:03:05,15.64,-0.01,1210,1892440,
10:03:00,15.65,--,514,805912,
10:02:55,15.65,0.01,928,1452320,
10:02:50,15.64,-0.01,2027,3170290,
10:02:45,15.65,--,734,1148710,
10:02:40,15.65,--,376,588440,
10:02:35,15.65,--,362,566530,
10:02:30,15.65,-0.01,372,583682,
10:02:25,15.66,0.01,553,866060,
10:02:20,15.65,-0.03,530,830952,
10:02:15,15.68,0.01,2441,3827550,
10:02:10,15.67,--,2020,3165340,
10:02:05,15.67,-0.01,550,861850,
10:02:00,15.68,--,708,1110144,
10:01:55,15.68,--,576,904673,
10:01:50,15.68,--,588,921984,
10:01:45,15.68,--,1772,2778496,
10:01:40,15.68,--,395,619422,
10:01:35,15.68,--,186,291648,
10:01:30,15.68,0.01,56,89313,
10:01:25,15.67,0.01,43,67443,
10:01:20,15.66,--,798,1249668,
10:01:15,15.66,--,22,34452,
10:01:10,15.66,--,42,65772,
10:01:05,15.66,--,302,472932,
10:01:00,15.66,0.01,54,84564,
10:00:55,15.65,-0.01,14,21910,
10:00:50,15.66,--,100,156600,
10:00:45,15.66,0.02,254,397764,
10:00:40,15.64,--,340,533261,
10:00:35,15.64,0.01,165,258122,
10:00:30,15.63,--,200,314100,
10:00:25,15.63,0.01,202,315726,
10:00:20,15.62,--,395,617052,
10:00:15,15.62,-0.01,90,142079,
10:00:10,15.63,--,235,367367,
10:00:05,15.63,0.01,442,690846,
10:00:00,15.62,--,146,228052,
9:59:55,15.62,-0.01,324,507587,
9:59:50,15.63,-0.01,295,461147,
9:59:45,15.64,--,146,228344,
9:59:40,15.64,--,386,603704,
9:59:35,15.64,-0.01,13312,20821469,
9:59:30,15.65,--,1155,1807637,
9:59:25,15.65,--,1142,1788732,
9:59:15,15.65,--,2337,3657467,
9:59:05,15.65,--,308,482020,
9:59:05,15.65,-0.03,5194,8128610,
9:58:55,15.68,--,158,247744,
9:58:45,15.68,-0.01,1916,3005040,
9:58:35,15.69,0.01,154,241626,
9:58:30,15.68,--,26,40768,
9:58:25,15.68,--,124,194432,
9:58:20,15.68,--,93,145824,
9:58:15,15.68,0.01,471,739280,
9:58:10,15.67,-0.01,143,224143,
9:58:05,15.68,0.01,216,338688,
9:58:00,15.67,-0.01,1314,2060542,
9:57:50,15.68,0.01,882,1382976,
9:57:45,15.67,--,834,1306878,
9:57:35,15.67,0.01,82,128494,
9:57:30,15.66,--,181,283508,
9:57:25,15.66,-0.01,24,39087,
9:57:20,15.67,0.01,34,53278,
9:57:15,15.66,--,142,222372,
9:57:05,15.66,0.01,162,253692,
9:57:05,15.65,-0.01,730,1142450,
9:57:00,15.66,--,242,378972,
9:56:50,15.66,0.01,230,360180,
9:56:50,15.65,--,157,245767,
9:56:45,15.65,--,126,197190,
9:56:40,15.65,0.01,3288,5145720,
9:56:35,15.64,-0.01,50,78200,
9:56:30,15.65,--,326,511692,
9:56:25,15.65,0.01,323,505557,
9:56:20,15.64,--,726,1136965,
9:56:15,15.64,-0.01,230,359720,
9:56:10,15.65,0.01,559,874897,
9:56:05,15.64,-0.01,650,1018101,
9:56:00,15.65,--,303,474257,
9:55:55,15.65,0.01,704,1103262,
9:55:50,15.64,--,349,545898,
9:55:45,15.64,-0.01,784,1227677,
9:55:40,15.65,--,708,1108020,
9:55:35,15.65,--,96,150240,
9:55:30,15.65,--,105,164387,
9:55:20,15.65,-0.01,1560,2442902,
9:55:20,15.66,--,636,995976,
9:55:15,15.66,--,471,737648,
9:55:10,15.66,--,104,164367,
9:55:05,15.66,--,2071,3243248,
9:55:00,15.66,-0.01,890,1395243,
9:54:55,15.67,--,246,385482,
9:54:50,15.67,--,388,607996,
9:54:45,15.67,--,1506,2359902,
9:54:40,15.67,-0.01,297,465461,
9:54:35,15.68,--,1008,1580544,
9:54:30,15.68,--,2378,3728704,
9:54:25,15.68,-0.01,70,111265,
9:54:19,15.69,0.01,239,375053,
9:54:14,15.68,-0.01,104,163072,
9:54:09,15.69,0.01,1528,2397432,
9:54:04,15.68,--,2086,3270848,
9:53:59,15.68,--,1126,1765568,
9:53:54,15.68,--,258,404544,
9:53:49,15.68,0.01,1672,2621696,
9:53:44,15.67,-0.01,224,352512,
9:53:39,15.68,0.01,966,1514688,
9:53:34,15.67,-0.01,69,108185,
9:53:29,15.68,0.01,1210,1897280,
9:53:24,15.67,--,822,1289578,
9:53:19,15.67,--,368,576656,
9:53:14,15.67,-0.01,527,825871,
9:53:09,15.68,--,2044,3204992,
9:53:04,15.68,--,528,829409,
9:52:59,15.68,-0.01,1846,2894528,
9:52:54,15.69,0.01,115,180497,
9:52:49,15.68,--,1816,2847488,
9:52:44,15.68,--,742,1163456,
9:52:39,15.68,--,652,1022336,
9:52:34,15.68,-0.01,338,531489,
9:52:29,15.69,0.01,933,1463939,
9:52:24,15.68,-0.01,1786,2800448,
9:52:19,15.69,--,1674,2626506,
9:52:14,15.69,0.03,1548,2430318,
9:52:09,15.66,-0.01,2416,3783456,
9:52:04,15.67,-0.01,704,1103168,
9:51:59,15.68,--,234,367539,
9:51:54,15.68,--,63,98784,
9:51:49,15.68,0.02,76,119168,
9:51:44,15.66,--,206,322596,
9:51:39,15.66,--,110,172260,
9:51:34,15.66,0.01,952,1490832,
9:51:29,15.65,--,536,838840,
9:51:24,15.65,--,150,234750,
9:51:19,15.65,--,1398,2187870,
9:51:14,15.65,-0.01,3685,5767025,
9:51:09,15.66,0.01,176,275616,
9:51:04,15.65,0.01,596,932740,
9:50:59,15.64,--,336,525504,
9:50:54,15.64,--,65,101660,
9:50:49,15.64,0.01,2160,3378240,
9:50:44,15.63,-0.01,238,371994,
9:50:39,15.64,0.01,1648,2577472,
9:50:34,15.63,--,71,110973,
9:50:29,15.63,--,95,148485,
9:50:24,15.63,--,518,809634,
9:50:19,15.63,0.01,638,997756,
9:50:14,15.62,--,91,142142,
9:50:09,15.62,--,166,259292,
9:50:04,15.62,--,31,48422,
9:49:59,15.62,--,996,1555752,
9:49:49,15.62,--,2088,3261456,
9:49:49,15.62,0.01,608,949696,
9:49:44,15.61,-0.02,1659,2589699,
9:49:39,15.63,0.02,592,925296,
9:49:34,15.61,-0.02,674,1052114,
9:49:24,15.63,0.01,1177,1839651,
9:49:24,15.62,0.01,117,182754,
9:49:19,15.61,0.01,185,288785,
9:49:14,15.6,--,1939,3024840,
9:49:09,15.6,--,223,347880,
9:49:04,15.6,0.01,2128,3319680,
9:48:59,15.59,-0.01,452,704668,
9:48:54,15.6,--,188,293280,
9:48:44,15.6,--,201,313560,
9:48:44,15.6,0.01,1064,1659840,
9:48:39,15.59,-0.03,272,424048,
9:48:34,15.62,0.02,1372,2143064,
9:48:29,15.6,--,1164,1815840,
9:48:24,15.6,0.01,2224,3469440,
9:48:19,15.59,0.01,1891,2948380,
9:48:09,15.58,-0.04,806,1257243,
9:48:04,15.62,0.02,291,454604,
9:47:59,15.6,-0.01,2504,3907737,
9:47:54,15.61,0.01,1763,2752417,
9:47:44,15.6,--,340,530400,
9:47:39,15.6,--,586,914160,
9:47:34,15.6,0.01,2308,3601728,
9:47:29,15.59,--,6152,9590968,
9:47:24,15.59,-0.01,654,1019960,
9:47:19,15.6,--,1191,1857960,
9:47:14,15.6,--,452,705120,
9:47:09,15.6,-0.01,1235,1926912,
9:47:04,15.61,0.01,1020,1592220,
9:46:59,15.6,-0.02,6302,9831120,
9:46:54,15.62,--,4403,6877486,
9:46:49,15.62,0.01,2671,4172102,
9:46:44,15.61,-0.01,1232,1923152,
9:46:39,15.62,--,344,537328,
9:46:34,15.62,-0.01,189,295218,
9:46:29,15.63,-0.01,452,706476,
9:46:24,15.64,0.01,3304,5167456,
9:46:19,15.63,-0.02,903,1411389,
9:46:14,15.65,0.02,1547,2421055,
9:46:09,15.63,-0.01,3504,5476752,
9:46:04,15.64,--,751,1174564,
9:45:59,15.64,-0.02,8004,12518381,
9:45:54,15.66,0.01,3419,5354404,
9:45:49,15.65,--,1969,3082799,
9:45:44,15.65,-0.01,1723,2696495,
9:45:34,15.66,0.01,405,634480,
9:45:34,15.65,0.01,430,672950,
9:45:29,15.64,-0.01,477,746090,
9:45:24,15.65,--,986,1543090,
9:45:12,15.65,0.01,726,1136190,
9:45:12,15.64,--,1326,2073864,
9:45:01,15.64,--,1480,2314720,
9:45:01,15.64,--,326,510990,
9:44:56,15.64,--,448,700672,
9:44:51,15.64,--,597,933708,
9:44:46,15.64,0.01,1464,2290133,
9:44:36,15.63,--,826,1291413,
9:44:31,15.63,0.03,1684,2632842,
9:44:26,15.6,-0.01,1115,1739400,
9:44:21,15.61,--,2818,4398898,
9:44:11,15.61,0.01,986,1539146,
9:44:06,15.6,-0.01,117,182520,
9:44:01,15.61,0.01,2759,4308047,
9:43:56,15.6,--,5546,8651760,
9:43:51,15.6,--,431,672360,
9:43:46,15.6,-0.01,1593,2486515,
9:43:41,15.61,0.01,62,96782,
9:43:36,15.6,--,3100,4836000,
9:43:31,15.6,0.02,884,1379164,
9:43:21,15.58,-0.01,463,721665,
9:43:21,15.59,--,508,791972,
9:43:16,15.59,--,72,112248,
9:43:11,15.59,0.01,383,597097,
9:43:06,15.58,--,736,1146999,
9:43:01,15.58,--,537,836708,
9:42:56,15.58,--,1104,1720032,
9:42:51,15.58,-0.01,198,308484,
9:42:46,15.59,--,2146,3347110,
9:42:41,15.59,--,284,442756,
9:42:36,15.59,0.01,1080,1685154,
9:42:31,15.58,-0.01,1061,1653411,
9:42:26,15.59,--,382,595538,
9:42:21,15.59,0.01,346,539414,
9:42:16,15.58,-0.01,244,380152,
9:42:11,15.59,0.01,676,1055255,
9:42:06,15.58,-0.01,392,612231,
9:42:01,15.59,--,517,806377,
9:41:56,15.59,0.01,1249,1948188,
9:41:51,15.58,--,750,1169995,
9:41:46,15.58,-0.01,303,472136,
9:41:41,15.59,0.01,1146,1788110,
9:41:36,15.58,--,1013,1578316,
9:41:31,15.58,--,654,1018932,
9:41:26,15.58,-0.01,719,1120762,
9:41:21,15.59,--,1812,2824908,
9:41:16,15.59,--,583,908897,
9:41:11,15.59,-0.01,412,642308,
9:41:06,15.6,--,1472,2297380,
9:41:01,15.6,--,1926,3004560,
9:40:56,15.6,-0.01,1352,2109120,
9:40:51,15.61,0.02,156,245014,
9:40:49,15.59,-0.01,10014,15612387,
9:40:44,15.6,--,843,1315080,
9:40:39,15.6,--,1304,2034240,
9:40:34,15.6,--,1369,2135640,
9:40:29,15.6,--,2292,3575520,
9:40:24,15.6,-0.03,8916,13908960,
9:40:19,15.63,0.01,1126,1759938,
9:40:14,15.62,-0.01,294,459228,
9:40:04,15.63,0.01,518,809634,
9:40:04,15.62,--,1232,1924384,
9:39:59,15.62,--,1338,2089956,
9:39:53,15.62,0.01,2629,4106498,
9:39:48,15.61,-0.02,2719,4244359,
9:39:43,15.63,0.02,1770,2766510,
9:39:38,15.61,--,1388,2166668,
9:39:33,15.61,0.01,2930,4573730,
9:39:28,15.6,--,6206,9682327,
9:39:23,15.6,-0.01,4062,6337999,
9:39:18,15.61,--,1400,2185400,
9:39:13,15.61,0.02,916,1430156,
9:39:08,15.59,-0.01,752,1172368,
9:38:58,15.6,--,1164,1815840,
9:38:58,15.6,0.01,369,575640,
9:38:48,15.59,0.01,199,310241,
9:38:48,15.58,--,255,397290,
9:38:43,15.58,--,2397,3735741,
9:38:38,15.58,0.01,1172,1825976,
9:38:33,15.57,--,3021,4703697,
9:38:28,15.57,0.01,1423,2215611,
9:38:23,15.56,-0.01,1010,1571560,
9:38:18,15.57,0.01,2207,3436299,
9:38:13,15.56,-0.01,680,1058080,
9:38:08,15.57,0.02,1648,2566901,
9:38:03,15.55,--,2167,3369685,
9:37:58,15.55,-0.01,230,357650,
9:37:53,15.56,0.02,1840,2863040,
9:37:48,15.54,0.01,2554,3968916,
9:37:43,15.53,-0.01,3191,4955623,
9:37:38,15.54,0.03,1932,3002328,
9:37:33,15.51,-0.03,1231,1909281,
9:37:28,15.54,0.01,329,511266,
9:37:23,15.53,0.02,3046,4730438,
9:37:18,15.51,-0.03,5207,8076057,
9:37:13,15.54,0.01,3168,4923072,
9:37:08,15.53,--,13026,20229378,
9:37:03,15.53,0.01,626,972178,
9:36:58,15.52,-0.01,7827,12148466,
9:36:53,15.53,-0.01,917,1424101,
9:36:48,15.54,-0.01,4266,6629364,
9:36:43,15.55,-0.02,6336,9853070,
9:36:38,15.57,--,4201,6541361,
9:36:23,15.57,-0.01,1239,1929123,
9:36:18,15.58,--,1620,2523960,
9:36:18,15.58,--,3186,4963788,
9:36:03,15.58,-0.02,2711,4223738,
9:35:53,15.6,--,3206,5002670,
9:35:53,15.6,--,141,219960,
9:35:48,15.6,0.01,2883,4497480,
9:35:38,15.59,0.01,834,1300455,
9:35:33,15.58,-0.01,2718,4234644,
9:35:28,15.59,0.01,4480,6984320,
9:35:18,15.58,--,1366,2128228,
9:35:13,15.58,0.01,1772,2761056,
9:35:08,15.57,0.01,6241,9717517,
9:35:03,15.56,-0.01,641,997396,
9:34:58,15.57,0.01,1684,2621988,
9:34:53,15.56,--,4592,7145152,
9:34:43,15.56,0.01,3782,5884792,
9:34:38,15.55,-0.01,404,628220,
9:34:33,15.56,0.01,2081,3238036,
9:34:23,15.55,0.02,1051,1634305,
9:34:18,15.53,0.01,761,1181833,
9:34:13,15.52,-0.01,1531,2376112,
9:34:08,15.53,--,1810,2810930,
9:34:03,15.53,0.02,6547,10167491,
9:33:58,15.51,-0.01,2598,4029498,
9:33:53,15.52,-0.01,4474,6943648,
9:33:48,15.53,-0.01,3324,5162172,
9:33:43,15.54,--,1253,1947162,
9:33:38,15.54,--,2116,3288264,
9:33:33,15.54,--,1428,2219112,
9:33:28,15.54,-0.01,2849,4427346,
9:33:18,15.55,--,2887,4489285,
9:33:18,15.55,-0.02,2091,3253044,
9:33:13,15.57,--,4464,6950448,
9:33:08,15.57,-0.01,1679,2614203,
9:33:03,15.58,--,2396,3732968,
9:32:58,15.58,-0.01,3444,5365752,
9:32:53,15.59,--,954,1487286,
9:32:48,15.59,--,1137,1772583,
9:32:43,15.59,--,1039,1619801,
9:32:38,15.59,-0.05,5373,8377348,
9:32:33,15.64,0.05,5480,8571439,
9:32:28,15.59,-0.01,1922,2996398,
9:32:23,15.6,0.02,1888,2945280,
9:32:18,15.58,-0.05,3024,4711392,
9:32:13,15.63,0.03,5093,7960359,
9:32:08,15.6,-0.01,4866,7590960,
9:32:03,15.61,-0.02,1842,2875362,
9:31:58,15.63,0.02,539,842457,
9:31:53,15.61,0.01,8393,13101473,
9:31:48,15.6,-0.01,1605,2503800,
9:31:38,15.61,--,1956,3053316,
9:31:38,15.61,0.03,2407,3757327,
9:31:33,15.58,-0.02,2110,3287380,
9:31:28,15.6,0.03,797,1243320,
9:31:23,15.57,-0.03,2448,3811536,
9:31:18,15.6,0.03,5734,8945040,
9:31:13,15.57,--,3218,5010426,
9:31:08,15.57,0.02,370,576090,
9:31:03,15.55,--,1758,2733705,
9:30:58,15.55,--,2908,4521940,
9:30:53,15.55,0.01,1162,1806910,
9:30:48,15.54,0.01,701,1089354,
9:30:43,15.53,-0.02,1080,1677240,
9:30:38,15.55,0.01,988,1536340,
9:30:33,15.54,0.04,2105,3271170,
9:30:28,15.5,-0.04,2450,3797500,
9:30:23,15.54,0.01,2287,3553998,
9:30:18,15.53,-0.01,716,1111948,
9:30:13,15.54,0.03,1714,2663556,
9:30:08,15.51,-0.03,25067,38878917,
9:30:03,15.54,-0.01,6178,9600612,
9:25:02,15.55,15.55,36692,57056060,
