date,open,max,min,close,turn,volume,dailyreturn
2011-03-22,19.5383,20.0488,19.4008,19.6905,4930370,197772593.7,
2011-03-23,19.6463,20.0292,19.6414,19.7494,1937606,77990440.6,0.30%
2011-03-24,19.6855,19.7248,19.5432,19.5874,1407297,56238439.7,-0.82%
2011-03-25,19.5137,19.5874,19.4155,19.5383,1110923,44077332.5,-0.25%
2011-03-28,19.5481,19.607,19.3419,19.3615,1070460,42336810,-0.90%
2011-03-29,19.3615,19.3615,18.9492,18.9541,1029539,39962700.4,-2.10%
2011-03-30,18.9492,18.9541,18.6546,18.7037,634094,24263102.7,-1.32%
2011-03-31,18.7528,18.9295,18.7135,18.8019,331874,12728996.1,0.53%
2011-04-01,18.8264,18.9344,18.8264,18.9148,231930,8918368.2,0.60%
2011-04-06,18.8755,18.8755,18.7086,18.7381,334621,12787261.6,-0.93%
2011-04-07,18.7626,18.9344,18.7626,18.8166,273231,10486294.4,0.42%
2011-04-08,18.851,18.8903,18.7479,18.8608,238746,9157000.5,0.23%
2011-04-11,18.9001,18.9246,18.7135,18.7184,356700,13666193.7,-0.76%
2011-04-12,18.7184,18.8314,18.7086,18.7184,220741,8426861.7,0.00%
2011-04-13,18.7037,18.8412,18.6595,18.8412,196758,7529748.6,0.66%
2011-04-14,18.8903,18.8903,18.6988,18.7086,205959,7871247.3,-0.70%
2011-04-15,18.6841,18.7626,18.6841,18.7184,236669,9018016.6,0.05%
2011-04-18,18.7184,18.7528,18.6546,18.6792,226050,8604869.5,-0.21%
2011-04-19,18.6595,18.6595,18.4583,18.527,412349,15569877.8,-0.81%
2011-04-20,18.527,18.6448,18.4583,18.6104,258317,9752527.7,0.45%
2011-04-21,18.6841,18.8166,18.6104,18.7234,289752,11060927.1,0.61%
2011-04-22,18.7234,18.7283,18.5564,18.5663,260767,9872549.6,-0.84%
2011-04-25,18.5663,18.5908,18.4632,18.4877,207947,7836641.7,-0.42%
2011-04-26,18.4583,18.4828,18.2423,18.257,265977,9948464.6,-1.25%
2011-04-27,18.2864,18.3846,17.9428,17.9674,277249,10236149.3,-1.59%
2011-04-28,18.1097,18.1588,17.2948,17.3537,453215,16242878.2,-3.42%
2011-04-29,17.3537,17.4764,17.2015,17.3733,226027,7970284.2,0.11%
2011-05-03,17.2801,17.6728,17.2801,17.4764,130288,4626192.9,0.59%
2011-05-04,17.4764,17.5501,17.1917,17.2212,199500,7023161,-1.46%
2011-05-05,17.4666,17.4666,17.1966,17.3439,114995,4064347,0.71%
2011-05-06,17.3439,17.5452,17.2212,17.447,207642,7378739.6,0.59%
2011-05-09,17.4764,17.6188,17.4323,17.4764,157321,5620197.6,0.17%
2011-05-10,17.5746,17.5795,17.4274,17.4863,95705,3404199.6,0.06%
2011-05-11,17.4863,17.663,17.4028,17.5795,158085,5634398.7,0.53%
2011-05-12,17.5795,17.5844,17.3832,17.4617,101799,3620006.1,-0.67%
2011-05-13,17.3586,17.4764,17.3193,17.3783,126390,4476319.2,-0.48%
2011-05-16,17.3783,17.555,17.3783,17.4274,75300,2681642.2,0.28%
2011-05-17,17.3881,17.4961,17.2801,17.4224,97139,3437733,-0.03%
2011-05-18,17.3783,17.4568,17.2604,17.3832,75000,2653484,-0.22%
2011-05-19,17.5059,17.5059,17.2653,17.2801,93600,3314067,-0.59%
2011-05-20,17.2604,17.3635,17.2359,17.2359,75859,2667535,-0.26%
2011-05-23,17.2015,17.2359,16.5879,16.5928,367525,12552914.8,-3.73%
2011-05-24,16.4701,16.7695,16.367,16.6812,184859,6234981.3,0.53%
2011-05-25,16.6959,16.8628,16.3621,16.3719,94700,3189961,-1.85%
2011-05-26,16.3866,16.5683,16.0037,16.0086,160499,5305146,-2.22%
2011-05-27,16.0184,16.1952,15.503,15.5668,252493,8055520.6,-2.76%
2011-05-30,15.5423,15.7583,15.3164,15.3213,170110,5400785.3,-1.58%
2011-05-31,15.3164,15.4637,15.2624,15.4637,136900,4291199.5,0.93%
2011-06-01,15.4539,15.6061,15.3704,15.5521,115790,3661585.4,0.57%
2011-06-02,15.449,15.449,15.2624,15.3066,147618,4600068.9,-1.58%
2011-06-03,15.2772,15.4883,15.2772,15.4883,137865,4339008.8,1.19%
2011-06-07,15.4833,15.8859,15.4833,15.7975,234281,7535439.1,2.00%
2011-06-08,15.6993,15.7533,15.557,15.7092,108416,3453550.7,-0.56%
2011-06-09,15.5668,15.6895,15.3803,15.3803,110667,3495250.5,-2.09%
2011-06-10,15.3655,15.4735,15.3164,15.4244,113449,3557561.8,0.29%
2011-06-13,15.3901,15.4244,15.2232,15.4146,83661,2613889.3,-0.06%
2011-06-14,15.4146,15.611,15.4097,15.5619,154449,4884924.5,0.96%
2011-06-15,15.5963,15.611,15.3852,15.3852,117750,3709182,-1.14%
2011-06-16,15.3852,15.3852,15.3852,15.3852,--,--,0.00%
2011-06-17,15.2232,15.3901,14.9728,14.9728,231301,7114905.5,-2.68%
2011-06-20,14.9581,14.9728,14.6635,14.6635,149650,4495065.6,-2.07%
2011-06-21,14.6586,14.8599,14.5064,14.6292,103739,3089006.7,-0.23%
2011-06-22,14.5555,14.5801,13.8437,13.8437,1331998,38098112.6,-5.37%
2011-06-23,13.9075,14.1284,13.5737,14.099,1128023,31846638.3,1.84%
2011-06-24,13.9468,14.4573,13.8928,14.4279,1036055,30093187.5,2.33%
2011-06-27,14.4279,14.7028,14.3886,14.5555,527154,15635888.9,0.88%
2011-06-28,14.4819,14.5506,14.3395,14.5064,399894,11746348.8,-0.34%
2011-06-29,14.3837,14.5555,14.3346,14.3641,339735,10003988,-0.98%
2011-06-30,14.3444,14.531,14.3444,14.477,290816,8573338.3,0.79%
2011-07-01,14.4819,14.6733,14.423,14.5801,449025,13334257.3,0.71%
2011-07-04,14.6292,14.8206,14.6292,14.8206,527276,15838040.2,1.65%
2011-07-05,14.8648,14.9237,14.7568,14.8795,429784,12999079,0.40%
2011-07-06,14.8795,15.1888,14.7912,15.1692,626940,19150066.1,1.95%
2011-07-07,15.2182,15.8957,15.1741,15.6355,1287292,40969733.9,3.07%
2011-07-08,15.611,15.7043,15.4686,15.5521,545000,17267960.2,-0.53%
2011-07-11,15.503,15.6993,15.3901,15.6993,367589,11713307.2,0.95%
2011-07-12,15.5864,15.5913,15.1102,15.1201,787377,24518089.9,-3.69%
2011-07-13,15.0759,15.4637,15.0759,15.4293,550021,17192773.2,2.04%
2011-07-14,15.5128,15.8564,15.3508,15.8564,982261,31468110.1,2.77%
2011-07-15,15.8613,16.529,15.8564,16.3473,1869433,62244221.3,3.10%
2011-07-18,16.3719,16.961,16.3719,16.4013,1422938,48102491.5,0.33%
2011-07-19,16.3915,16.3915,15.9546,15.9546,929526,30507218,-2.72%
2011-07-20,16.0528,16.3081,15.8172,16.1019,645660,21166910.8,0.92%
2011-07-21,16.0921,16.1755,15.881,15.8957,443018,14446282.3,-1.28%
2011-07-22,15.9104,16.3473,15.9104,16.1804,675054,22310377.7,1.79%
2011-07-25,16.1313,16.5339,15.6208,15.6748,1019162,33405003.8,-3.12%
2011-07-26,15.7043,15.8515,15.611,15.7877,300413,9618737.1,0.72%
2011-07-27,15.773,16.3473,15.6944,16.3473,733733,24161964.2,3.54%
2011-07-28,16.1412,16.5339,16.0037,16.3719,893683,29646897.3,0.15%
2011-07-29,16.3719,16.6664,16.1019,16.1706,715596,23817199.3,-1.23%
2011-08-01,16.1706,16.4995,15.9841,16.3964,627630,20783637.8,1.40%
2011-08-02,16.3621,16.3621,15.935,16.3424,634411,20817090.2,-0.33%
2011-08-03,16.1412,16.5928,16.0037,16.4897,941326,31530886.8,0.90%
2011-08-04,16.4946,16.691,16.2639,16.4848,653263,21854668.7,-0.03%
2011-08-05,16.0283,16.2148,15.9006,15.9693,703428,23020865.9,-3.13%
2011-08-08,15.9055,15.9055,14.3886,14.6537,1115148,34165192.4,-8.24%
2011-08-09,14.261,14.9581,14.0401,14.8942,541037,16148084.8,1.64%
2011-08-10,15.1839,15.2428,14.8992,14.9286,516626,15907674.4,0.23%
2011-08-11,14.7224,15.1839,14.6292,15.179,393096,12000165.3,1.68%
2011-08-12,15.3361,15.4539,15.2182,15.3312,380288,11906560.2,1.00%
2011-08-15,15.4637,15.5521,15.3262,15.5226,290738,9170454.4,1.25%
2011-08-16,15.611,15.611,15.3753,15.4539,283131,8911507.4,-0.44%
2011-08-17,15.5275,15.5324,15.2428,15.2919,262100,8188420.5,-1.05%
2011-08-18,15.2968,15.3459,15.0317,15.0317,263797,8168655.3,-1.70%
2011-08-19,14.8746,14.8844,14.5899,14.8844,345454,10369725.6,-0.98%
2011-08-22,14.8844,14.8844,14.8844,14.8844,--,--,0.00%
2011-08-23,14.7273,15.4539,14.6782,15.4244,537915,16553844.3,3.63%
2011-08-24,15.4293,15.8466,15.3753,15.5815,941714,30052183.2,1.02%
2011-08-25,15.5766,15.6797,15.4195,15.665,663056,21019195.8,0.54%
2011-08-26,15.611,16.0724,15.5324,15.9546,1103918,35842517.3,1.85%
2011-08-29,15.9546,16.0037,15.7877,15.8172,496690,16074372.8,-0.86%
2011-08-30,15.8466,15.9546,15.395,15.395,609349,19487519.6,-2.67%
2011-08-31,15.3704,15.4981,15.1446,15.2477,258363,8046682.3,-0.96%
2011-09-01,15.2232,15.3901,15.0955,15.1495,267028,8280640.2,-0.64%
2011-09-02,15.1888,15.1986,14.8402,14.9139,348954,10630211.7,-1.56%
2011-09-05,14.8255,15.0857,14.8255,14.8992,274360,8366574.2,-0.10%
2011-09-06,14.8942,14.9777,14.6684,14.6881,245241,7363281.6,-1.42%
2011-09-07,14.7912,14.9728,14.7077,14.9581,147199,4450211.2,1.84%
2011-09-08,15.071,15.071,14.7273,14.7764,148850,4531493,-1.21%
2011-09-09,14.801,14.963,14.6832,14.7224,136035,4099618.5,-0.37%
2011-09-13,14.7273,14.7273,14.4819,14.7175,152951,4549796,-0.03%
2011-09-14,14.6733,14.801,14.5801,14.801,104486,3129683.4,0.57%
2011-09-15,14.9041,14.963,14.8255,14.8893,134579,4085815.1,0.60%
2011-09-16,15.0022,15.0072,14.8746,14.8893,88780,2693800,0.00%
2011-09-19,14.7372,14.7421,14.6046,14.639,90499,2703343.2,-1.68%
2011-09-20,14.639,14.8452,14.6046,14.7126,81449,2439684.7,0.50%
2011-09-21,14.7322,15.0612,14.7273,15.0268,208390,6353780.5,2.14%
2011-09-22,14.9728,15.0219,14.6684,14.6733,177390,5350387.2,-2.35%
2011-09-23,14.5702,14.801,14.4082,14.6684,153800,4571477.7,-0.03%
2011-09-26,14.6684,14.7273,14.4475,14.477,107500,3197993.6,-1.30%
2011-09-27,14.5113,14.7224,14.3886,14.4672,85700,2531229,-0.07%
2011-09-28,14.4917,14.6488,14.3346,14.3395,126102,3721823,-0.88%
2011-09-29,14.3395,14.3395,14.3395,14.3395,--,--,0.00%
2011-09-30,14.1382,14.3837,14.0695,14.1186,145435,4198706.1,-1.54%
2011-10-10,14.1333,14.3788,14.0941,14.1579,74335,2146562,0.28%
2011-10-11,14.2855,14.531,13.7848,13.8241,168254,4830434,-2.36%
2011-10-12,13.9419,14.3297,13.6375,14.2413,195271,5600674.8,3.02%
2011-10-13,14.1873,14.4622,14.1873,14.3248,203930,5968557.3,0.59%
2011-10-14,14.2904,14.3837,14.2413,14.3788,96975,2825398.8,0.38%
2011-10-17,14.4082,14.4181,14.2364,14.3739,118054,3447922,-0.03%
2011-10-18,14.3739,14.4181,14.045,14.045,120910,3491218.4,-2.29%
2011-10-19,14.1137,14.1382,13.991,14.0302,58019,1661724.5,-0.11%
2011-10-20,13.9812,13.9861,13.343,13.4019,483888,13357090.2,-4.48%
2011-10-21,13.4019,13.5982,13.2841,13.343,109980,3005487.2,-0.44%
2011-10-24,13.4902,13.4902,13.2791,13.4559,125794,3430362.6,0.85%
2011-10-25,13.4755,13.721,13.3921,13.6964,322861,8918161,1.79%
2011-10-26,13.5541,13.8241,13.4019,13.6375,428969,11922668.5,-0.43%
2011-10-27,13.7455,13.7455,13.5688,13.5786,215465,5986710.2,-0.43%
2011-10-28,13.6424,13.7946,13.6179,13.775,275904,7700732.3,1.45%
2011-10-31,13.7946,13.9173,13.7406,13.8781,234689,6621621.7,0.75%
2011-11-01,13.7504,13.9272,13.7308,13.9124,214899,6066009.9,0.25%
2011-11-02,13.6915,14.1677,13.6081,14.1039,308474,8705434.8,1.38%
2011-11-03,14.1873,14.3297,14.1137,14.1137,549657,15907282.6,0.07%
2011-11-04,14.1922,14.261,14.0892,14.1775,279996,8080008,0.45%
2011-11-07,14.2462,14.2855,14.1382,14.1579,235040,6800207.1,-0.14%
2011-11-08,14.1873,14.207,13.9419,13.9615,177695,5094159.1,-1.39%
2011-11-09,13.9812,14.1677,13.9517,14.1481,145288,4158120.6,1.34%
2011-11-10,14.1186,14.3788,13.9713,14.2659,519845,15062173.7,0.83%
2011-11-11,14.3199,14.5162,14.2021,14.3444,532959,15594911,0.55%
2011-11-14,14.3984,14.6782,14.3984,14.5997,431638,12796770,1.78%
2011-11-15,14.5997,14.6292,14.4132,14.4819,273286,8075725.6,-0.81%
2011-11-16,14.4181,14.5506,13.9713,14.0744,432184,12486241,-2.81%
2011-11-17,14.0744,14.3837,14.0744,14.2462,261783,7584635.2,1.22%
2011-11-18,14.1186,14.3788,13.9419,13.9664,356612,10275755.6,-1.96%
2011-11-21,14.0253,14.0253,13.6866,13.7897,223688,6291366.1,-1.27%
2011-11-22,13.3822,13.6866,13.3822,13.5688,179082,4941305.2,-1.60%
2011-11-23,13.5737,13.7357,13.5001,13.5492,186558,5163835.1,-0.14%
2011-11-24,13.5246,13.6719,13.4117,13.5982,108957,3006480.3,0.36%
2011-11-25,13.6768,13.7946,13.5492,13.6964,181821,5083459.3,0.72%
2011-11-28,13.6424,13.7946,13.6424,13.6964,130847,3649073.6,0.00%
2011-11-29,13.8339,13.8388,13.6866,13.7897,123672,3460291.6,0.68%
2011-11-30,13.7897,13.7897,13.2006,13.3086,374525,10237448.9,-3.49%
2011-12-01,13.5246,13.6866,13.4853,13.5492,230353,6380426.8,1.81%
2011-12-02,13.5001,13.559,13.1957,13.2497,148803,4035967.2,-2.21%
2011-12-05,13.2497,13.2497,12.965,12.9699,210600,5607868.5,-2.11%
2011-12-06,12.965,13.1024,12.9355,13.0533,71462,1891769.3,0.64%
2011-12-07,13.1024,13.1417,13.0533,13.073,46600,1242502.3,0.15%
2011-12-08,13.0582,13.181,12.9453,13.0828,64886,1726377.2,0.07%
2011-12-09,13.0828,13.1221,12.911,12.9601,78810,2084546.4,-0.94%
2011-12-12,12.9159,13.0484,12.9011,12.9257,67711,1785832.9,-0.27%
2011-12-13,12.9011,12.9011,12.533,12.5919,133439,3437712.5,-2.58%
2011-12-14,12.533,12.6606,12.4201,12.425,72449,1849081.9,-1.33%
2011-12-15,12.4691,12.4691,12.0813,12.1255,139298,3459786.6,-2.41%
2011-12-16,12.0273,12.2826,12.0126,12.2826,126244,3122566.7,1.30%
2011-12-19,12.1746,12.3219,11.9291,12.2777,122702,3029423.3,-0.04%
2011-12-20,12.1746,12.317,12.0371,12.2581,122385,3047297.9,-0.16%
2011-12-21,12.3022,12.3219,11.9881,11.9979,131300,3268043.5,-2.12%
2011-12-22,11.9979,11.9979,11.5659,11.6788,146300,3473849.4,-2.66%
2011-12-23,11.5904,11.831,11.5855,11.6788,188414,4486899.2,0.00%
2011-12-26,11.6444,11.7328,11.5855,11.5855,56300,1335955,-0.80%
2011-12-27,11.5757,11.5757,11.07,11.1191,235300,5409504,-4.03%
2011-12-28,11.0946,11.1142,10.5546,10.7313,285600,6238218,-3.49%
2011-12-29,10.6528,10.7706,10.6282,10.7068,106876,2334240.3,-0.23%
2011-12-30,10.8,10.8639,10.7313,10.8,110964,2442723.4,0.87%
2012-01-04,10.854,10.9866,10.6037,10.6822,112700,2487609,-1.09%
2012-01-05,10.6479,10.6479,10.152,10.2257,148150,3145166.5,-4.27%
2012-01-06,10.152,10.152,9.666,9.8428,222168,4453609.6,-3.74%
2012-01-09,9.936,10.1619,9.5728,10.1619,384062,7743567.1,3.24%
2012-01-10,10.0293,10.6479,10.0293,10.643,375424,7939637.8,4.73%
2012-01-11,10.6528,10.859,10.5595,10.7019,237401,5178158.5,0.55%
2012-01-12,10.7019,10.7657,10.4957,10.5546,197330,4267492.4,-1.38%
2012-01-13,10.5939,10.5988,9.9753,10.0342,263977,5460104.1,-4.93%
2012-01-16,9.99,10.0833,9.7937,9.7937,124400,2505916,-2.40%
2012-01-17,9.7691,10.2355,9.72,10.211,190840,3904488.1,4.26%
2012-01-18,10.211,10.211,9.8182,9.8428,405040,8276595.6,-3.61%
2012-01-19,9.8182,9.9704,9.6906,9.8084,381502,7604863.8,-0.35%
2012-01-20,9.8035,9.9017,9.7299,9.8771,360373,7213923.4,0.70%
2012-01-30,9.9164,9.9508,9.7691,9.882,220610,4438028,0.05%
2012-01-31,9.8575,9.8575,9.6219,9.6562,313100,6170222,-2.28%
2012-02-01,9.6464,9.833,9.6366,9.7004,241031,4781802.2,0.46%
2012-02-02,9.6759,9.9557,9.6759,9.9508,382672,7685250.3,2.58%
2012-02-03,9.9508,10.211,9.9508,10.211,722783,14896429.8,2.61%
2012-02-06,10.2159,10.5546,10.211,10.4417,836553,17789995.6,2.26%
2012-02-07,10.4466,10.4466,10.0637,10.1619,432599,9022136.1,-2.68%
2012-02-08,10.1128,10.476,10.0882,10.4564,399452,8408794.6,2.90%
2012-02-09,10.4957,10.589,10.4171,10.5055,555069,11891401.9,0.47%
2012-02-10,10.5055,10.6037,10.4319,10.4662,404957,8677401.7,-0.37%
2012-02-13,10.3582,10.6479,10.3091,10.5742,513911,11026938.8,1.03%
2012-02-14,10.5546,10.6528,10.4564,10.4957,410147,8796998.8,-0.74%
2012-02-15,10.4957,10.638,10.4073,10.638,663267,14254659.6,1.36%
2012-02-16,10.6135,10.8982,10.6135,10.7215,922990,20177864.7,0.78%
2012-02-17,10.7264,10.7853,10.535,10.6037,424892,9191451.5,-1.10%
2012-02-20,10.7264,10.8,10.638,10.6577,482521,10512020.5,0.51%
2012-02-21,10.6331,10.751,10.476,10.7362,318185,6893104.8,0.74%
2012-02-22,10.7313,11.0897,10.7117,11.0651,1074355,23942236.9,3.06%
2012-02-23,11.0946,11.2615,11.0357,11.1879,899534,20426835.9,1.11%
2012-02-24,11.1879,11.1879,11.1879,11.1879,--,--,0.00%
2012-02-27,11.2811,11.2861,11.0504,11.075,1026039,23325004.6,-1.01%
2012-02-28,11.021,11.021,10.7166,10.8148,754819,16698540.7,-2.35%
2012-02-29,10.8,10.9228,10.7264,10.751,400767,8816336.9,-0.59%
2012-03-01,10.751,10.854,10.6773,10.7608,348572,7666243.6,0.09%
2012-03-02,10.8491,10.8982,10.7608,10.8933,427169,9448291.7,1.23%
2012-03-05,10.9031,10.9473,10.8639,10.9228,421924,9383633.5,0.27%
2012-03-06,10.8884,10.8982,10.7068,10.7559,291905,6408139.1,-1.53%
2012-03-07,10.697,10.8295,10.6528,10.7313,328457,7202635.7,-0.23%
2012-03-08,10.7117,10.9228,10.7117,10.8786,352028,7781180.8,1.37%
2012-03-09,10.8982,11.1633,10.8982,11.1535,770863,17384930.6,2.53%
2012-03-12,11.183,11.2713,11.0406,11.1584,580400,13189067.8,0.04%
2012-03-13,11.1928,11.2615,11.1093,11.2517,613110,13978089.4,0.84%
2012-03-14,12.2139,12.3759,12.2139,12.3759,4833528,121762528.6,9.99%
2012-03-15,12.371,12.4151,11.6346,11.9193,3892619,95452069.3,-3.69%
2012-03-16,11.8211,12.1746,11.6837,11.993,2133421,51700701.6,0.62%
2012-03-19,11.8555,11.9635,11.5708,11.8457,1601633,38354026.7,-1.23%
2012-03-20,11.8064,11.8064,11.3253,11.3793,1182048,27720997.2,-3.94%
2012-03-21,11.3548,11.5364,11.2173,11.5119,940490,21830739.8,1.17%
2012-03-22,11.4873,11.6984,11.2959,11.5217,700678,16479466.5,0.09%
2012-03-23,11.6248,11.6248,11.2419,11.291,506310,11697368.7,-2.00%
2012-03-26,11.2959,11.3401,11.1437,11.291,358135,8222636.8,0.00%
2012-03-27,11.3891,11.4186,11.1584,11.178,409611,9377990.9,-1.00%
2012-03-28,11.1437,11.1437,10.2699,10.2895,976998,21122867,-7.95%
2012-03-29,10.211,10.211,9.941,9.9655,572039,11704805.5,-3.15%
2012-03-30,9.9704,10.103,9.8428,9.8673,301458,6106250,-0.99%
2012-04-05,9.9017,10.0784,9.8477,10.0342,389364,7917584.9,1.69%
2012-04-06,9.99,10.103,9.9164,10.0146,404460,8255237.1,-0.20%
2012-04-09,10.0146,10.0931,9.8673,9.9459,196394,4007637,-0.69%
2012-04-10,9.9655,10.0342,9.7446,9.99,374071,7521909.6,0.44%
2012-04-11,9.8624,10.0097,9.8624,9.9557,215223,4356469.9,-0.34%
2012-04-12,9.9655,10.211,9.9557,10.1864,376981,7745220.4,2.32%
2012-04-13,10.1913,10.26,10.1128,10.2502,354202,7369230.1,0.63%
2012-04-16,10.206,10.211,10.0882,10.1619,215248,4444765.5,-0.86%
2012-04-17,10.1373,10.2846,10.103,10.1275,234590,4867602.7,-0.34%
2012-04-18,10.1422,10.2846,10.0784,10.2699,303812,6310786.4,1.41%
2012-04-19,10.26,10.3533,10.1864,10.3091,329413,6894424.1,0.38%
2012-04-20,10.2355,10.4073,10.1275,10.368,287720,6035269.3,0.57%
2012-04-23,10.3484,10.3484,9.7446,9.8182,791846,16010654.4,-5.30%
2012-04-24,9.7446,9.9164,9.6071,9.6857,416095,8251760.6,-1.35%
2012-04-25,9.6857,9.6857,9.6857,9.6857,--,--,0.00%
2012-04-26,9.8182,10.044,9.8182,9.8919,349791,7080488.3,2.13%
2012-04-27,9.8919,9.9213,9.8231,9.8968,180328,3628912.2,0.05%
2012-05-02,9.9164,10.1275,9.9164,10.0588,353790,7231436.4,1.64%
2012-05-03,10.0637,10.211,10.0342,10.152,213986,4418700.3,0.93%
2012-05-04,10.1766,10.2355,10.1668,10.206,243109,5054953.2,0.53%
2012-05-07,10.0588,10.2944,10.0146,10.2502,372548,7742242.1,0.43%
2012-05-08,10.2502,10.4073,10.1619,10.314,385109,8069856.2,0.62%
2012-05-09,10.3091,10.3091,10.103,10.1275,291999,6047923.5,-1.81%
2012-05-10,10.1324,10.6233,10.1275,10.3091,428006,9056635.6,1.79%
2012-05-11,10.3288,10.4957,10.1619,10.4564,546979,11580014.6,1.43%
2012-05-14,10.5546,10.7804,10.3631,10.6577,777188,16859947.1,1.93%
2012-05-15,10.6086,10.6479,10.3828,10.4319,367810,7842353.1,-2.12%
2012-05-16,10.3337,10.4908,10.319,10.3337,243277,5155837.2,-0.94%
2012-05-17,10.2895,10.4319,10.2895,10.422,233049,4913968.9,0.85%
2012-05-18,10.422,10.432,9.8594,9.9838,412299,8381395.7,-4.20%
2012-05-21,10.0685,10.0785,9.9341,9.954,224001,4500139.4,-0.30%
2012-05-22,10.0137,10.198,10.0137,10.1382,167077,3395923.9,1.85%
2012-05-23,10.0585,10.1432,9.9589,10.0386,205301,4132340,-0.98%
2012-05-24,9.9739,10.1034,9.9739,9.9988,170680,3436126.9,-0.40%
2012-05-25,9.9988,10.0237,9.8643,9.8843,206698,4122659.3,-1.15%
2012-05-28,9.8843,9.8892,9.7199,9.8843,275981,5447850.4,0.00%
2012-05-29,9.9092,10.0386,9.9092,10.0336,205991,4133798.3,1.51%
2012-05-30,10.0436,10.0984,9.9838,10.0685,220744,4453857.1,0.35%
2012-05-31,10.0087,10.2079,10.0087,10.1482,260110,5306727.2,0.79%
2012-06-01,10.2129,10.2129,10.0984,10.1283,167431,3411437.2,-0.20%
2012-06-04,10.0486,10.0486,9.8743,9.8743,215942,4313320.3,-2.51%
2012-06-05,9.8594,10.0038,9.8594,9.9092,153687,3064666.7,0.35%
2012-06-06,9.9042,9.9938,9.8394,9.8494,127099,2523971.2,-0.60%
2012-06-07,9.954,9.954,9.7996,9.8195,170774,3382532.1,-0.30%
2012-06-08,9.8444,9.9092,9.7896,9.7996,108075,2136684.3,-0.20%
2012-06-11,9.8494,10.0087,9.7996,9.9888,158839,3168659,1.93%
2012-06-12,9.9092,10.0984,9.9092,10.0336,196251,3955846.3,0.45%
2012-06-13,10.1083,10.2527,10.0187,10.178,345472,7047086.6,1.44%
2012-06-14,10.2328,10.2328,10.0386,10.0785,243001,4957488.9,-0.98%
2012-06-15,10.1581,10.442,10.0984,10.3274,655977,13596280.7,2.47%
2012-06-18,10.3324,10.676,10.2926,10.6063,1014468,21465734,2.70%
2012-06-19,10.6113,10.92,10.4718,10.7557,1598696,34518230.1,1.41%
2012-06-20,10.7557,10.7557,10.4619,10.4818,830233,17587254.1,-2.55%
2012-06-21,10.4569,10.4718,10.2527,10.3473,444448,9208100.4,-1.28%
2012-06-25,10.3971,10.7059,10.2677,10.2876,447393,9391391.4,-0.58%
2012-06-26,10.2577,10.2826,9.9888,10.1382,369771,7500886,-1.45%
2012-06-27,10.1382,10.4171,10.1382,10.1432,350427,7225438.3,0.05%
2012-06-28,10.1432,10.3374,10.1432,10.178,328649,6762761.1,0.34%
2012-06-29,10.1083,10.6013,10.0934,10.5764,716850,14997104.5,3.91%
2012-07-02,10.5565,10.8304,10.5565,10.681,923989,19873544.8,0.99%
2012-07-03,10.6113,10.8055,10.6113,10.7158,588752,12664944.3,0.33%
2012-07-04,10.7158,10.7208,10.5316,10.5415,492035,10497132.1,-1.63%
2012-07-05,10.5067,10.8055,10.3971,10.8005,774768,16509469.8,2.46%
2012-07-06,10.8104,11.2188,10.7357,11.0295,1572125,34648725.6,2.12%
2012-07-09,10.9548,11.1789,10.7308,10.7557,1269436,28179496.9,-2.48%
2012-07-10,10.7059,10.7407,10.4868,10.4868,510559,10859508,-2.50%
2012-07-11,10.4021,10.6561,10.3374,10.6312,469697,9900353.2,1.38%
2012-07-12,10.6312,10.8951,10.5167,10.8304,679411,14664113.9,1.87%
2012-07-13,10.7258,10.7258,10.3523,10.4569,1095457,23092611.4,-3.45%
2012-07-16,10.4569,10.4718,9.8444,9.8494,782031,15870392.3,-5.81%
2012-07-17,9.7996,9.9092,9.7747,9.8195,280409,5540645.1,-0.30%
2012-07-18,9.9092,9.9092,9.6502,9.7847,365596,7137134.5,-0.35%
2012-07-19,9.8096,10.0038,9.715,9.954,276225,5519448.2,1.73%
2012-07-20,9.954,10.0386,9.8594,9.8892,176255,3513757.2,-0.65%
2012-07-23,9.8096,9.8544,9.7349,9.8295,160041,3143821.3,-0.60%
2012-07-24,9.8494,10.0187,9.7498,9.954,393008,7830754.4,1.27%
2012-07-25,9.9988,10.0137,9.7697,9.8345,318634,6346369.1,-1.20%
2012-07-26,9.9042,9.939,9.7996,9.8345,138038,2735490.8,0.00%
2012-07-27,9.9141,10.1332,9.8892,9.9241,170562,3407211.6,0.91%
2012-07-30,9.944,9.9888,9.7,9.7,219951,4309764.5,-2.26%
2012-07-31,9.6701,9.7,9.5357,9.5706,194222,3734938,-1.33%
2012-08-01,9.6502,9.6901,9.5755,9.6054,130131,2516013.4,0.36%
2012-08-02,9.5656,9.7996,9.5656,9.6901,185270,3612667.8,0.88%
2012-08-03,9.6652,9.8693,9.6652,9.8594,180108,3544713.3,1.75%
2012-08-06,9.8743,10.0984,9.7697,10.0984,269628,5385325.9,2.42%
2012-08-07,10.0735,10.0834,9.9241,9.9988,287748,5772474.2,-0.99%
2012-08-08,9.949,9.9938,9.8195,9.949,301853,5999147.9,-0.50%
2012-08-09,9.9589,10.0336,9.8693,10.0237,331652,6649284.5,0.75%
2012-08-10,10.0585,10.0585,9.954,9.954,226333,4544730.2,-0.70%
2012-08-13,9.954,10.0884,9.9092,9.9639,413840,8325571.9,0.10%
2012-08-14,10.0486,10.1482,9.8843,10.1432,367254,7388373,1.80%
2012-08-15,10.1332,10.1332,10.0137,10.0336,194903,3938063.3,-1.08%
2012-08-16,10.0287,10.0336,9.9191,9.9241,161235,3225702.1,-1.09%
2012-08-17,9.9241,9.9589,9.8643,9.9092,110408,2195599.7,-0.15%
2012-08-20,9.8793,9.8793,9.7,9.7797,223021,4378832.5,-1.31%
2012-08-21,9.8594,10.1382,9.8544,10.0785,492827,9948619.5,3.06%
2012-08-22,10.0287,10.1183,9.9988,10.0336,224121,4521965.8,-0.45%
2012-08-23,9.9988,10.1283,9.9988,10.1133,265478,5374684.9,0.79%
2012-08-24,10.1034,10.1083,9.8394,9.8444,299481,5994973.4,-2.66%
2012-08-27,9.8096,9.8843,9.7648,9.7996,117970,2325732.7,-0.46%
2012-08-28,9.8544,9.944,9.7847,9.8992,115101,2277577.8,1.02%
2012-08-29,9.8843,9.9888,9.7996,9.8942,118601,2360588.8,-0.05%
2012-08-30,9.8643,9.9938,9.7847,9.8145,223591,4446015.4,-0.81%
2012-08-31,9.8096,9.9689,9.7847,9.8295,185656,3689803.1,0.15%
2012-09-03,9.8793,10.0187,9.8145,9.9789,237382,4757681.9,1.52%
2012-09-04,9.9838,10.1432,9.9838,10.0087,332955,6728743.4,0.30%
2012-09-05,10.0785,10.3772,10.0486,10.3025,838253,17255922.1,2.94%
2012-09-06,10.3872,10.4121,10.2627,10.3971,597625,12425863.9,0.92%
2012-09-07,10.427,10.9399,10.427,10.8901,1100533,23754321.2,4.74%
2012-09-10,10.8851,10.9797,10.6312,10.9648,931074,20259748,0.69%
2012-09-11,10.8951,10.925,10.7059,10.9051,559548,12128664,-0.54%
2012-09-12,10.9001,10.9598,10.8254,10.9548,459200,10052798.5,0.46%
2012-09-13,10.9548,11.0943,10.8602,10.91,703416,15502681.4,-0.41%
2012-09-14,10.925,10.9499,10.8304,10.9299,546476,11929882.6,0.18%
2012-09-17,10.8602,11.1441,10.8304,10.9051,961312,21271781.9,-0.23%
2012-09-18,10.8055,11.154,10.5814,10.7407,1062654,23075807.5,-1.51%
2012-09-19,10.7557,10.9548,10.7009,10.8652,870615,18985730.4,1.16%
2012-09-20,10.8304,10.8702,10.4569,10.5565,520241,11121959.6,-2.84%
2012-09-21,10.5814,10.5814,9.8594,10.3523,1511693,31117905.7,-1.93%
2012-09-24,10.2029,10.2478,9.944,10.0635,1460793,29556791.8,-2.79%
2012-09-25,10.0137,10.0984,9.7299,9.7598,497358,9840892.9,-3.02%
2012-09-26,9.7847,9.7847,9.471,9.471,413064,7983649,-2.96%
2012-09-27,9.471,9.7598,9.471,9.6801,212312,4107719.9,2.21%
2012-09-28,9.6154,9.9092,9.6154,9.9092,182788,3598637.8,2.37%
2012-10-08,9.8195,9.944,9.8145,9.8494,106798,2118208.8,-0.60%
2012-10-09,9.954,10.0336,9.8843,10.0237,359804,7211160.9,1.77%
2012-10-10,9.9739,10.0735,9.9589,10.0635,215674,4335628.6,0.40%
2012-10-11,10.0336,10.0336,9.7996,9.7996,273345,5445354.1,-2.62%
2012-10-12,9.8594,9.9589,9.7697,9.8892,127813,2531329,0.91%
2012-10-15,9.7648,9.8843,9.7448,9.7548,141193,2772926.8,-1.36%
2012-10-16,9.8544,9.939,9.8345,9.9191,177806,3535010.4,1.68%
2012-10-17,9.944,9.949,9.7697,9.8345,111276,2199895,-0.85%
2012-10-18,9.9092,9.9789,9.8594,9.9589,150105,2992501,1.26%
2012-10-19,9.9589,10.0087,9.8992,9.9689,147515,2952291.5,0.10%
2012-10-22,9.9589,9.9888,9.8594,9.9589,125828,2505836.2,-0.10%
2012-10-23,9.9341,10.0038,9.8843,9.8992,86850,1732708.5,-0.60%
2012-10-24,9.8594,9.9191,9.8145,9.8743,106200,2103505,-0.25%
2012-10-25,9.8743,9.9789,9.8394,9.9042,135350,2692640.5,0.30%
2012-10-26,9.9042,9.944,9.7797,9.8295,208700,4124383.3,-0.75%
2012-10-29,9.8295,9.8643,9.7747,9.8145,80829,1595690.7,-0.15%
2012-10-30,9.8096,9.8693,9.7996,9.8444,51600,1018748.6,0.30%
2012-10-31,9.8046,9.8544,9.7747,9.8046,203538,4001528.9,-0.40%
2012-11-01,9.7648,9.9589,9.7648,9.9589,480948,9529810.1,1.57%
2012-11-02,9.9092,9.9589,9.8643,9.9291,121485,2421116.1,-0.30%
2012-11-05,9.9241,9.9341,9.8643,9.9191,92338,1837741.7,-0.10%
2012-11-06,9.9191,9.9191,9.7697,9.8594,86900,1713945,-0.60%
2012-11-07,9.8843,9.8843,9.7797,9.8245,203698,4015605.6,-0.35%
2012-11-08,9.7747,9.9042,9.7199,9.7199,178983,3529918.2,-1.06%
2012-11-09,9.7349,9.7946,9.71,9.7548,138450,2709122.3,0.36%
2012-11-12,9.8096,9.8096,9.7249,9.7349,77200,1512911,-0.20%
2012-11-13,9.7349,9.7349,9.5108,9.5108,168100,3248909,-2.30%
2012-11-14,9.5257,9.5606,9.3714,9.4261,237071,4496994.7,-0.89%
2012-11-15,9.3963,9.456,9.1124,9.1373,203217,3787680.1,-3.06%
2012-11-16,9.1373,9.212,9.1124,9.1622,93980,1725528.6,0.27%
2012-11-19,9.1473,9.2967,9.1423,9.2618,87550,1618627.4,1.09%
2012-11-20,9.2618,9.3116,9.1523,9.1523,116500,2156025,-1.18%
2012-11-21,9.212,9.2618,9.1324,9.207,103184,1907209.2,0.60%
2012-11-22,9.1772,9.2668,9.1772,9.2369,77003,1427627.5,0.32%
2012-11-23,9.1921,9.3017,9.1921,9.2369,45533,846073.2,0.00%
2012-11-26,9.1772,9.2519,9.1622,9.1672,74600,1377149,-0.75%
2012-11-27,9.1274,9.1274,8.7141,8.7141,189622,3381088.3,-4.94%
2012-11-28,8.6892,8.9133,8.3406,8.4153,487164,8433110.8,-3.43%
2012-11-29,8.4153,8.5149,8.2012,8.2261,223690,3758815.8,-2.25%
2012-11-30,8.1713,8.256,8.0568,8.241,155511,2549698,0.18%
2012-12-03,8.2609,8.2609,7.9373,7.9373,212500,3436154,-3.69%
2012-12-04,7.9174,8.0568,7.9074,7.997,220212,3523804.9,0.75%
2012-12-05,8.0618,8.3506,7.9871,8.2659,442911,7334809.8,3.36%
2012-12-06,8.2012,8.3058,8.1614,8.1663,246965,4076986.9,-1.20%
2012-12-07,8.2161,8.4153,8.1464,8.3655,314055,5233016.6,2.44%
2012-12-10,8.3655,8.5398,8.3655,8.5099,304790,5175312.4,1.73%
2012-12-11,8.5149,8.5149,8.3755,8.4103,214349,3623787.7,-1.17%
2012-12-12,8.49,8.49,8.3058,8.4153,153203,2573299.5,0.06%
2012-12-13,8.3705,8.4153,8.2759,8.2809,72818,1218976.3,-1.60%
2012-12-14,8.2858,8.7639,8.2858,8.7191,618290,10721910.6,5.29%
2012-12-17,8.6643,8.744,8.6643,8.7091,262945,4588583.5,-0.11%
2012-12-18,8.7091,8.8037,8.6693,8.7141,288129,5059360.3,0.06%
2012-12-19,8.7141,8.7938,8.6842,8.7639,206454,3628736,0.57%
2012-12-20,8.7539,8.9133,8.7091,8.8286,297223,5252574.6,0.74%
2012-12-21,8.8635,9.0178,8.8286,8.9133,510493,9161515.3,0.96%
2012-12-24,8.968,9.1523,8.968,9.1025,1000878,18257274.2,2.12%
2012-12-25,9.1124,9.3764,9.0676,9.3365,1228772,22721418.2,2.57%
2012-12-26,9.3116,9.5706,9.2568,9.5706,879833,16686810.3,2.51%
2012-12-27,9.5855,9.8544,9.4112,9.4112,1329871,25655041.4,-1.67%
2012-12-28,9.4012,9.7598,9.3266,9.5954,935972,18020301.1,1.96%
2012-12-31,9.5905,9.6602,9.456,9.4809,710730,13572666.5,-1.19%
2013-01-04,9.5357,9.6054,9.2718,9.3764,632592,11954630.3,-1.10%
2013-01-07,9.3764,9.5556,9.3614,9.5457,614275,11700958.2,1.81%
2013-01-08,9.5656,9.6901,9.5556,9.6602,777046,15022294.6,1.20%
2013-01-09,9.6502,9.6502,9.4809,9.5108,512108,9839794.1,-1.55%
2013-01-10,9.5357,9.6054,9.5108,9.5656,345481,6622890.7,0.58%
2013-01-11,9.6004,9.7349,9.5058,9.5357,778670,15078803.6,-0.31%
2013-01-14,9.6054,10.0934,9.4859,10.0635,1486461,29552709.3,5.53%
2013-01-15,10.0386,10.3324,10.0386,10.178,851821,17393373.6,1.14%
2013-01-16,10.0436,10.0436,9.8643,9.9341,1012464,20213112.6,-2.40%
2013-01-17,9.954,10.0038,9.8892,9.9291,405632,8097629.2,-0.05%
2013-01-18,9.8693,10.0137,9.8295,9.9639,546610,10898843.7,0.35%
2013-01-21,9.9639,10.0087,9.8793,9.9739,514903,10288629.7,0.10%
2013-01-22,9.9589,9.9589,9.7249,9.7548,603836,11903965.1,-2.20%
2013-01-23,9.71,9.8096,9.6901,9.7797,257347,5029392.7,0.26%
2013-01-24,9.71,9.8096,9.4112,9.4759,702086,13581678.7,-3.11%
2013-01-25,9.6004,9.6004,9.466,9.5158,208461,3992277.3,0.42%
2013-01-28,9.5954,9.7896,9.5008,9.7896,323560,6297847.7,2.88%
2013-01-29,9.7996,9.949,9.7847,9.9092,459186,9074393.4,1.22%
2013-01-30,9.8693,9.9888,9.8096,9.9092,379780,7542038.1,0.00%
2013-01-31,9.944,9.949,9.8245,9.8594,219812,4363438.2,-0.50%
2013-02-01,9.8643,9.949,9.8245,9.9341,305295,6069419.2,0.76%
2013-02-04,9.944,9.9589,9.7349,9.7996,270939,5359789.9,-1.35%
2013-02-05,9.7249,9.944,9.7249,9.8743,204924,4052839.9,0.76%
2013-02-06,9.9042,10.0386,9.8693,9.9988,435932,8749673,1.26%
2013-02-07,9.954,10.7656,9.954,10.7158,2111168,44149686,7.17%
2013-02-08,10.6212,10.8602,10.5515,10.7955,1280462,27568778,0.74%
2013-02-18,10.7557,11.1739,10.7059,11.1092,1319938,29168624.9,2.91%
2013-02-19,11.1042,11.2287,10.9897,11.1739,1230489,27493569.4,0.58%
2013-02-20,11.164,11.6868,11.0744,11.5823,1822659,42122464.3,3.65%
2013-02-21,11.4528,11.5972,11.2188,11.3333,1131196,25880301.3,-2.15%
2013-02-22,11.2586,11.6719,11.2038,11.5175,985601,22839832.7,1.63%
2013-02-25,11.5275,11.6918,11.5275,11.5872,760327,17716764.8,0.61%
2013-02-26,11.5524,11.647,11.2337,11.2337,1095399,25109656.6,-3.05%
2013-02-27,11.1789,11.3432,10.8951,10.9548,818932,18232564.3,-2.48%
2013-02-28,10.9548,11.1739,10.8802,11.1739,512513,11398603.9,2.00%
2013-03-01,11.0644,11.5474,11.0644,11.4628,620314,14104735.9,2.59%
2013-03-04,11.2038,12.5533,11.2038,12.1947,2517273,61089169.3,6.39%
2013-03-05,12.1947,12.8719,12.0503,12.852,2316458,58693950.8,5.39%
2013-03-06,12.857,13.3151,12.7524,13.0462,1635364,43024036.8,1.51%
2013-03-07,13.0213,13.1209,12.852,12.9217,925555,24059197.3,-0.95%
2013-03-08,12.9267,13.0562,12.7076,12.847,563035,14513275.3,-0.58%
2013-03-11,12.847,12.8719,12.5732,12.623,463279,11763202.8,-1.74%
2013-03-12,12.5981,12.7873,12.0055,12.1101,853427,21106760.5,-4.06%
2013-03-13,12.0752,12.1101,11.8213,12.1001,446802,10732646.6,-0.08%
2013-03-14,12.0105,12.2545,11.9557,12.1947,357914,8734442.1,0.78%
2013-03-15,12.135,12.8919,11.9507,12.6429,689932,17328602,3.68%
2013-03-18,12.3989,12.847,12.3989,12.5931,544344,13909697.3,-0.39%
2013-03-19,12.6429,12.6977,12.0653,12.3491,300293,7455732.8,-1.94%
2013-03-20,12.3491,12.8719,12.2246,12.857,509724,12921216.2,4.11%
2013-03-21,12.8719,12.9018,12.6977,12.862,431268,11091958.4,0.04%
2013-03-22,12.847,12.847,12.4985,12.7076,444170,11287925.8,-1.20%
2013-03-25,12.5981,12.6877,12.4885,12.4985,435774,10965525.1,-1.65%
2013-03-26,12.4686,12.5582,12.2595,12.4736,593581,14728280.7,-0.20%
2013-03-27,12.4288,12.623,12.3541,12.5134,363993,9129608.2,0.32%
2013-03-28,12.4238,12.4238,12.1997,12.1997,388178,9569311.5,-2.51%
2013-03-29,11.8512,11.8561,11.4578,11.5424,1186110,27845371.8,-5.39%
2013-04-01,11.5424,11.7117,11.403,11.4379,772151,17956385.3,-0.91%
2013-04-02,11.4379,11.6769,11.3034,11.3084,264242,6053001.9,-1.13%
2013-04-03,11.393,11.5026,11.2785,11.4478,237194,5426558.9,1.23%
2013-04-08,12.4487,12.5931,11.8014,11.9507,1646046,40189718.8,4.39%
2013-04-09,12.0553,12.2147,11.5773,11.6868,627444,14763249.7,-2.21%
2013-04-10,11.4528,11.6022,11.408,11.4478,309626,7142157.4,-2.05%
2013-04-11,11.4478,11.4578,11.3532,11.3681,191739,4384500.2,-0.70%
2013-04-12,11.3283,11.398,11.1391,11.1441,250401,5645468.8,-1.97%
2013-04-15,11.2387,11.2387,10.8553,10.9548,240700,5315626,-1.70%
2013-04-16,10.8702,11.403,10.6113,11.2636,357438,7823295,2.82%
2013-04-17,11.1341,11.3034,11.1042,11.2536,155000,3482289.4,-0.09%
2013-04-18,11.2785,11.2835,11.0793,11.0893,168666,3773433.8,-1.46%
2013-04-19,11.0893,11.876,11.0893,11.7466,1742683,40645647.2,5.93%
2013-04-22,11.7018,12.623,11.5773,12.3989,1786171,43832827.9,5.55%
2013-04-23,12.2595,12.3989,11.8014,11.9507,514103,12417539.3,-3.61%
2013-04-24,11.9507,12.1997,11.9507,11.9806,552566,13395540.9,0.25%
2013-04-25,11.8163,12.1001,11.8113,11.8263,415209,9978071.7,-1.29%
2013-04-26,11.7615,11.9507,11.408,11.408,423530,9983823.9,-3.54%
2013-05-02,11.413,11.5474,11.2586,11.3333,214706,4912948.8,-0.65%
2013-05-03,11.7316,11.9458,11.5076,11.891,602692,14293632.3,4.92%
2013-05-06,11.9009,12.4885,11.7516,12.3889,1124630,27760440.7,4.19%
2013-05-07,12.364,12.364,12.1997,12.2595,330250,8133156.6,-1.04%
2013-05-08,12.3939,12.5433,12.2644,12.4985,401896,10052395.1,1.95%
2013-05-09,12.3491,12.4487,12.2993,12.4387,391179,9731597.9,-0.48%
2013-05-10,12.3142,12.8172,12.3093,12.7973,574802,14477408.3,2.88%
2013-05-13,12.8271,12.9317,12.5284,12.5732,387337,9859958.8,-1.75%
2013-05-14,12.5797,12.8353,12.4487,12.6452,509275,9788458.3,0.57%
2013-05-15,13.556,13.8443,13.1039,13.6542,2038637,42217253,7.98%
2013-05-16,13.4708,13.7263,13.366,13.7132,1330949,27494007.4,0.43%
2013-05-17,13.628,14.8008,13.5691,14.4601,1856275,40807485.7,5.45%
2013-05-20,14.3029,14.4732,13.7984,14.4601,973320,21018356.8,0.00%
2013-05-21,14.2177,14.7681,14.1522,14.6764,733302,16233719.9,1.50%
2013-05-22,14.6764,14.6764,14.1915,14.2243,685622,15038488.4,-3.08%
2013-05-23,14.2243,14.7091,14.1915,14.3553,1126635,24873594,0.92%
2013-05-24,14.2832,14.6764,14.2832,14.6108,553338,12302162.6,1.78%
2013-05-27,14.6108,15.3512,14.5388,15.266,1063316,24532135.7,4.48%
2013-05-28,15.266,15.3971,14.8467,14.945,990182,22747630.7,-2.10%
2013-05-29,14.9253,15.1809,14.8729,14.9843,415891,9538111.9,0.26%
2013-05-30,15.0039,15.2988,14.945,15.1481,601281,13889429.2,1.09%
2013-05-31,15.2529,15.2529,14.9515,14.9712,472761,10856749.7,-1.17%
2013-06-03,14.9253,15.0039,14.4143,14.4863,555005,12409108.6,-3.24%
2013-06-04,14.4143,14.637,14.2243,14.637,326103,7204466.4,1.04%
2013-06-05,14.6436,14.6632,14.3553,14.5388,141664,3134751.7,-0.67%
2013-06-06,14.447,14.4667,14.0867,14.1653,188509,4094480.7,-2.57%
2013-06-07,14.2177,14.2767,13.9098,13.9753,133290,2850560.3,-1.34%
2013-06-13,13.8967,13.8967,13.2415,13.687,309556,6392893.6,-2.06%
2013-06-14,13.9229,14.4143,13.497,14.4012,388268,8341154.4,5.22%
2013-06-17,14.3291,14.945,14.0867,14.1522,607659,13349213.3,-1.73%
2013-06-18,14.2177,14.2767,13.8967,14.2046,387621,8328214.2,0.37%
2013-06-19,14.1522,14.7419,14.1522,14.1981,264759,5819216.4,-0.05%
2013-06-20,14.3422,14.3422,13.5756,13.7656,490118,10341182.4,-3.05%
2013-06-21,13.7656,13.7656,13.7656,13.7656,--,--,0.00%
2013-06-24,13.7656,13.7656,13.7656,13.7656,--,--,0.00%
2013-06-25,13.7656,13.7656,13.7656,13.7656,--,--,0.00%
2013-06-26,13.7656,13.7656,13.7656,13.7656,--,--,0.00%
2013-06-27,13.7656,13.7656,13.7656,13.7656,--,--,0.00%
2013-06-28,13.7656,13.7656,13.7656,13.7656,--,--,0.00%
2013-07-01,13.7656,13.7656,13.7656,13.7656,--,--,0.00%
2013-07-02,13.7656,13.7656,13.7656,13.7656,--,--,0.00%
2013-07-03,13.7656,13.7656,13.7656,13.7656,--,--,0.00%
2013-07-04,13.7656,13.7656,13.7656,13.7656,--,--,0.00%
2013-07-05,13.7656,13.7656,13.7656,13.7656,--,--,0.00%
2013-07-08,13.7656,13.7656,13.7656,13.7656,--,--,0.00%
2013-07-09,13.7656,13.7656,13.7656,13.7656,--,--,0.00%
2013-07-10,13.7656,13.7656,13.7656,13.7656,--,--,0.00%
2013-07-11,13.7656,13.7656,13.7656,13.7656,--,--,0.00%
2013-07-12,13.7656,13.7656,13.7656,13.7656,--,--,0.00%
2013-07-15,13.7656,13.7656,13.7656,13.7656,--,--,0.00%
2013-07-16,13.7656,13.7656,13.7656,13.7656,--,--,0.00%
2013-07-17,13.7656,13.7656,13.7656,13.7656,--,--,0.00%
2013-07-18,13.7656,13.7656,13.7656,13.7656,--,--,0.00%
2013-07-19,13.7656,13.7656,13.7656,13.7656,--,--,0.00%
2013-07-22,13.7656,13.7656,13.7656,13.7656,--,--,0.00%
2013-07-23,13.7656,13.7656,13.7656,13.7656,--,--,0.00%
2013-07-24,13.7656,13.7656,13.7656,13.7656,--,--,0.00%
2013-07-25,13.7656,13.7656,13.7656,13.7656,--,--,0.00%
2013-07-26,13.7656,13.7656,13.7656,13.7656,--,--,0.00%
2013-07-29,13.7656,13.7656,13.7656,13.7656,--,--,0.00%
2013-07-30,13.7656,13.7656,13.7656,13.7656,--,--,0.00%
2013-07-31,13.7656,13.7656,13.7656,13.7656,--,--,0.00%
2013-08-01,13.7656,13.7656,13.7656,13.7656,--,--,0.00%
2013-08-02,13.7656,13.7656,13.7656,13.7656,--,--,0.00%
2013-08-05,13.7656,13.7656,13.7656,13.7656,--,--,0.00%
2013-08-06,13.7656,13.7656,13.7656,13.7656,--,--,0.00%
2013-08-07,13.7656,13.7656,13.7656,13.7656,--,--,0.00%
2013-08-08,13.7656,13.7656,13.7656,13.7656,--,--,0.00%
2013-08-09,13.7656,13.7656,13.7656,13.7656,--,--,0.00%
2013-08-12,13.7656,13.7656,13.7656,13.7656,--,--,0.00%
2013-08-13,13.7656,13.7656,13.7656,13.7656,--,--,0.00%
2013-08-14,13.7656,13.7656,13.7656,13.7656,--,--,0.00%
2013-08-15,13.7656,13.7656,13.7656,13.7656,--,--,0.00%
2013-08-16,13.7656,13.7656,13.7656,13.7656,--,--,0.00%
2013-08-19,13.7656,13.7656,13.7656,13.7656,--,--,0.00%
2013-08-20,13.7656,13.7656,13.7656,13.7656,--,--,0.00%
2013-08-21,13.7656,13.7656,13.7656,13.7656,--,--,0.00%
2013-08-22,13.7656,13.7656,13.7656,13.7656,--,--,0.00%
2013-08-23,13.7656,13.7656,13.7656,13.7656,--,--,0.00%
2013-08-26,13.7656,13.7656,13.7656,13.7656,--,--,0.00%
2013-08-27,13.7656,13.7656,13.7656,13.7656,--,--,0.00%
2013-08-28,13.7656,13.7656,13.7656,13.7656,--,--,0.00%
2013-08-29,13.7656,13.7656,13.7656,13.7656,--,--,0.00%
2013-08-30,13.7656,13.7656,13.7656,13.7656,--,--,0.00%
2013-09-02,13.7656,13.7656,13.7656,13.7656,--,--,0.00%
2013-09-03,13.7656,13.7656,13.7656,13.7656,--,--,0.00%
2013-09-04,13.7656,13.7656,13.7656,13.7656,--,--,0.00%
2013-09-05,13.7656,13.7656,13.7656,13.7656,--,--,0.00%
2013-09-06,13.7656,13.7656,13.7656,13.7656,--,--,0.00%
2013-09-09,13.7656,13.7656,13.7656,13.7656,--,--,0.00%
2013-09-10,13.7656,13.7656,13.7656,13.7656,--,--,0.00%
2013-09-11,13.6805,13.6805,12.3897,12.5666,3490246,66569235.8,-8.71%
2013-09-12,12.3504,12.5666,12.1932,12.2914,1288022,24323192.8,-2.19%
2013-09-13,12.3045,12.4749,12.1997,12.2783,1566757,29387765.2,-0.11%
2013-09-16,12.3635,12.5142,12.2194,12.4618,1064576,20093708.5,1.49%
2013-09-17,12.4552,12.5011,12.1997,12.3504,748299,14067742.1,-0.89%
2013-09-18,12.3766,12.5404,12.0228,12.5273,1217622,23091633,1.43%
2013-09-23,12.5535,13.7787,12.5535,13.7263,1886839,38137055.5,9.57%
2013-09-24,13.6608,14.827,13.6608,14.2701,2862719,61873567.1,3.96%
2013-09-25,14.1522,14.2701,13.6936,13.9949,959529,20455162,-1.93%
2013-09-26,14.0212,14.1194,13.7591,13.9818,1087067,23063771.3,-0.09%
2013-09-27,14.0015,14.6436,13.9687,14.3815,1508877,32955952.4,2.86%
2013-09-30,14.6108,14.6108,14.1915,14.5715,953515,21023211.4,1.32%
2013-10-08,14.5977,14.5977,13.9556,14.0867,1041692,22455410.1,-3.33%
2013-10-09,13.9622,14.185,13.8246,14.1129,580169,12406125.2,0.19%
2013-10-10,13.9622,14.2112,13.9556,13.9884,727669,15662360.1,-0.88%
2013-10-11,14.0081,14.0867,13.7787,13.877,605699,12868880.1,-0.80%
2013-10-14,13.8705,14.3553,13.8705,14.2832,992648,21626897.2,2.93%
2013-10-15,14.2832,14.6043,14.0539,14.4732,1120342,24631522,1.33%
2013-10-16,14.4732,14.4798,13.9818,14.0867,849378,18259531.3,-2.67%
2013-10-17,13.9949,14.2701,13.6674,13.7329,894503,18990404.1,-2.51%
2013-10-18,13.7263,13.8901,13.7263,13.8901,229103,4829672.5,1.14%
2013-10-21,13.9556,14.316,13.8901,14.1653,412626,8916015.3,1.98%
2013-10-22,14.0932,14.1653,13.8246,13.8967,345323,7362047.2,-1.90%
2013-10-23,13.8312,13.9556,13.2349,13.438,444236,9139657.6,-3.30%
2013-10-24,13.3004,13.8312,13.2153,13.307,531150,10880977,-0.97%
2013-10-25,13.3398,13.3529,13.0384,13.0449,333298,6691776.7,-1.97%
2013-10-28,13.0711,13.2349,12.8156,12.9073,236929,4680679.5,-1.05%
2013-10-29,12.9073,13.1694,12.6321,12.6977,210597,4126202.8,-1.62%
2013-10-30,12.8746,13.0384,12.6846,12.7108,318829,6228398.9,0.10%
2013-10-31,12.8418,12.9728,12.3897,12.7239,371928,7144130.2,0.10%
2013-11-01,12.5797,12.9663,12.5797,12.8418,304199,5965757.3,0.93%
2013-11-04,12.7894,13.0515,12.7828,12.9532,173301,3425885.8,0.87%
2013-11-05,12.9073,13.0842,12.9073,13.0384,136950,2713110.5,0.66%
2013-11-06,12.9728,13.0842,12.9335,13.0056,78520,1560786.7,-0.25%
2013-11-07,12.9139,13.0711,12.6452,12.7632,181088,3567308.8,-1.86%
2013-11-08,12.6715,12.7959,12.5339,12.619,127904,2479237,-1.13%
2013-11-11,12.7108,12.7566,12.4552,12.7239,172014,3310490.9,0.83%
2013-11-12,12.7239,12.8811,12.6125,12.8025,160272,3114623.3,0.62%
2013-11-13,12.809,13.8901,12.7763,13.0449,731925,14796111.9,1.89%
2013-11-14,13.0384,13.2349,12.9925,13.1563,272536,5465767,0.85%
2013-11-15,13.1104,13.2546,13.1039,13.1956,468057,9406199.1,0.30%
2013-11-18,13.2349,13.3004,13.1235,13.2087,322331,6489134,0.10%
2013-11-19,13.2087,13.2677,13.1563,13.2087,263335,5304235.8,0.00%
2013-11-20,13.2022,13.2284,13.0056,13.0384,260999,5213953.7,-1.29%
2013-11-21,13.0384,13.0384,12.7697,12.8418,264316,5188365.2,-1.51%
2013-11-22,12.7959,12.9335,12.6977,12.8156,179000,3500637.1,-0.20%
2013-11-25,12.7763,12.8942,12.7763,12.8418,184210,3604105.4,0.20%
2013-11-26,12.8222,12.868,12.6452,12.7173,269891,5251923.9,-0.97%
2013-11-27,12.8222,12.9663,12.7173,12.9335,229331,4506748.6,1.70%
2013-11-28,12.8615,13.3332,12.8025,13.2349,640169,12856362.9,2.33%
2013-11-29,13.2087,14.0474,13.1039,13.9425,964864,20146581.3,5.35%
2013-12-02,13.6608,13.8901,13.176,13.4053,1006648,20837074.1,-3.85%
2013-12-03,13.366,13.5625,13.1235,13.497,462003,9406254.1,0.68%
2013-12-04,13.4839,13.7263,13.3332,13.5625,319780,6638041.3,0.49%
2013-12-05,13.6936,13.6936,13.3594,13.366,300901,6177964.5,-1.45%
2013-12-06,13.3594,13.5625,13.2415,13.3856,188433,3858579.8,0.15%
2013-12-09,13.3594,13.7591,13.3594,13.7525,347712,7207083.8,2.74%
2013-12-10,13.8246,14.0081,13.6608,13.6674,419600,8827615,-0.62%
2013-12-11,13.6346,13.7329,13.4315,13.5167,122376,2538276.3,-1.10%
2013-12-12,13.4642,13.5625,13.4642,13.4642,190489,3927998.6,-0.39%
2013-12-13,13.4642,13.5691,13.3725,13.5691,121549,2505741.8,0.78%
2013-12-16,13.4446,13.6739,13.4184,13.4642,140943,2906433.2,-0.77%
2013-12-17,13.4642,13.4642,13.0908,13.1039,229560,4624410.5,-2.68%
2013-12-18,13.2349,13.2349,12.9728,13.0318,152004,3023367.6,-0.55%
2013-12-19,13.0777,13.1563,12.8287,12.9008,261400,5150657,-1.01%
2013-12-20,12.7763,12.9073,12.7108,12.7435,130999,2558792.6,-1.22%
2013-12-23,12.8418,13.4053,12.6846,13.3332,377066,7573045.4,4.63%
2013-12-24,13.3594,13.3594,13.1039,13.248,160192,3237454,-0.64%
2013-12-25,13.176,13.4184,13.1563,13.2939,196865,3998666.5,0.35%
2013-12-26,13.2349,13.2349,13.0253,13.117,290393,5805862.8,-1.33%
2013-12-27,13.2284,13.3529,13.058,13.3135,266164,5394278.6,1.50%
2013-12-30,13.3332,13.8115,13.2546,13.6608,559979,11708467.7,2.61%
2013-12-31,13.5756,13.746,13.4446,13.4577,189797,3923761.2,-1.49%
2014-01-02,13.497,13.7853,13.438,13.7394,669261,13982790,2.09%
2014-01-03,13.8246,14.7353,13.8115,14.6436,1863595,40399596,6.58%
2014-01-06,15.2071,15.7247,14.316,14.6108,1728640,39097642.8,-0.22%
2014-01-07,14.4143,14.565,14.2243,14.447,528549,11595786.7,-1.12%
2014-01-08,14.4077,14.9319,14.4077,14.755,1050954,23658684.5,2.13%
2014-01-09,14.6764,14.7484,14.0081,14.1391,493307,10849531.6,-4.17%
2014-01-10,13.9556,14.1194,13.497,13.5691,363279,7688843.4,-4.03%
2014-01-13,13.5625,13.8836,13.5625,13.6477,221413,4627826.1,0.58%
2014-01-14,13.6608,14.2701,13.6018,14.2112,421920,9040828.5,4.13%
2014-01-15,14.185,14.7419,14.1653,14.5126,587879,13084108.6,2.12%
2014-01-16,14.4339,14.7419,14.2898,14.4798,467677,10343365.4,-0.23%
2014-01-17,14.4798,14.5584,14.2963,14.5257,200814,4431543.2,0.32%
2014-01-20,14.5257,14.5257,14.1653,14.4143,287575,6290294.8,-0.77%
2014-01-21,14.4012,14.8795,14.3225,14.4732,422359,9397376.7,0.41%
2014-01-22,14.4732,15.0498,14.2832,15.0236,1005824,22870002,3.80%
2014-01-23,15.0236,15.1284,14.8729,15.0236,541777,12400072.9,0.00%
2014-01-24,15.0695,15.2333,14.8795,15.1677,527378,12151840.2,0.96%
2014-01-27,15.1219,15.1219,14.7943,14.827,530729,12055594.6,-2.25%
2014-01-28,14.827,14.9712,14.7812,14.9188,319184,7237652.1,0.62%
2014-01-29,15.0039,15.3643,14.8729,15.3184,414344,9616411.4,2.68%
2014-01-30,15.3053,16.2488,15.1415,16.085,1165441,28306507.3,5.00%
2014-02-07,15.7902,16.7075,15.764,16.5306,1145860,28606406.9,2.77%
2014-02-10,16.524,16.5502,16.0523,16.3733,694214,17340434.3,-0.95%
2014-02-11,16.3733,17.1661,16.1178,16.9695,1193582,30594140.5,3.64%
2014-02-12,16.8188,17.8278,16.8188,17.6378,1274511,33834600,3.94%
2014-02-13,17.6902,17.9982,17.1399,17.3889,749111,20126558.7,-1.41%
2014-02-14,17.1988,18.6468,17.0351,18.5944,1465310,40571305.3,6.93%
2014-02-17,18.2668,20.4486,18.2668,19.9245,2752074,82645173.9,7.15%
2014-02-18,20.311,20.311,19.1382,19.1513,1628026,48269314.9,-3.88%
2014-02-19,19.1579,19.8393,18.6272,19.2889,1496625,43703188,0.72%
2014-02-20,19.0137,19.1382,18.2472,18.3585,1121924,31689057.7,-4.82%
2014-02-21,18.2668,19.0072,18.1423,18.9875,792237,22457628.6,3.43%
2014-02-24,18.8958,20.6386,18.673,20.3634,1678275,50419492.4,7.25%
2014-02-25,20.4093,21.2938,18.922,19.1972,2071614,64376754.3,-5.73%
2014-02-26,18.6796,19.1317,17.8868,18.1554,1342098,37541881,-5.43%
2014-02-27,18.1685,18.8041,17.5068,17.592,818189,22777320,-3.10%
2014-02-28,17.592,17.6313,16.7206,17.4216,787940,20536793,-0.97%
2014-03-03,17.1726,18.2078,17.1726,18.044,533303,14667505.4,3.57%
2014-03-04,18.0899,18.162,17.5658,17.7623,395220,10715475.1,-1.56%
2014-03-05,17.8082,18.0375,17.7099,17.7165,231098,6309230.7,-0.26%
2014-03-06,17.9458,18.7189,17.9458,18.542,937897,26332348,4.66%
2014-03-07,18.7582,18.7779,17.8934,18.3127,363018,10096630.1,-1.24%
2014-03-10,18.1882,18.1882,17.0678,17.1333,362832,9735604.3,-6.44%
2014-03-11,17.2185,17.2775,16.4716,16.7599,258273,6690458.9,-2.18%
2014-03-12,16.6092,17.3495,16.6092,16.8778,433854,11331252.5,0.70%
2014-03-13,16.8713,17.4282,16.8713,17.402,220909,5825349.5,3.11%
2014-03-14,17.0875,17.6378,17.0875,17.5133,316372,8463998.4,0.64%
2014-03-17,17.6771,18.9024,17.6771,18.8303,687725,19488856.5,7.52%
2014-03-18,18.8303,19.0006,18.673,18.9417,495439,14223887.1,0.59%
2014-03-19,18.7648,19.7738,18.7648,19.0924,748101,22117856.3,0.80%
2014-03-20,19.0989,19.361,18.2144,18.2144,340845,9717954.6,-4.60%
2014-03-21,18.2406,18.2406,16.9106,17.7427,932303,24848900.1,-2.59%
2014-03-24,17.4282,17.6575,16.9368,17.0416,491884,13038893.4,-3.95%
2014-03-25,17.0416,17.8213,17.0285,17.1661,431218,11430703,0.73%
2014-03-26,17.2971,17.7492,17.1464,17.6575,383471,10316367.3,2.86%
2014-03-27,17.7492,17.7492,17.2971,17.3233,255241,6784952.6,-1.89%
2014-03-28,17.0875,17.2644,15.7247,15.7705,826400,20744254.5,-8.96%
2014-03-31,15.7902,16.3668,15.7705,16.0785,400375,9843809.1,1.95%
2014-04-01,16.2685,17.0219,16.0654,16.8516,364976,9374389.1,4.81%
2014-04-02,17.0285,17.153,15.9802,16.1178,534161,13230460.5,-4.35%
2014-04-03,16.1178,16.3864,16.1112,16.3536,171197,4268584.6,1.46%
2014-04-04,16.5764,17.0678,15.9736,16.9695,519456,13170963,3.77%
2014-04-08,16.8516,17.0613,16.7468,16.963,150301,3886043.1,-0.04%
2014-04-09,17.1595,17.2971,16.904,17.1464,176635,4621495.1,1.08%
2014-04-10,17.3168,17.3168,16.8123,17.1137,328413,8540976.4,-0.19%
2014-04-11,18.0047,18.0047,17.2251,17.6247,1380321,37066132.1,2.99%
2014-04-14,17.6247,18.3454,17.2775,17.5264,504804,13607106.7,-0.56%
2014-04-15,17.4413,17.6575,17.4413,17.6247,358701,9620398.5,0.56%
2014-04-16,17.6837,18.1096,17.6247,17.972,722906,19780683.8,1.97%
2014-04-17,17.9654,18.1554,17.8671,17.9785,263838,7253242.9,0.04%
2014-04-18,17.9065,18.0703,17.8082,17.8999,163568,4461146.7,-0.44%
2014-04-21,17.6968,17.6968,17.4282,17.4675,164615,4406447.5,-2.42%
2014-04-22,17.3758,17.9523,16.1178,16.5699,853072,21822629.8,-5.14%
2014-04-23,16.6092,16.9695,16.3799,16.655,394651,9984084.8,0.51%
2014-04-24,16.6747,16.8385,16.3799,16.5699,321392,8121072,-0.51%
2014-04-25,16.3995,16.7075,16.2357,16.6878,487472,12247317.5,0.71%
2014-04-28,16.4781,16.9368,16.3143,16.9368,394323,10016453.3,1.49%
2014-04-29,16.9499,17.1595,16.4519,17.0285,401221,10317588.7,0.54%
2014-04-30,16.9761,17.1923,16.714,17.1333,342993,8901385.5,0.62%
2014-05-05,17.1988,17.212,16.7861,16.904,648922,16751881.3,-1.34%
2014-05-06,16.9368,17.8213,16.773,17.7754,801504,21333894.5,5.15%
2014-05-07,17.7754,18.0178,17.4675,17.5461,492559,13335489.7,-1.29%
2014-05-08,17.4347,17.6182,17.3626,17.4282,232696,6215349.7,-0.67%
2014-05-09,17.1988,17.3626,17.094,17.284,231845,6097698.8,-0.83%
2014-05-12,17.4544,17.4544,16.904,17.2382,391964,10217539.7,-0.26%
2014-05-13,17.2382,17.4758,17.1292,17.2283,145695,2536388.3,-0.06%
2014-05-14,17.1292,17.2283,16.7728,16.9807,265802,4557871,-1.44%
2014-05-15,16.9807,17.0896,16.8421,16.8718,158706,2719519.2,-0.64%
2014-05-16,16.8322,16.9906,16.6243,16.7827,249072,4220679.9,-0.53%
2014-05-19,16.7827,16.9312,16.4857,16.7332,131065,2210149.6,-0.29%
2014-05-20,16.951,16.9609,16.5352,16.7332,557859,9461610.3,0.00%
2014-05-21,16.5352,16.7827,16.5154,16.7332,365717,6146497.7,0.00%
2014-05-22,16.7827,16.9807,16.654,16.7332,550402,9338063.3,0.00%
2014-05-23,16.8322,16.8916,16.5847,16.8718,588956,9946472.9,0.83%
2014-05-26,16.9015,17.4263,16.6639,17.1094,1199028,20641760,1.41%
2014-05-27,17.1292,17.3966,16.8619,17.1193,401924,6971461.3,0.06%
2014-05-28,17.2778,17.3273,16.9114,17.05,535029,9213736.4,-0.40%
2014-05-29,17.0599,17.3174,16.9312,17.3174,639350,11103494.1,1.57%
2014-05-30,17.1589,17.456,17.0995,17.2184,338109,5896666.8,-0.57%
2014-06-03,17.0698,17.3471,16.8322,17.2283,859465,14848352,0.06%
2014-06-04,17.0104,17.4164,17.0104,17.4164,423732,7380694.5,1.09%
2014-06-05,17.4164,18.1095,17.2778,17.9808,993092,17895332.3,3.24%
2014-06-06,18.1689,18.1689,17.6243,17.9412,593623,10719567.6,-0.22%
2014-06-09,17.9709,18.9016,17.6441,18.3273,1113519,20814408.1,2.15%
2014-06-10,18.2184,18.6045,18.2184,18.5154,536062,9946535.8,1.03%
2014-06-11,18.5154,18.5253,18.3471,18.456,392524,7304166.1,-0.32%
2014-06-12,18.5154,18.5946,18.3471,18.5253,482376,9013539.3,0.38%
2014-06-13,18.8026,19.6937,18.8026,19.4461,1685927,32839455.4,4.97%
2014-06-16,19.6046,19.6541,18.8125,19.1986,1171847,22612888.2,-1.27%
2014-06-17,19.1689,19.1689,18.4263,18.5352,1054955,19884583.6,-3.46%
2014-06-18,18.4659,18.6837,18.3174,18.4758,431822,8072128.9,-0.32%
2014-06-19,18.5055,18.9214,18.0303,18.2778,660019,12350639.2,-1.07%
2014-06-20,18.1689,18.6144,18.1689,18.5847,394638,7352157.8,1.68%
2014-06-23,18.5649,19.1887,18.5352,18.8917,522027,9982557.2,1.65%
2014-06-24,18.8125,19.0897,18.6936,19.0303,314672,6017796.9,0.73%
2014-06-25,18.9115,19.06,18.4758,18.7729,272595,5145245.8,-1.35%
2014-06-26,18.7729,19.0996,18.6243,18.8224,330843,6323957.1,0.26%
2014-06-27,18.862,19.1986,18.6144,19.1491,631357,12046245,1.74%
2014-06-30,19.1689,20.3967,19.1689,20.0402,1331039,26756487.7,4.65%
2014-07-01,20.0996,20.961,19.9016,20.6838,2374519,49106976.4,3.21%
2014-07-02,20.6145,20.8917,20.3967,20.6739,814898,17000806.6,-0.05%
2014-07-03,20.4561,20.7927,20.2482,20.5749,593405,12273490.8,-0.48%
2014-07-04,20.5848,20.5947,20.0303,20.3769,663390,13595860.8,-0.96%
2014-07-07,20.3967,20.8719,20.0204,20.1689,558015,11425817.3,-1.02%
2014-07-08,20.0105,20.1986,19.4362,19.8026,976910,19371930,-1.82%
2014-07-09,19.8026,20.1392,19.6244,20.0798,533026,10721855.5,1.40%
2014-07-10,20.0798,20.1986,19.9016,20.0204,517287,10456984,-0.30%
2014-07-11,20.1095,20.1788,19.8026,20.0897,518904,10501809.3,0.35%
2014-07-14,20.2184,20.664,19.8818,20.565,372948,7635008.1,2.37%
2014-07-15,20.6343,20.763,20.2977,20.4957,319160,6598998.4,-0.34%
2014-07-16,20.3373,20.5056,20.2779,20.3373,360331,7408475.1,-0.77%
2014-07-17,20.3373,20.4858,19.6145,19.7927,565754,11375942.1,-2.68%
2014-07-18,19.6937,20.2878,19.159,20.2581,1414263,28130675.7,2.35%
2014-07-21,19.9115,20.1986,19.7531,20.0006,353280,7119213,-1.27%
2014-07-22,20.0402,20.3472,19.8026,20.268,320138,6506736.3,1.34%
2014-07-23,20.1986,20.2977,19.763,19.8224,251441,5070472.7,-2.20%
2014-07-24,19.6145,19.9907,18.7927,18.9115,618890,12189573.1,-4.60%
2014-07-25,18.9115,19.4759,18.9115,19.3075,299182,5805282.9,2.09%
2014-07-28,19.2085,19.9511,19.1194,19.862,556961,11079413.5,2.87%
2014-07-29,19.9016,20.1293,19.3075,19.9808,398490,8021357.2,0.60%
2014-07-30,19.8026,19.9709,19.3273,19.7729,330316,6558800.8,-1.04%
2014-07-31,20.0402,20.3868,19.5353,20.0303,389846,7906376.1,1.30%
2014-08-01,19.9808,21.4066,19.6838,21.367,4060070,86164824.6,6.67%
2014-08-04,21.367,21.367,21.367,21.367,--,--,0.00%
2014-08-05,21.367,21.367,21.367,21.367,--,--,0.00%
2014-08-06,21.367,21.367,21.367,21.367,--,--,0.00%
2014-08-07,21.367,21.367,21.367,21.367,--,--,0.00%
2014-08-08,21.367,21.367,21.367,21.367,--,--,0.00%
2014-08-11,21.367,21.367,21.367,21.367,--,--,0.00%
2014-08-12,21.367,21.367,21.367,21.367,--,--,0.00%
2014-08-13,21.367,21.367,21.367,21.367,--,--,0.00%
2014-08-14,21.367,21.367,21.367,21.367,--,--,0.00%
2014-08-15,21.367,21.367,21.367,21.367,--,--,0.00%
2014-08-18,21.367,21.367,21.367,21.367,--,--,0.00%
2014-08-19,21.367,21.367,21.367,21.367,--,--,0.00%
2014-08-20,21.367,21.367,21.367,21.367,--,--,0.00%
2014-08-21,21.367,21.367,21.367,21.367,--,--,0.00%
2014-08-22,21.367,21.367,21.367,21.367,--,--,0.00%
2014-08-25,21.367,21.367,21.367,21.367,--,--,0.00%
2014-08-26,21.367,21.367,21.367,21.367,--,--,0.00%
2014-08-27,21.367,21.367,21.367,21.367,--,--,0.00%
2014-08-28,21.367,21.367,21.367,21.367,--,--,0.00%
2014-08-29,21.367,21.367,21.367,21.367,--,--,0.00%
2014-09-01,21.367,21.367,21.367,21.367,--,--,0.00%
2014-09-02,21.367,21.367,21.367,21.367,--,--,0.00%
2014-09-03,21.367,21.367,21.367,21.367,--,--,0.00%
2014-09-04,21.367,21.367,21.367,21.367,--,--,0.00%
2014-09-05,21.367,21.367,21.367,21.367,--,--,0.00%
2014-09-09,21.367,21.367,21.367,21.367,--,--,0.00%
2014-09-10,21.367,21.367,21.367,21.367,--,--,0.00%
2014-09-11,21.367,21.367,21.367,21.367,--,--,0.00%
2014-09-12,21.367,21.367,21.367,21.367,--,--,0.00%
2014-09-15,21.367,21.367,21.367,21.367,--,--,0.00%
2014-09-16,21.367,21.367,21.367,21.367,--,--,0.00%
2014-09-17,21.367,21.367,21.367,21.367,--,--,0.00%
2014-09-18,21.367,21.367,21.367,21.367,--,--,0.00%
2014-09-19,21.367,21.367,21.367,21.367,--,--,0.00%
2014-09-22,21.367,21.367,21.367,21.367,--,--,0.00%
2014-09-23,21.367,21.367,21.367,21.367,--,--,0.00%
2014-09-24,21.367,21.367,21.367,21.367,--,--,0.00%
2014-09-25,21.367,21.367,21.367,21.367,--,--,0.00%
2014-09-26,21.367,21.367,21.367,21.367,--,--,0.00%
2014-09-29,21.367,21.367,21.367,21.367,--,--,0.00%
2014-09-30,21.367,21.367,21.367,21.367,--,--,0.00%
2014-10-08,21.367,21.367,21.367,21.367,--,--,0.00%
2014-10-09,21.367,21.367,21.367,21.367,--,--,0.00%
2014-10-10,21.367,21.367,21.367,21.367,--,--,0.00%
2014-10-13,21.367,21.367,21.367,21.367,--,--,0.00%
2014-10-14,21.367,21.367,21.367,21.367,--,--,0.00%
2014-10-15,21.367,21.367,21.367,21.367,--,--,0.00%
2014-10-16,21.367,21.367,21.367,21.367,--,--,0.00%
2014-10-17,21.367,21.367,21.367,21.367,--,--,0.00%
2014-10-20,21.367,21.367,21.367,21.367,--,--,0.00%
2014-10-21,21.367,21.367,21.367,21.367,--,--,0.00%
2014-10-22,21.367,21.367,21.367,21.367,--,--,0.00%
2014-10-23,21.367,21.367,21.367,21.367,--,--,0.00%
2014-10-24,21.367,21.367,21.367,21.367,--,--,0.00%
2014-10-27,21.367,21.367,21.367,21.367,--,--,0.00%
2014-10-28,21.367,21.367,21.367,21.367,--,--,0.00%
2014-10-29,21.367,21.367,21.367,21.367,--,--,0.00%
2014-10-30,21.367,21.367,21.367,21.367,--,--,0.00%
2014-10-31,21.367,21.367,21.367,21.367,--,--,0.00%
2014-11-03,21.367,21.367,21.367,21.367,--,--,0.00%
2014-11-04,21.367,21.367,21.367,21.367,--,--,0.00%
2014-11-05,23.5057,23.5057,23.5057,23.5057,178855,4246017.7,10.01%
2014-11-06,25.6444,25.6444,23.5651,24.9117,9736708,239770712.9,5.98%
2014-11-07,23.8621,25.3869,23.8027,24.3374,4927290,121742058.5,-2.31%
2014-11-10,24.5552,24.7433,22.773,23.6146,3903468,92842214.3,-2.97%
2014-11-11,23.3473,23.5552,22.3373,22.7136,3267979,75118259.8,-3.82%
2014-11-12,22.4561,23.1492,22.3967,22.6641,1490668,34140111.1,-0.22%
2014-11-13,22.773,22.773,21.6838,22.3076,2131833,47642598.7,-1.57%
2014-11-14,22.2779,22.9512,21.7829,22.6146,1246905,28320734.5,1.38%
2014-11-17,22.674,23.4067,22.2086,23.0007,2264333,52652917.8,1.71%
2014-11-18,22.773,23.1591,22.4759,22.5948,1753118,40337824.3,-1.76%
2014-11-19,22.6344,23.1294,22.367,22.7235,1043062,23801915.4,0.57%
2014-11-20,22.8126,22.9017,22.575,22.872,1232435,28289033.1,0.65%
2014-11-21,22.872,23.07,22.2977,22.6245,1355211,31013613.7,-1.08%
2014-11-24,22.9116,22.9116,22.5354,22.674,1472303,33814113.7,0.22%
2014-11-25,22.7532,22.8423,22.4066,22.8225,2015302,45972916.5,0.65%
2014-11-26,22.8324,24.1988,22.6641,24.0899,3254188,77448183.8,5.55%
2014-11-27,24.0701,24.0701,23.3374,23.7433,2527052,60369600.8,-1.44%
2014-11-28,23.7235,23.7235,23.0304,23.3176,1774433,41638189,-1.79%
2014-12-01,23.3176,23.3671,22.4363,22.7532,1912170,43941879.9,-2.42%
2014-12-02,22.6344,23.6146,22.6344,22.9611,1233786,28878988,0.91%
2014-12-03,22.8819,23.7334,22.575,23.5849,2518597,58516497.6,2.72%
2014-12-04,23.4463,24.0701,23.377,23.9116,2002514,48171380.8,1.39%
2014-12-05,23.9116,23.9116,22.7928,23.575,2223345,52519016.4,-1.41%
2014-12-08,23.5354,23.5354,22.3769,22.9215,2492214,57405254.3,-2.77%
2014-12-09,22.6542,22.674,21.4363,21.9809,2320386,51382993.5,-4.10%
2014-12-10,21.7928,22.3769,21.4858,22.169,1199284,26615346.9,0.86%
2014-12-11,22.0799,22.4264,21.7928,22.1591,1236150,27668334.9,-0.04%
2014-12-12,22.1591,23.8423,21.9512,23.7433,1661081,38323866.5,7.15%
2014-12-15,24.7829,24.9315,23.3374,24.0701,2550642,62284645,1.38%
2014-12-16,23.268,24.3671,23.268,24.0304,3252620,78409689.3,-0.16%
2014-12-17,24.0304,26.4365,23.5255,26.4365,4950101,126871977.6,10.01%
2014-12-18,26.4365,26.7038,25.1394,25.6345,2897281,75562461.7,-3.03%
2014-12-19,25.4265,25.6345,23.4661,24.2384,3271576,79794953.6,-5.45%
2014-12-22,24.1097,24.1394,22.0799,23.2284,2543474,58829038.1,-4.17%
2014-12-23,22.7928,23.5651,21.664,21.7829,1839354,41549518,-6.22%
2014-12-24,21.8324,22.5453,21.8324,22.4561,1011909,22799925.8,3.09%
2014-12-25,22.7532,23.1888,22.1393,22.3274,1089378,24839146.6,-0.57%
2014-12-26,22.3274,22.872,22.3076,22.4363,927961,21113739.4,0.49%
2014-12-29,22.4363,22.5453,21.7928,22.0304,831338,18528613.7,-1.81%
2014-12-30,22.0304,22.0304,20.0006,20.3175,1836570,38786248.2,-7.78%
2014-12-31,20.0006,20.3967,19.456,20.1194,2216599,44480426,-0.98%
2015-01-05,19.9808,19.9808,18.5154,19.1194,2117129,40770319.3,-4.97%
2015-01-06,19.159,20.268,18.9115,20.2085,1809810,35786850.2,5.70%
2015-01-07,20.2482,20.2581,19.6046,19.8521,706253,14169184.8,-1.76%
2015-01-08,19.9016,20.2085,19.8323,19.8521,907417,18377648.9,0.00%
2015-01-09,19.9016,20.9709,19.8719,20.1491,1426207,29211739.2,1.50%
2015-01-12,20.1095,21.2878,20.1095,20.6442,1007353,21142682.8,2.46%
2015-01-13,20.7828,21.2779,20.664,20.8026,869570,18361567.8,0.77%
2015-01-14,20.7927,20.8323,19.8026,20.5947,1106019,22855389.3,-1.00%
2015-01-15,20.3472,20.7234,20.1491,20.2284,559702,11510831,-1.78%
2015-01-16,20.5056,20.6937,20.1293,20.2383,739826,15145607.4,0.05%
2015-01-19,20.1986,20.5947,19.1095,19.9709,1034315,20960114.3,-1.32%
2015-01-20,20.0006,20.5452,19.8125,20.4561,1331708,27364009.1,2.43%
2015-01-21,20.6937,21.9809,20.5947,21.5353,2170748,47012438.3,5.28%
2015-01-22,21.5848,22.1591,21.5848,22.0799,1189536,26385383.9,2.53%
2015-01-23,22.2779,22.2779,21.1888,21.2977,1179439,25768870.4,-3.54%
2015-01-26,21.3274,22.0799,21.3274,21.8819,919139,20334428.5,2.74%
2015-01-27,21.6838,21.971,21.2878,21.7631,1070830,23328131.3,-0.54%
2015-01-28,21.7829,22.2779,21.5551,22.2779,1132281,25164906.3,2.37%
2015-01-29,22.3967,23.2185,21.9512,22.6047,1844376,42339852,1.47%
2015-01-30,22.8027,23.0898,21.3472,21.6343,1526424,33716787,-4.29%
2015-02-02,21.2878,22.1294,21.268,22.0007,741970,16377471.3,1.69%
2015-02-03,22.0007,22.2185,21.8423,22.0403,561696,12490462.7,0.18%
2015-02-04,22.2284,22.2284,21.3868,21.6145,779230,17121782.3,-1.93%
2015-02-05,21.7036,21.7432,21.3175,21.5848,660013,14373760.3,-0.14%
2015-02-06,21.4858,21.6739,20.6739,20.6937,917028,19379908.5,-4.13%
2015-02-09,20.6739,21.7829,20.0501,21.2878,1163430,24542422.5,2.87%
2015-02-10,20.9908,21.1888,20.6046,20.7927,794485,16705559.4,-2.33%
2015-02-11,21.1492,21.2482,20.7036,20.8521,766321,16152492.4,0.29%
2015-02-12,20.8224,21.3769,20.7927,20.8521,853406,18110069.6,0.00%
2015-02-13,20.8026,21.6838,18.7729,21.4858,1381122,29845086.8,3.04%
2015-02-16,21.5749,21.8819,21.3373,21.6046,1736233,37817734.8,0.55%
2015-02-17,21.6145,21.8819,21.2383,21.4363,1543221,33374671.4,-0.78%
2015-02-25,21.5848,21.5848,20.9709,21.0205,1164192,25041597.2,-1.94%
2015-02-26,20.9808,21.2779,20.7432,20.7828,1848495,39045673.8,-1.13%
2015-02-27,20.8719,20.9709,20.7135,20.8224,2029638,42635446,0.19%
2015-03-02,20.9115,21.4561,20.7729,21.4561,3201043,67998291.2,3.04%
2015-03-03,21.466,21.7532,21.2581,21.6937,4542209,98677469.5,1.11%
2015-03-04,21.7829,22.3769,21.6838,22.3076,4173217,92814142.7,2.83%
2015-03-05,22.6641,22.8126,21.7631,21.872,3886165,86939143.8,-1.95%
2015-03-06,21.8819,22.2779,21.5848,21.8423,2311613,51147319.3,-0.14%
2015-03-09,21.9215,21.9314,21.4462,21.773,1923209,42219624.1,-0.32%
2015-03-10,21.7829,22.268,21.565,22.0205,2177771,48224329.9,1.14%
2015-03-11,22.0106,22.0799,21.466,21.7829,3010810,66004006.7,-1.08%
2015-03-12,21.8819,21.9413,21.0898,21.1096,2033760,44062244.4,-3.09%
2015-03-13,21.1096,21.1096,21.1096,21.1096,--,--,0.00%
2015-03-16,21.1096,21.1096,21.1096,21.1096,--,--,0.00%
2015-03-17,21.1096,21.1096,21.1096,21.1096,--,--,0.00%
2015-03-18,21.1096,21.1096,21.1096,21.1096,--,--,0.00%
2015-03-19,21.1096,21.1096,21.1096,21.1096,--,--,0.00%
2015-03-20,21.1096,21.1096,21.1096,21.1096,--,--,0.00%
2015-03-23,23.2185,23.2185,22.0601,22.8126,9678284,221997087.5,8.07%
2015-03-24,22.8324,25.0899,22.8225,25.0899,11559983,279972846,9.98%
2015-03-25,25.4859,26.3176,24.6146,25.0305,9508021,244067028.7,-0.24%
2015-03-26,25.0008,25.0008,23.6641,23.8225,5600454,136510940.9,-4.83%
2015-03-27,23.5651,24.3077,23.5651,24.1889,3012788,73215212.8,1.54%
2015-03-30,23.674,23.7136,23.1096,23.3572,5224876,123272494.6,-3.44%
2015-03-31,23.3473,23.7631,23.07,23.476,5514321,130724565.6,0.51%
2015-04-01,23.6146,23.9512,23.377,23.8918,5851732,140195009.2,1.77%
2015-04-02,23.9611,24.3275,23.6146,24.0404,6962029,168530149.7,0.62%
2015-04-03,23.9413,24.3275,23.7631,24.3275,6264539,152392172.8,1.19%
2015-04-07,24.4562,24.9513,24.4265,24.7433,6410941,159871558.8,1.71%
2015-04-08,24.7631,25.0008,23.377,23.7928,5291977,128845087.2,-3.84%
2015-04-09,23.7829,24.2582,22.7631,24.1889,5372343,127732416,1.66%
2015-04-10,23.9314,25.0107,23.9116,25.0008,6876360,171065362.4,3.36%
2015-04-13,25.0008,26.1394,24.7037,25.783,7570464,195028928.3,3.13%
2015-04-14,25.7335,27.0008,25.3275,25.9216,6849990,182510458.5,0.54%
2015-04-15,25.7434,26.0305,23.8621,24.0205,5016667,125750233.1,-7.33%
2015-04-16,23.4562,24.8424,22.8027,23.9809,3379178,82402393.8,-0.16%
2015-04-17,24.0602,24.5057,23.5651,23.7631,4542146,109515598.4,-0.91%
2015-04-20,23.971,24.5354,23.773,24.0602,4183490,102171701.6,1.25%
2015-04-21,24.2186,25.5354,23.9116,25.4463,4651762,116844243,5.76%
2015-04-22,25.5651,26.2384,25.3671,25.6246,5512804,143323490.5,0.70%
2015-04-23,26.0899,26.3969,25.6444,25.8721,5631595,147991784.8,0.97%
2015-04-24,25.5453,25.8523,24.5552,24.8325,5567067,141059824.9,-4.02%
2015-04-27,24.8523,25.5949,24.575,25.1295,4894183,124043333,1.20%
2015-04-28,25.0701,25.2483,23.6839,23.7631,4215405,103169038.8,-5.44%
2015-04-29,23.6935,24.4492,23.6935,24.2801,2972487,72274110.2,2.18%
2015-04-30,24.3497,24.7872,23.7631,23.7631,4429646,108136114.3,-2.13%
2015-05-04,23.9222,24.1608,23.6438,23.8427,3700931,88651317.4,0.33%
2015-05-05,23.8427,24.7077,23.7233,24.3796,5143902,125915607.7,2.25%
2015-05-06,24.4591,25.1352,24.1509,24.5088,5038468,124775020.9,0.53%
2015-05-07,24.3497,24.658,23.1864,23.266,3639123,87080812,-5.07%
2015-05-08,23.6637,24.0017,23.2859,23.9918,3889898,92940407.3,3.12%
2015-05-11,24.0614,25.7119,24.0614,25.4037,6618730,166990394.5,5.88%
2015-05-12,25.4235,25.4931,24.6878,25.0557,8827399,221769920.7,-1.37%
2015-05-13,24.6778,27.5612,24.469,27.5612,8370655,222853946.7,10.00%
2015-05-14,29.6293,29.6293,26.8951,27.5215,18513488,526406799.6,-0.14%
2015-05-15,27.3922,28.1578,26.5968,27.4618,9366956,256566354.4,-0.22%
2015-05-18,28.5555,30.206,27.5413,30.0767,11606553,334317013.5,9.52%
2015-05-19,29.5299,30.206,28.7345,29.9276,7596270,225741310.6,-0.50%
2015-05-20,30.1762,32.9204,29.3112,31.3196,8078123,252649066.6,4.65%
2015-05-21,31.3196,34.4515,31.081,34.1433,8901446,296774600.2,9.02%
2015-05-22,34.5013,34.6007,32.3139,32.8209,7582857,252550324.2,-3.87%
2015-05-25,32.3139,33.7854,31.1506,33.4871,6809415,222761168.9,2.03%
2015-05-26,33.497,35.1972,32.8707,34.899,5855026,202437652.1,4.22%
2015-05-27,34.899,36.6688,33.3877,34.5112,6035811,213130579.3,-1.11%
2015-05-28,33.8053,34.5013,31.0611,31.0611,8143152,266041173.8,-10.00%
2015-05-29,29.9276,31.3196,27.9689,29.8282,9420359,280391115.4,-3.97%
2015-06-01,30.4745,32.3139,29.8282,32.0156,6971321,217964408.3,7.33%
2015-06-02,32.115,33.3081,31.3196,32.7513,5898361,191695468.5,2.30%
2015-06-03,32.6022,33.4076,31.598,31.7968,7452860,241685652.7,-2.91%
2015-06-04,31.8167,32.0454,28.635,29.9276,8190411,248100774.5,-5.88%
2015-06-05,30.8224,32.7414,30.8224,32.4531,8518594,271155623.4,8.44%
2015-06-08,32.3437,34.7896,31.8465,33.5567,8018262,270424472.9,3.40%
2015-06-09,33.2584,34.9089,33.0297,34.3322,9777114,337022216.3,2.31%
2015-06-10,34.3024,35.7938,33.507,34.9785,6842311,238850623.2,1.88%
2015-06-11,34.899,38.4783,34.5013,38.4783,11430809,427582095.2,10.01%
2015-06-12,38.8363,39.7709,36.808,37.1858,11330553,431136108.3,-3.36%
2015-06-15,37.3846,40.7353,36.8577,37.5736,9967240,389281545.1,1.04%
2015-06-16,36.4003,36.9869,33.9345,35.3066,5701366,202733639,-6.03%
2015-06-17,35.3066,37.7724,34.8791,37.7724,7550951,278027700.7,6.98%
2015-06-18,38.6772,39.1445,35.764,35.7839,5797987,219483865.2,-5.26%
2015-06-19,34.3223,38.5281,34.0041,37.9812,9188575,339681071.1,6.14%
2015-06-23,37.3349,37.7824,34.1831,36.1418,6355652,227415898.1,-4.84%
2015-06-24,35.3166,36.1915,33.1888,34.7598,7392013,258713500.2,-3.82%
2015-06-25,34.7598,35.3464,31.6676,31.6775,5145365,173607030.3,-8.87%
2015-06-26,30.3452,30.6137,28.5058,28.5058,6334500,183111613.3,-10.01%
2015-06-29,29.0328,29.0328,25.6522,25.6522,6404802,168019254.7,-10.01%
2015-06-30,23.7333,27.1436,23.087,26.2985,12189872,297386702.7,2.52%
2015-07-01,24.8568,27.5413,23.6736,23.6736,8132253,205933349,-9.98%
2015-07-02,22.1524,23.1467,21.3073,21.3073,8319995,180904543.8,-10.00%
2015-07-03,19.1795,20.7505,19.1795,19.1795,10618800,208351605.7,-9.99%
2015-07-06,20.7604,20.7604,17.2606,17.2606,10529593,194059968.4,-10.00%
2015-07-07,15.5305,15.5305,15.5305,15.5305,1525300,23825186,-10.02%
2015-07-08,13.9795,15.2223,13.9795,14.5263,24673144,351312914.1,-6.47%
2015-07-09,14.417,15.978,14.0192,15.978,6275721,96864560.3,9.99%
2015-07-10,16.8927,17.5787,16.4055,17.5787,2827183,49221506.9,10.02%
2015-07-13,19.3386,19.3386,18.3344,19.3386,8392259,161062431.7,10.01%
2015-07-14,20.2931,21.2277,19.438,20.482,16000085,329407337,5.91%
2015-07-15,19.3883,19.8855,18.4338,18.4338,8253948,155493982.9,-10.00%
2015-07-16,16.6143,19.3485,16.5944,17.8969,9919935,176091591.5,-2.91%
2015-07-17,17.8969,19.6866,17.5589,19.3485,10558833,197907572.7,8.11%
2015-07-20,19.4877,20.3528,19.09,19.9849,10525510,208396052.1,3.29%
2015-07-21,19.7661,20.4422,19.2093,20.303,7605146,153468361.1,1.59%
2015-07-22,20.0644,20.7704,19.4877,20.134,6942146,140761764.9,-0.83%
2015-07-23,20.3726,22.1524,20.2732,22.1524,9299893,198666342.6,10.02%
2015-07-24,22.5203,23.4549,20.8797,21.5558,11698988,265254147.2,-2.69%
2015-07-27,20.7803,22.2618,19.3983,19.3983,11153311,232670340.3,-10.01%
2015-07-28,17.4594,19.1895,17.4594,17.5589,9978815,179322127.7,-9.48%
2015-07-29,18.0063,18.9309,16.9026,18.8912,6007711,107414008.2,7.59%
2015-07-30,18.6923,19.7761,17.8969,18.404,5575940,107856366.2,-2.58%
2015-07-31,18.1952,20.1837,17.8969,19.1696,6587126,125790331,4.16%
2015-08-03,18.7918,18.8116,17.4694,17.7975,4235030,77164564.3,-7.16%
2015-08-04,17.9764,19.2591,17.6881,19.1696,5989557,111179099,7.71%
2015-08-05,18.9111,19.7463,18.6526,19.0105,5354372,103384473.9,-0.83%
2015-08-06,18.5929,19.1895,17.9466,18.6327,3976194,74519615.7,-1.99%
2015-08-07,18.7918,19.5375,18.7818,19.4579,5030571,97416335.6,4.43%
2015-08-10,19.6568,20.8499,19.4877,20.661,5638006,114673171.2,6.18%
2015-08-11,20.482,20.8598,20.144,20.482,5899154,121737953.4,-0.87%
2015-08-12,20.1837,21.0985,20.1042,20.6809,5732825,119139562.9,0.97%
2015-08-13,20.7704,21.2675,20.3826,21.1283,5362599,112522894.9,2.16%
2015-08-14,21.3967,21.8044,21.0587,21.4067,5714907,123184461.5,1.32%
2015-08-17,21.4365,23.4847,21.3371,22.8583,7188055,162229151.3,6.78%
2015-08-18,22.6794,23.4449,20.5715,20.5715,6857788,151539806.8,-10.00%
2015-08-19,19.8656,21.5956,18.6028,20.9294,5558325,111548771,1.74%
2015-08-20,20.3826,20.9294,19.3684,19.5872,5255337,107036854.7,-6.41%
2015-08-21,19.2889,19.8855,17.887,17.887,6138601,115125426.5,-8.68%
2015-08-24,16.3359,16.8629,16.0973,16.0973,4408400,71778102,-10.01%
2015-08-25,14.4866,15.3913,14.4866,14.4866,7043774,104178796.4,-10.01%
2015-08-26,14.7152,15.6101,13.9198,14.5164,8655071,128584495.9,0.21%
2015-08-27,15.1627,15.3317,14.5661,15.3317,4183208,62962589,5.62%
2015-08-28,15.9084,16.8032,15.63,16.7933,4118148,67640159.4,9.53%
2015-08-31,16.7933,17.2705,16.2066,16.5646,5825069,96976989.7,-1.36%
2015-09-01,16.7833,16.7833,14.9041,14.9041,4380260,68132465.6,-10.02%
2015-09-02,14.417,15.978,13.9994,15.1129,4042150,61922158.7,1.40%
2015-09-07,15.4112,16.6242,14.3971,14.8743,12457355,192004881.4,-1.58%
2015-09-08,14.3672,16.147,14.3175,15.9084,8374706,125585492.9,6.95%
2015-09-09,15.9084,16.7038,15.789,16.6242,12245225,199944117.3,4.50%
2015-09-10,16.1271,16.5646,15.9084,16.1072,6038998,98516638.2,-3.11%
2015-09-11,16.1072,16.3061,15.9084,16.1569,4688717,75936480.8,0.31%
2015-09-14,16.2862,16.485,14.6257,14.8147,6020875,94524811.4,-8.31%
2015-09-15,14.2778,15.0533,14.0789,14.2976,5461723,79769741.6,-3.49%
2015-09-16,14.576,15.7294,14.3175,15.5703,4312030,65280345.1,8.90%
2015-09-17,15.5902,16.1868,15.282,15.4112,5751528,91074847.5,-1.02%
2015-09-18,15.6598,16.0674,15.4212,15.8885,3776347,59816333.3,3.10%
2015-09-21,15.7592,16.7634,15.6101,16.7137,5169688,85337486.2,5.19%
2015-09-22,16.8827,17.2805,16.5646,16.9026,5845328,99811941.9,1.13%
2015-09-23,16.7634,17.0518,16.4154,16.7435,4035741,67999601.4,-0.94%
2015-09-24,16.9026,17.4992,16.9026,17.3302,4472557,77490431.3,3.50%
2015-09-25,17.3799,17.5787,16.5049,16.8827,4154312,71117551.6,-2.58%
2015-09-28,16.9424,17.6483,16.4055,17.6185,3900780,67071664,4.36%
2015-09-29,17.3003,17.6981,17.0816,17.5986,3756904,65598225.7,-0.11%
2015-09-30,17.7677,19.3585,17.6981,18.8415,9419480,178235293.7,7.06%
2015-10-08,18.8415,18.8415,18.8415,18.8415,--,--,0.00%
2015-10-09,18.8415,18.8415,18.8415,18.8415,--,--,0.00%
2015-10-12,18.8415,18.8415,18.8415,18.8415,--,--,0.00%
2015-10-13,18.8415,18.8415,18.8415,18.8415,--,--,0.00%
2015-10-14,18.8415,18.8415,18.8415,18.8415,--,--,0.00%
2015-10-15,18.8415,18.8415,18.8415,18.8415,--,--,0.00%
2015-10-16,18.8415,18.8415,18.8415,18.8415,--,--,0.00%
2015-10-19,18.8415,18.8415,18.8415,18.8415,--,--,0.00%
2015-10-20,18.8415,18.8415,18.8415,18.8415,--,--,0.00%
2015-10-21,18.8415,18.8415,18.8415,18.8415,--,--,0.00%
2015-10-22,18.8415,18.8415,18.8415,18.8415,--,--,0.00%
2015-10-23,18.8415,18.8415,18.8415,18.8415,--,--,0.00%
2015-10-26,18.8415,18.8415,18.8415,18.8415,--,--,0.00%
2015-10-27,18.8415,18.8415,18.8415,18.8415,--,--,0.00%
2015-10-28,18.8415,18.8415,18.8415,18.8415,--,--,0.00%
2015-10-29,18.8415,18.8415,18.8415,18.8415,--,--,0.00%
2015-10-30,18.8415,18.8415,18.8415,18.8415,--,--,0.00%
2015-11-02,18.8415,18.8415,18.8415,18.8415,--,--,0.00%
2015-11-03,18.8415,18.8415,18.8415,18.8415,--,--,0.00%
2015-11-04,18.8415,18.8415,18.8415,18.8415,--,--,0.00%
2015-11-05,18.8415,18.8415,18.8415,18.8415,--,--,0.00%
2015-11-06,18.8415,18.8415,18.8415,18.8415,--,--,0.00%
2015-11-09,18.8415,18.8415,18.8415,18.8415,--,--,0.00%
2015-11-10,18.8415,18.8415,18.8415,18.8415,--,--,0.00%
2015-11-11,18.8415,18.8415,18.8415,18.8415,--,--,0.00%
2015-11-12,18.8415,18.8415,18.8415,18.8415,--,--,0.00%
2015-11-13,18.8415,18.8415,18.8415,18.8415,--,--,0.00%
2015-11-16,18.8415,18.8415,18.8415,18.8415,--,--,0.00%
2015-11-17,18.8415,18.8415,18.8415,18.8415,--,--,0.00%
2015-11-18,18.8415,18.8415,18.8415,18.8415,--,--,0.00%
2015-11-19,18.8415,18.8415,18.8415,18.8415,--,--,0.00%
2015-11-20,18.8415,18.8415,18.8415,18.8415,--,--,0.00%
2015-11-23,18.8415,18.8415,18.8415,18.8415,--,--,0.00%
2015-11-24,18.8415,18.8415,18.8415,18.8415,--,--,0.00%
2015-11-25,18.8415,18.8415,18.8415,18.8415,--,--,0.00%
2015-11-26,18.8415,18.8415,18.8415,18.8415,--,--,0.00%
2015-11-27,18.8415,18.8415,18.8415,18.8415,--,--,0.00%
2015-11-30,18.8415,18.8415,18.8415,18.8415,--,--,0.00%
2015-12-01,18.8415,18.8415,18.8415,18.8415,--,--,0.00%
2015-12-02,18.8415,18.8415,18.8415,18.8415,--,--,0.00%
2015-12-03,18.8415,18.8415,18.8415,18.8415,--,--,0.00%
2015-12-04,18.8415,18.8415,18.8415,18.8415,--,--,0.00%
2015-12-07,18.8415,18.8415,18.8415,18.8415,--,--,0.00%
2015-12-08,18.8415,18.8415,18.8415,18.8415,--,--,0.00%
2015-12-09,18.8415,18.8415,18.8415,18.8415,--,--,0.00%
2015-12-10,18.8415,18.8415,18.8415,18.8415,--,--,0.00%
2015-12-11,18.8415,18.8415,18.8415,18.8415,--,--,0.00%
2015-12-14,18.8415,18.8415,18.8415,18.8415,--,--,0.00%
2015-12-15,18.8415,18.8415,18.8415,18.8415,--,--,0.00%
2015-12-16,18.8415,18.8415,18.8415,18.8415,--,--,0.00%
2015-12-17,18.8415,18.8415,18.8415,18.8415,--,--,0.00%
2015-12-18,18.8415,18.8415,18.8415,18.8415,--,--,0.00%
2015-12-21,18.8415,18.8415,18.8415,18.8415,--,--,0.00%
2015-12-22,18.8415,18.8415,18.8415,18.8415,--,--,0.00%
2015-12-23,18.8415,18.8415,18.8415,18.8415,--,--,0.00%
2015-12-24,18.8415,18.8415,18.8415,18.8415,--,--,0.00%
2015-12-25,18.8415,18.8415,18.8415,18.8415,--,--,0.00%
2015-12-28,18.8415,18.8415,18.8415,18.8415,--,--,0.00%
2015-12-29,18.8415,18.8415,18.8415,18.8415,--,--,0.00%
2015-12-30,18.8415,18.8415,18.8415,18.8415,--,--,0.00%
2015-12-31,18.8415,18.8415,18.8415,18.8415,--,--,0.00%
2016-01-04,20.7306,20.7306,20.7306,20.7306,78240,1631304,10.03%
2016-01-05,22.8086,22.8086,21.4962,22.8086,16528393,376190193.7,10.02%
2016-01-06,22.4208,24.7972,21.178,23.1467,20982475,477545874,1.48%
2016-01-07,22.3711,22.3711,20.83,20.83,2973094,64251223.4,-10.01%
2016-01-08,20.8897,21.3769,18.752,19.6866,14071720,281953224.1,-5.49%
2016-01-11,18.8912,19.2789,17.7179,17.7179,8021720,149300175.5,-10.00%
2016-01-12,17.2009,18.9906,17.1413,18.4835,7331171,133830916.6,4.32%
2016-01-13,18.7918,18.8216,17.0816,17.0816,5126874,93327164.1,-7.58%
2016-01-14,16.4055,18.046,15.789,17.7677,5017257,87189340.2,4.02%
2016-01-15,17.6782,18.3344,16.6839,17.2904,5832701,103578384.3,-2.69%
2016-01-18,16.6143,18.1256,16.6143,17.9566,4775736,84716620.9,3.85%
2016-01-19,17.8472,18.6625,17.4495,18.5531,5759480,105116444,3.32%
2016-01-20,18.4537,19.2491,18.1753,18.742,6124728,115309685.8,1.02%
2016-01-21,18.2449,19.8357,18.0958,18.7818,8125414,155977964.8,0.21%
2016-01-22,18.8912,19.2392,17.6185,18.7918,5825198,108203512.9,0.05%
2016-01-25,19.0105,19.0503,18.3742,18.6526,4370890,82125194.4,-0.74%
2016-01-26,18.1455,18.3443,16.7833,16.7833,5666068,98135665.3,-10.02%
2016-01-27,16.3359,16.6541,15.103,16.0873,5692938,90249105.9,-4.15%
2016-01-28,15.8487,15.9978,15.2124,15.3516,3845036,60659294.2,-4.57%
2016-01-29,15.2323,16.664,14.9539,16.2365,3016066,48313881.1,5.76%
2016-02-01,16.1868,16.2663,15.6896,15.8686,2447390,39240618.1,-2.27%
2016-02-02,15.62,16.9026,15.6101,16.7933,3213167,53179840.6,5.83%
2016-02-03,16.4055,16.7535,16.1868,16.6143,2398258,39676239.8,-1.07%
2016-02-04,16.6044,17.1611,16.6044,17.1015,2803583,47695837.2,2.93%
2016-02-05,17.012,17.1512,16.6242,16.8032,1849752,31389977.4,-1.74%
2016-02-15,16.1669,16.8231,15.9183,16.7137,1588300,26099873.4,-0.53%
2016-02-16,16.7535,17.6981,16.7535,17.6483,2663792,46334183.1,5.59%
2016-02-17,17.5986,18.0958,17.1114,17.877,2619756,46348567.5,1.30%
2016-02-18,17.8571,18.6625,17.7975,17.7975,3320876,60714727.6,-0.44%
2016-02-19,17.7975,18.3244,17.6981,18.1057,2556480,46523105.4,1.73%
2016-02-22,18.394,18.8912,18.0858,18.3244,2789034,51655173.5,1.21%
2016-02-23,18.4736,18.4835,17.7677,18.0759,2647794,48338726.5,-1.36%
2016-02-24,18.3841,18.3841,17.6981,18.3344,2754356,50192379.1,1.43%
2016-02-25,18.0958,18.3344,16.5049,16.5049,3353460,58163747.8,-9.98%
2016-02-26,16.3657,16.9225,15.9084,16.4254,2037804,33700877.6,-0.48%
2016-02-29,16.2961,16.4055,14.8345,14.9837,2319782,35587747.2,-8.78%
2016-03-01,15.3913,15.6001,14.9439,14.9638,2566633,39167476,-0.13%
2016-03-02,15.1428,16.4055,15.1428,16.2265,3596902,57120695,8.44%
2016-03-03,16.1172,16.485,16.0277,16.1569,2384470,39028608.8,-0.43%
2016-03-04,16.2066,16.2564,15.2323,15.451,1867783,29615498.6,-4.37%
2016-03-07,15.6996,16.8827,15.6996,16.7038,3651472,60531764.8,8.11%
2016-03-08,16.674,17.012,15.9282,16.9822,3104297,51622969,1.67%
2016-03-09,16.5049,16.8131,16.2066,16.4055,1856649,30858386.8,-3.40%
2016-03-10,16.2762,16.664,16.0873,16.1868,1274735,20924055.4,-1.33%
2016-03-11,15.9978,16.4353,15.9879,16.3061,1233368,20170078.1,0.74%
2016-03-14,16.4254,17.1512,16.3458,16.8131,2486316,42173254.2,3.11%
2016-03-15,16.8131,17.191,16.7038,16.8629,1694786,28945122,0.30%
2016-03-16,17.3799,17.5489,16.2066,16.5348,2028108,34244608.2,-1.95%
2016-03-17,16.6044,17.2208,16.5745,17.1512,2771294,47276058.2,3.73%
2016-03-18,17.1512,17.8969,17.1214,17.8472,3694425,65359925.8,4.06%
2016-03-21,18.0858,18.1654,17.8074,18.1455,4182590,75724591.7,1.67%
2016-03-22,18.0858,18.0858,17.7975,17.9168,3234380,58297281,-1.26%
2016-03-23,17.877,18.0063,17.6682,17.9566,2544355,45722247,0.22%
2016-03-24,17.9168,18.0659,17.6682,17.708,2973721,53382475.9,-1.38%
2016-03-25,17.5489,17.8472,17.4495,17.708,1723905,30609853.5,0.00%
2016-03-28,17.7478,18.046,17.5589,17.6583,2268471,40792359.9,-0.28%
2016-03-29,17.6682,17.8174,17.2109,17.3401,1534217,26902217.5,-1.80%
2016-03-30,17.4495,18.4139,17.4495,18.3642,3873663,70266580.5,5.91%
2016-03-31,18.8812,19.09,18.4935,18.5631,4306746,81368268.2,1.08%
2016-04-01,18.5631,18.5631,18.5631,18.5631,--,--,0.00%
2016-04-05,18.5631,18.5631,18.5631,18.5631,--,--,0.00%
2016-04-06,18.5631,18.5631,18.5631,18.5631,--,--,0.00%
2016-04-07,18.5631,18.5631,18.5631,18.5631,--,--,0.00%
2016-04-08,18.5631,18.5631,18.5631,18.5631,--,--,0.00%
2016-04-11,18.5631,18.5631,18.5631,18.5631,--,--,0.00%
2016-04-12,18.5631,18.5631,18.5631,18.5631,--,--,0.00%
2016-04-13,19.3883,19.5275,18.7122,18.7918,5122229,98844855.1,1.23%
2016-04-14,18.8912,19.2292,18.7619,19.1397,2791396,53344875.8,1.85%
2016-04-15,19.1895,19.9849,18.6923,19.955,5969320,116445142.6,4.26%
2016-04-18,19.955,20.2235,19.3983,19.8556,4984696,99402283.8,-0.50%
2016-04-19,19.9053,20.0445,19.5176,19.8457,2353339,46658983.2,-0.05%
2016-04-20,19.796,19.9352,18.3642,19.6269,3485991,66945141.2,-1.10%
2016-04-21,19.3883,19.3883,18.394,18.9807,3701072,70282864.2,-3.29%
2016-04-22,18.6625,19.3883,18.4139,18.921,2334622,44327164.7,-0.31%
2016-04-25,18.9906,19.0801,18.5929,19.0005,2305561,43684305.3,0.42%
2016-04-26,18.8017,18.8912,18.1455,18.5034,3653382,67905811.1,-2.62%
2016-04-27,18.5631,18.8216,18.3443,18.6724,2917788,54531466.8,0.91%
2016-04-28,18.6923,18.6923,17.9963,18.4438,2368978,43516539.9,-1.22%
2016-04-29,18.394,18.6625,18.1952,18.2747,1596979,29528164.5,-0.92%
2016-05-03,18.1256,18.9409,18.1256,18.9409,2780123,52336875.2,3.65%
2016-05-04,18.9906,19.2789,18.742,18.8912,3029086,57941950.2,-0.26%
2016-05-05,18.8912,19.1298,18.6327,19.0304,2459276,46759014.8,0.74%
2016-05-06,19.1298,19.1298,17.9367,18.056,3101072,57596519.8,-5.12%
2016-05-09,17.9963,17.9963,16.4055,16.7535,2644128,45697556.3,-7.21%
2016-05-10,16.8927,16.8927,16.4652,16.6441,2123516,35557998,-0.65%
2016-05-11,16.843,17.5887,16.4652,16.8629,2653145,45517473.4,1.31%
2016-05-12,16.7535,16.843,16.0376,16.8032,1609792,26696283.3,-0.35%
2016-05-13,16.8629,17.1413,16.6044,16.7435,1208718,20432259.8,-0.36%
2016-05-16,16.6044,17.4395,16.6044,17.4197,2676800,46218605.9,4.04%
2016-05-17,17.3699,17.5787,17.0021,17.2307,2027515,35276621,-1.08%
2016-05-18,17.1611,17.1611,16.2961,16.6044,2191975,36536606.2,-3.63%
2016-05-19,16.7237,17.2904,16.7038,16.843,2114075,36322153.9,1.44%
2016-05-20,16.5646,17.3799,16.5646,17.2606,1678349,28942577.7,2.48%
2016-05-23,17.1015,17.4793,17.1015,17.4395,1743323,30449130.9,1.04%
2016-05-24,17.3501,17.4594,17.0617,17.36,1203346,20904045.8,-0.46%
2016-05-25,17.5,17.86,17.25,17.43,1540468,27118716,0.40%
2016-05-26,17.25,17.63,17,17.55,1472476,25451348.5,0.69%
2016-05-27,17.56,17.68,17.26,17.5,1228498,21477393.4,-0.28%
2016-05-30,17.48,17.76,17.1,17.48,1242844,21761205.8,-0.11%
2016-05-31,17.49,18.31,17.49,18.31,2628739,47549334.1,4.75%
2016-06-01,18.36,18.58,18.15,18.21,2530956,46279952.7,-0.55%
2016-06-02,18.19,18.34,17.98,18.34,1980761,36103213.5,0.71%
2016-06-03,18.35,18.85,18.17,18.65,3316118,61587113.7,1.69%
2016-06-06,18.56,19.1,18.46,18.91,2888637,54602984,1.39%
2016-06-07,19,19,18.6,18.74,1408693,26404327.6,-0.90%
2016-06-08,18.71,19.13,18.71,19,2222125,42210435.7,1.39%
2016-06-13,18.63,18.76,17.68,17.7,2958743,54158735.9,-6.84%
2016-06-14,17.7,17.97,17.6,17.8,1892571,33617011,0.56%
2016-06-15,17.7,18.6,17.54,18.37,2274785,41335120.3,3.20%
2016-06-16,18.37,18.5,18.19,18.24,1963081,35961268.4,-0.71%
2016-06-17,18.29,18.85,18.25,18.41,1768537,32911834.5,0.93%
2016-06-20,18.42,19.2,18.41,19,3854201,72960111.9,3.20%
2016-06-21,19.15,19.2,18.55,18.75,3466958,65534280.4,-1.32%
2016-06-22,18.7,20.2,18.52,20.19,6164307,120490636.7,7.68%
2016-06-23,20.35,20.62,19.88,20.51,5991218,121285945.2,1.58%
2016-06-24,20.39,20.55,19.5,19.9,4499187,89962983.6,-2.97%
2016-06-27,20.02,20.75,20.02,20.38,4881945,100011369.4,2.41%
2016-06-28,20.38,22.1,20.3,21.92,12326261,263820313.1,7.56%
2016-06-29,22.4,22.4,20.92,21.44,6696602,143807979.6,-2.19%
2016-06-30,21.3,21.84,21.17,21.65,3432487,73843087.9,0.98%
2016-07-01,21.66,21.93,21.15,21.23,3007009,64354386.8,-1.94%
2016-07-04,21.16,21.84,20.89,21.45,3666598,78634616.3,1.04%
2016-07-05,22.5,23.6,21.92,22.35,19707349,447591515.7,4.20%
2016-07-06,22,22.49,21.59,22.12,8381032,183460743.4,-1.03%
2016-07-07,21.8,22.3,21.45,22.07,6825616,148990248.6,-0.23%
2016-07-08,22,22.34,21.81,22.17,4295311,95078049.7,0.45%
2016-07-11,22.2,23.07,22.19,22.95,8186305,186095686.3,3.52%
2016-07-12,22.9,22.9,21.91,22.56,6161755,137969368.2,-1.70%
2016-07-13,22.82,23.45,22.8,23.15,6144032,141745510.6,2.62%
2016-07-14,22.98,23.2,22.7,23,3360784,77167146.4,-0.65%
2016-07-15,23.01,23.22,22.5,22.75,2277118,51752727.7,-1.09%
2016-07-18,22.63,22.87,22.21,22.21,3226568,72682515.2,-2.37%
2016-07-19,22.09,22.29,21.61,22.24,3984105,87294268.4,0.14%
2016-07-20,22.2,22.4,22.06,22.07,2075789,46059106.1,-0.76%
2016-07-21,22.1,23.16,22.1,22.84,5537643,125985768,3.49%
2016-07-22,22.75,22.98,22.31,22.36,2975626,67185506.9,-2.10%
2016-07-25,22.23,22.45,22.1,22.2,1655053,36777908.9,-0.72%
2016-07-26,22.26,22.57,22.21,22.54,1926196,43216032,1.53%
2016-07-27,22.57,22.64,21.3,21.63,3345480,73318713.6,-4.04%
2016-07-28,21.6,22.15,21.52,21.8,2099889,45889440.8,0.79%
2016-07-29,21.8,21.99,21.31,21.41,1302210,28252933.2,-1.79%
2016-08-01,21.39,21.39,20.41,21,3337435,69715789.7,-1.91%
2016-08-02,21.28,21.35,20.5,21.02,3696242,77170481.1,0.10%
2016-08-03,21.02,21.25,20.67,21.24,2122151,44531179.8,1.05%
2016-08-04,21.06,21.36,21.01,21.2,1181176,25073004.7,-0.19%
2016-08-05,21.21,21.28,20.63,20.63,2551806,53517758.1,-2.69%
2016-08-08,20.6,21.14,20.52,21.12,1429097,29909046.8,2.38%
2016-08-09,21.18,21.38,21.02,21.33,1886772,40093966.1,0.99%
2016-08-10,21.34,21.42,21.23,21.4,2596257,55320154.6,0.33%
2016-08-11,21.4,21.59,21.2,21.53,3168843,67735190.5,0.61%
2016-08-12,21.62,21.83,21.4,21.83,1796588,38807003,1.39%
2016-08-15,22,22.35,21.99,22.25,2835082,62932887.6,1.92%
2016-08-16,22.1,22.88,22.05,22.74,2883747,64841736.7,2.20%
2016-08-17,22.62,22.96,22.45,22.91,2952702,67061663.4,0.75%
2016-08-18,22.71,22.97,22.61,22.86,2705666,61648493.3,-0.22%
2016-08-19,22.81,23.3,22.81,23.1,2334972,53832815.5,1.05%
2016-08-22,22.9,23.58,22.25,22.32,3156473,71965672.6,-3.38%
2016-08-23,22.32,22.63,22.15,22.31,1827299,40969530,-0.04%
2016-08-24,22.3,23.35,22.3,22.7,2319098,53089323.7,1.75%
2016-08-25,22.94,23.44,22.4,23.2,4614693,106713611.2,2.20%
2016-08-26,23.26,23.34,22.66,22.67,3119147,71397268.1,-2.28%
2016-08-29,22.4,22.66,22.11,22.42,3364290,75221437,-1.10%
2016-08-30,22.42,22.55,22.06,22.18,1566056,34873095.6,-1.07%
2016-08-31,22.1,22.26,21.8,21.91,2064508,45297526.2,-1.22%
2016-09-01,21.92,22.29,21.85,21.85,2018081,44662979.8,-0.27%
2016-09-02,21.85,22.09,21.61,21.96,1396267,30528318.9,0.50%
2016-09-05,21.85,22.29,21.85,22.03,1533093,33940898,0.32%
2016-09-06,22.04,22.99,21.88,22.82,2915542,65784864.5,3.59%
2016-09-07,22.95,23.25,22.53,22.8,2977748,68218036.3,-0.09%
2016-09-08,22.96,22.96,22.63,22.91,1693257,38660001.5,0.48%
2016-09-09,22.92,23.17,22.68,22.8,3297362,75466001.3,-0.48%
2016-09-12,22.31,22.56,22.02,22.06,2739511,60878202.8,-3.25%
2016-09-13,22.33,22.33,21.87,21.96,1805072,39679938.3,-0.45%
2016-09-14,21.99,22.09,21.73,21.93,1308105,28668549.4,-0.14%
2016-09-19,21.86,22.3,21.86,22.26,1932166,42703616.3,1.50%
2016-09-20,22.26,22.35,21.9,22,1499889,33193667.4,-1.17%
2016-09-21,22,22.47,21.94,22.34,1473796,32774380.4,1.55%
2016-09-22,22.47,22.99,22.41,22.76,2598764,59130455.7,1.88%
2016-09-23,22.67,23.1,22.67,22.94,1976697,45267645.1,0.79%
,,,,,,,
Wind,,,,,,,
