Num,name
0,XSHE_000568
1,XSHE_000596
2,XSHE_000799
3,XSHE_000858
4,XSHE_000860
5,XSHE_000995
6,XSHE_002304
7,XSHE_002646
8,XSHE_000417
9,XSHE_000419
10,XSHE_000501
11,XSHE_000516
12,XSHE_000560
13,XSHE_000564
14,XSHE_000679
15,XSHE_000715
16,XSHE_000785
17,XSHE_000882
18,XSHE_002187
19,XSHE_002277
20,XSHE_002419
21,XSHE_002561
22,XSHE_002079
23,XSHE_002119
24,XSHE_002129
25,XSHE_002156
26,XSHE_002185
27,XSHE_002218
28,XSHE_002371
29,XSHE_002449
30,XSHE_002506
31,XSHE_002638
32,XSHE_002654
33,XSHE_002724
34,XSHE_002745
35,XSHE_002815
36,XSHE_000627
37,XSHE_000012
38,XSHE_002201
39,XSHE_002571
40,XSHE_002623
41,XSHE_002120
42,XSHE_002183
43,XSHE_002210
44,XSHE_002245
45,XSHE_002352
46,XSHE_002468
47,XSHE_002492
48,XSHE_002711
49,XSHE_002769
50,XSHE_002800
51,XSHE_000759
52,XSHE_002251
53,XSHE_002264
54,XSHE_002336
55,XSHE_002697
56,XSHE_000504
57,XSHE_000719
58,XSHE_000793
59,XSHE_002181
60,XSHE_002608
61,XSHE_000021
62,XSHE_000066
63,XSHE_000977
64,XSHE_002152
65,XSHE_002177
66,XSHE_002180
67,XSHE_002308
68,XSHE_002312
69,XSHE_002351
70,XSHE_002362
71,XSHE_002376
72,XSHE_002528
73,XSHE_002577
74,XSHE_002635
75,XSHE_000049
76,XSHE_000400
77,XSHE_000585
78,XSHE_000682
79,XSHE_000922
80,XSHE_000967
81,XSHE_002028
82,XSHE_002074
83,XSHE_002112
84,XSHE_002130
85,XSHE_002164
86,XSHE_002168
87,XSHE_002169
88,XSHE_002176
89,XSHE_002202
90,XSHE_002212
91,XSHE_002227
92,XSHE_002249
93,XSHE_002266
94,XSHE_002270
95,XSHE_002276
96,XSHE_002300
97,XSHE_002309
98,XSHE_002334
99,XSHE_002335
100,XSHE_002339
101,XSHE_002346
102,XSHE_002350
103,XSHE_002358
104,XSHE_002364
105,XSHE_002380
106,XSHE_002451
107,XSHE_002452
108,XSHE_002471
109,XSHE_002498
110,XSHE_002531
111,XSHE_002533
112,XSHE_002546
113,XSHE_002560
114,XSHE_002576
115,XSHE_002580
116,XSHE_002606
117,XSHE_002610
118,XSHE_002617
119,XSHE_002622
120,XSHE_002647
121,XSHE_002660
122,XSHE_002665
123,XSHE_002684
124,XSHE_002692
125,XSHE_002706
126,XSHE_002730
127,XSHE_002733
128,XSHE_002782
129,XSHE_002801
130,XSHE_002851
131,XSHE_002860
132,XSHE_002024
133,XSHE_002416
134,XSHE_000988
135,XSHE_002008
136,XSHE_002058
137,XSHE_002121
138,XSHE_002175
139,XSHE_002197
140,XSHE_002214
141,XSHE_002236
142,XSHE_002338
143,XSHE_002414
144,XSHE_002415
145,XSHE_002518
146,XSHE_002527
147,XSHE_002767
148,XSHE_002819
149,XSHE_002849
150,XSHE_002857
151,XSHE_002093
152,XSHE_002467
153,XSHE_000415
154,XSHE_000416
155,XSHE_000563
156,XSHE_000617
157,XSHE_000712
158,XSHE_000987
159,XSHE_002670
160,XSHE_000005
161,XSHE_000056
162,XSHE_000505
163,XSHE_000861
164,XSHE_002285
165,XSHE_002818
166,XSHE_000045
167,XSHE_000158
168,XSHE_000611
169,XSHE_000726
170,XSHE_000779
171,XSHE_000803
172,XSHE_000850
173,XSHE_000955
174,XSHE_000982
175,XSHE_002034
176,XSHE_002042
177,XSHE_002070
178,XSHE_002072
179,XSHE_002083
180,XSHE_002087
181,XSHE_002144
182,XSHE_002193
183,XSHE_002293
184,XSHE_002327
185,XSHE_002394
186,XSHE_002397
187,XSHE_002404
188,XSHE_002516
189,XSHE_002674
190,XSHE_002761
191,XSHE_000666
192,XSHE_002021
193,XSHE_002196
194,XSHE_002722
195,XSHE_002003
196,XSHE_002029
197,XSHE_002098
198,XSHE_002154
199,XSHE_002269
200,XSHE_002291
201,XSHE_002345
202,XSHE_002356
203,XSHE_002425
204,XSHE_002485
205,XSHE_002486
206,XSHE_002494
207,XSHE_002503
208,XSHE_002563
209,XSHE_002569
210,XSHE_002574
211,XSHE_002612
212,XSHE_002634
213,XSHE_002640
214,XSHE_002656
215,XSHE_002687
216,XSHE_002699
217,XSHE_002721
218,XSHE_002731
219,XSHE_002740
220,XSHE_002762
221,XSHE_002763
222,XSHE_002776
223,XSHE_002832
224,XSHE_000717
225,XSHE_000761
226,XSHE_000778
227,XSHE_000890
228,XSHE_000969
229,XSHE_002132
230,XSHE_002359
231,XSHE_002443
232,XSHE_002487
233,XSHE_002541
234,XSHE_002545
235,XSHE_002743
236,XSHE_002843
237,XSHE_000022
238,XSHE_000088
239,XSHE_000507
240,XSHE_000582
241,XSHE_000905
242,XSHE_002040
243,XSHE_000157
244,XSHE_000425
245,XSHE_000528
246,XSHE_000680
247,XSHE_000811
248,XSHE_000923
249,XSHE_002009
250,XSHE_002011
251,XSHE_002097
252,XSHE_002158
253,XSHE_002459
254,XSHE_002483
255,XSHE_002523
256,XSHE_002526
257,XSHE_002535
258,XSHE_002667
259,XSHE_002685
260,XSHE_000996
261,XSHE_002357
262,XSHE_002627
263,XSHE_002682
264,XSHE_000407
265,XSHE_000421
266,XSHE_000593
267,XSHE_000669
268,XSHE_000692
269,XSHE_000695
270,XSHE_002267
271,XSHE_002524
272,XSHE_002700
273,XSHE_000038
274,XSHE_000607
275,XSHE_000659
276,XSHE_000812
277,XSHE_002117
278,XSHE_002188
279,XSHE_002191
280,XSHE_002228
281,XSHE_002229
282,XSHE_002400
283,XSHE_002599
284,XSHE_002701
285,XSHE_002712
286,XSHE_002752
287,XSHE_002787
288,XSHE_002799
289,XSHE_002803
290,XSHE_002812
291,XSHE_002831
292,XSHE_002836
293,XSHE_002846
294,XSHE_000738
295,XSHE_000768
296,XSHE_000901
297,XSHE_002013
298,XSHE_002023
299,XSHE_002111
300,XSHE_002260
301,XSHE_000557
302,XSHE_000869
303,XSHE_002568
304,XSHE_000676
305,XSHE_000681
306,XSHE_000971
307,XSHE_002095
308,XSHE_002113
309,XSHE_002123
310,XSHE_002127
311,XSHE_002131
312,XSHE_002148
313,XSHE_002174
314,XSHE_002261
315,XSHE_002315
316,XSHE_002354
317,XSHE_002464
318,XSHE_002517
319,XSHE_002555
320,XSHE_000852
321,XSHE_002278
322,XSHE_002337
323,XSHE_002353
324,XSHE_002430
325,XSHE_002490
326,XSHE_002564
327,XSHE_002698
328,XSHE_000510
329,XSHE_000545
330,XSHE_000635
331,XSHE_000683
332,XSHE_000698
333,XSHE_000707
334,XSHE_000755
335,XSHE_000818
336,XSHE_000822
337,XSHE_000985
338,XSHE_000990
339,XSHE_002002
340,XSHE_002037
341,XSHE_002054
342,XSHE_002061
343,XSHE_002068
344,XSHE_002092
345,XSHE_002096
346,XSHE_002109
347,XSHE_002125
348,XSHE_002136
349,XSHE_002145
350,XSHE_002165
351,XSHE_002226
352,XSHE_002246
353,XSHE_002250
354,XSHE_002326
355,XSHE_002341
356,XSHE_002360
357,XSHE_002361
358,XSHE_002386
359,XSHE_002407
360,XSHE_002408
361,XSHE_002409
362,XSHE_002442
363,XSHE_002450
364,XSHE_002453
365,XSHE_002455
366,XSHE_002476
367,XSHE_002497
368,XSHE_002562
369,XSHE_002584
370,XSHE_002591
371,XSHE_002597
372,XSHE_002601
373,XSHE_002632
374,XSHE_002643
375,XSHE_002648
376,XSHE_002666
377,XSHE_002669
378,XSHE_002683
379,XSHE_002709
380,XSHE_002741
381,XSHE_002748
382,XSHE_002753
383,XSHE_002783
384,XSHE_002802
385,XSHE_002805
386,XSHE_002809
387,XSHE_002810
388,XSHE_002825
389,XSHE_002827
390,XSHE_000420
391,XSHE_000584
392,XSHE_000677
393,XSHE_000703
394,XSHE_000782
395,XSHE_000936
396,XSHE_000949
397,XSHE_000976
398,XSHE_002015
399,XSHE_002064
400,XSHE_002080
401,XSHE_002172
402,XSHE_002206
403,XSHE_002254
404,XSHE_002427
405,XSHE_002493
406,XSHE_000153
407,XSHE_000566
408,XSHE_000597
409,XSHE_000606
410,XSHE_000739
411,XSHE_000756
412,XSHE_000788
413,XSHE_000813
414,XSHE_000908
415,XSHE_000915
416,XSHE_000919
417,XSHE_000952
418,XSHE_000963
419,XSHE_002001
420,XSHE_002004
421,XSHE_002019
422,XSHE_002020
423,XSHE_002099
424,XSHE_002102
425,XSHE_002262
426,XSHE_002294
427,XSHE_002365
428,XSHE_002370
429,XSHE_002393
430,XSHE_002399
431,XSHE_002411
432,XSHE_002422
433,XSHE_002437
434,XSHE_002653
435,XSHE_002675
436,XSHE_002688
437,XSHE_002693
438,XSHE_002817
439,XSHE_002826
440,XSHE_000035
441,XSHE_000544
442,XSHE_000820
443,XSHE_000826
444,XSHE_000920
445,XSHE_002200
446,XSHE_002322
447,XSHE_002499
448,XSHE_002549
449,XSHE_002573
450,XSHE_002616
451,XSHE_002658
452,XSHE_002672
453,XSHE_002155
454,XSHE_002237
455,XSHE_000027
456,XSHE_000037
457,XSHE_000531
458,XSHE_000539
459,XSHE_000543
460,XSHE_000600
461,XSHE_000690
462,XSHE_000720
463,XSHE_000767
464,XSHE_000875
465,XSHE_000883
466,XSHE_000899
467,XSHE_000958
468,XSHE_000966
469,XSHE_001896
470,XSHE_002479
471,XSHE_000089
472,XSHE_000410
473,XSHE_000837
474,XSHE_002248
475,XSHE_002520
476,XSHE_002559
477,XSHE_000530
478,XSHE_000570
479,XSHE_000595
480,XSHE_000678
481,XSHE_000777
482,XSHE_000816
483,XSHE_000856
484,XSHE_000880
485,XSHE_000903
486,XSHE_002026
487,XSHE_002046
488,XSHE_002050
489,XSHE_002101
490,XSHE_002122
491,XSHE_002147
492,XSHE_002150
493,XSHE_002272
494,XSHE_002342
495,XSHE_002347
496,XSHE_002418
497,XSHE_002435
498,XSHE_002438
499,XSHE_002472
500,XSHE_002480
501,XSHE_002514
502,XSHE_002552
503,XSHE_002598
504,XSHE_002633
505,XSHE_002747
506,XSHE_002760
507,XSHE_002795
508,XSHE_002823
509,XSHE_002850
510,XSHE_000910
511,XSHE_002084
512,XSHE_002240
513,XSHE_002259
514,XSHE_002489
515,XSHE_002572
516,XSHE_002615
517,XSHE_002631
518,XSHE_002718
519,XSHE_002751
520,XSHE_002757
521,XSHE_002790
522,XSHE_002798
523,XSHE_002853
524,XSHE_000016
525,XSHE_000100
526,XSHE_000333
527,XSHE_000418
528,XSHE_000521
529,XSHE_000533
530,XSHE_000541
531,XSHE_000651
532,XSHE_000810
533,XSHE_000921
534,XSHE_002005
535,XSHE_002032
536,XSHE_002035
537,XSHE_002076
538,XSHE_002242
539,XSHE_002290
540,XSHE_002403
541,XSHE_002429
542,XSHE_002473
543,XSHE_002508
544,XSHE_002543
545,XSHE_002668
546,XSHE_002677
547,XSHE_002681
548,XSHE_002705
549,XSHE_002723
550,XSHE_002759
551,XSHE_000010
552,XSHE_000065
553,XSHE_000090
554,XSHE_000498
555,XSHE_000928
556,XSHE_000961
557,XSHE_002051
558,XSHE_002060
559,XSHE_002062
560,XSHE_002116
561,XSHE_002135
562,XSHE_002140
563,XSHE_002178
564,XSHE_002307
565,XSHE_002310
566,XSHE_002323
567,XSHE_002374
568,XSHE_002431
569,XSHE_002469
570,XSHE_002542
571,XSHE_002586
572,XSHE_002628
573,XSHE_002659
574,XSHE_002663
575,XSHE_002717
576,XSHE_002738
577,XSHE_002755
578,XSHE_002775
579,XSHE_000723
580,XSHE_000007
581,XSHE_000428
582,XSHE_000524
583,XSHE_000721
584,XSHE_002186
585,XSHE_002306
586,XSHE_000033
587,XSHE_000099
588,XSHE_000511
589,XSHE_000519
590,XSHE_000795
591,XSHE_002088
592,XSHE_002297
593,XSHE_000592
594,XSHE_000663
595,XSHE_002679
596,XSHE_000429
597,XSHE_000548
598,XSHE_000828
599,XSHE_000886
600,XSHE_000900
601,XSHE_000916
602,XSHE_000610
603,XSHE_000613
604,XSHE_000796
605,XSHE_000802
606,XSHE_002558
607,XSHE_002707
608,XSHE_000069
609,XSHE_000430
610,XSHE_000888
611,XSHE_000978
612,XSHE_002033
613,XSHE_002059
614,XSHE_002159
615,XSHE_000612
616,XSHE_000807
617,XSHE_002082
618,XSHE_002160
619,XSHE_002333
620,XSHE_002379
621,XSHE_002501
622,XSHE_002540
623,XSHE_002578
624,XSHE_002824
625,XSHE_000552
626,XSHE_000571
627,XSHE_000780
628,XSHE_000933
629,XSHE_000937
630,XSHE_000968
631,XSHE_000983
632,XSHE_002128
633,XSHE_000913
634,XSHE_001696
635,XSHE_000422
636,XSHE_000525
637,XSHE_000553
638,XSHE_000731
639,XSHE_000792
640,XSHE_000830
641,XSHE_000902
642,XSHE_000912
643,XSHE_000950
644,XSHE_000953
645,XSHE_002018
646,XSHE_002170
647,XSHE_002215
648,XSHE_002258
649,XSHE_002274
650,XSHE_002391
651,XSHE_002470
652,XSHE_002496
653,XSHE_002513
654,XSHE_002538
655,XSHE_002539
656,XSHE_002588
657,XSHE_002734
658,XSHE_002749
659,XSHE_000155
660,XSHE_000061
661,XSHE_000735
662,XSHE_000930
663,XSHE_002173
664,XSHE_002234
665,XSHE_002299
666,XSHE_002321
667,XSHE_002458
668,XSHE_002477
669,XSHE_002505
670,XSHE_002714
671,XSHE_002746
672,XSHE_002532
673,XSHE_002779
674,XSHE_000587
675,XSHE_000638
676,XSHE_000652
677,XSHE_000906
678,XSHE_002441
679,XSHE_000729
680,XSHE_000752
681,XSHE_000929
682,XSHE_002461
683,XSHE_000629
684,XSHE_000655
685,XSHE_000709
686,XSHE_000898
687,XSHE_000932
688,XSHE_000959
689,XSHE_002110
690,XSHE_002478
691,XSHE_000023
692,XSHE_000055
693,XSHE_000509
694,XSHE_000619
695,XSHE_000786
696,XSHE_002043
697,XSHE_002066
698,XSHE_002205
699,XSHE_002225
700,XSHE_002271
701,XSHE_002372
702,XSHE_002392
703,XSHE_002398
704,XSHE_002596
705,XSHE_002652
706,XSHE_002671
707,XSHE_002742
708,XSHE_002785
709,XSHE_002791
710,XSHE_000026
711,XSHE_000829
712,XSHE_002556
713,XSHE_002780
714,XSHE_000025
715,XSHE_000753
716,XSHE_002607
717,XSHE_000030
718,XSHE_000338
719,XSHE_000559
720,XSHE_000581
721,XSHE_000589
722,XSHE_000599
723,XSHE_000622
724,XSHE_000700
725,XSHE_000710
726,XSHE_000757
727,XSHE_000760
728,XSHE_000980
729,XSHE_002031
730,XSHE_002048
731,XSHE_002085
732,XSHE_002126
733,XSHE_002190
734,XSHE_002213
735,XSHE_002239
736,XSHE_002265
737,XSHE_002283
738,XSHE_002284
739,XSHE_002328
740,XSHE_002355
741,XSHE_002363
742,XSHE_002406
743,XSHE_002434
744,XSHE_002448
745,XSHE_002454
746,XSHE_002488
747,XSHE_002510
748,XSHE_002536
749,XSHE_002553
750,XSHE_002590
751,XSHE_002592
752,XSHE_002593
753,XSHE_002602
754,XSHE_002625
755,XSHE_002662
756,XSHE_002664
757,XSHE_002703
758,XSHE_002708
759,XSHE_002715
760,XSHE_002725
761,XSHE_002765
762,XSHE_002766
763,XSHE_002813
764,XSHE_000550
765,XSHE_000572
766,XSHE_000625
767,XSHE_000800
768,XSHE_000868
769,XSHE_000927
770,XSHE_000951
771,XSHE_000957
772,XSHE_002537
773,XSHE_002594
774,XSHE_000060
775,XSHE_000426
776,XSHE_000603
777,XSHE_000688
778,XSHE_000751
779,XSHE_000758
780,XSHE_000975
781,XSHE_002114
782,XSHE_000039
783,XSHE_000821
784,XSHE_002209
785,XSHE_002282
786,XSHE_002444
787,XSHE_002611
788,XSHE_000006
789,XSHE_000011
790,XSHE_000029
791,XSHE_000506
792,XSHE_000514
793,XSHE_000517
794,XSHE_000534
795,XSHE_000537
796,XSHE_000540
797,XSHE_000567
798,XSHE_000573
799,XSHE_000608
800,XSHE_000609
801,XSHE_000631
802,XSHE_000656
803,XSHE_000668
804,XSHE_000671
805,XSHE_000691
806,XSHE_000718
807,XSHE_000732
808,XSHE_000809
809,XSHE_000838
810,XSHE_000863
811,XSHE_000897
812,XSHE_000926
813,XSHE_000931
814,XSHE_000965
815,XSHE_000979
816,XSHE_000981
817,XSHE_002016
818,XSHE_002077
819,XSHE_002208
820,XSHE_002244
821,XSHE_002305
822,XSHE_002314
823,XSHE_000002
824,XSHE_000014
825,XSHE_000031
826,XSHE_000036
827,XSHE_000040
828,XSHE_000042
829,XSHE_000043
830,XSHE_000046
831,XSHE_000402
832,XSHE_000615
833,XSHE_000616
834,XSHE_000620
835,XSHE_000667
836,XSHE_000736
837,XSHE_000797
838,XSHE_000918
839,XSHE_001979
840,XSHE_002133
841,XSHE_002146
842,XSHE_000565
843,XSHE_002010
844,XSHE_002256
845,XSHE_002319
846,XSHE_002440
847,XSHE_000523
848,XSHE_000737
849,XSHE_002094
850,XSHE_002637
851,XSHE_002329
852,XSHE_002570
853,XSHE_002719
854,XSHE_002732
855,XSHE_002770
856,XSHE_000555
857,XSHE_000662
858,XSHE_000711
859,XSHE_000851
860,XSHE_000938
861,XSHE_000948
862,XSHE_000997
863,XSHE_002027
864,XSHE_002063
865,XSHE_002065
866,XSHE_002073
867,XSHE_002090
868,XSHE_002153
869,XSHE_002184
870,XSHE_002195
871,XSHE_002230
872,XSHE_002232
873,XSHE_002253
874,XSHE_002268
875,XSHE_002279
876,XSHE_002280
877,XSHE_002298
878,XSHE_002316
879,XSHE_002331
880,XSHE_002368
881,XSHE_002373
882,XSHE_002401
883,XSHE_002405
884,XSHE_002410
885,XSHE_002421
886,XSHE_002439
887,XSHE_002474
888,XSHE_002544
889,XSHE_002609
890,XSHE_002642
891,XSHE_002649
892,XSHE_002657
893,XSHE_002771
894,XSHE_002777
895,XSHE_000019
896,XSHE_000848
897,XSHE_002387
898,XSHE_000062
899,XSHE_000151
900,XSHE_000408
901,XSHE_000626
902,XSHE_002091
903,XSHE_002344
904,XSHE_000004
905,XSHE_000078
906,XSHE_000403
907,XSHE_000518
908,XSHE_000661
909,XSHE_000806
910,XSHE_002007
911,XSHE_002030
912,XSHE_002038
913,XSHE_002252
914,XSHE_002332
915,XSHE_002550
916,XSHE_002581
917,XSHE_002680
918,XSHE_002821
919,XSHE_000059
920,XSHE_000637
921,XSHE_000819
922,XSHE_002377
923,XSHE_002778
924,XSHE_002207
925,XSHE_002554
926,XSHE_002629
927,XSHE_002828
928,XSHE_000096
929,XSHE_000159
930,XSHE_000554
931,XSHE_002221
932,XSHE_000529
933,XSHE_000639
934,XSHE_000716
935,XSHE_000893
936,XSHE_000895
937,XSHE_000911
938,XSHE_000972
939,XSHE_002053
940,XSHE_002216
941,XSHE_002220
942,XSHE_002286
943,XSHE_002330
944,XSHE_002481
945,XSHE_002495
946,XSHE_002507
947,XSHE_002515
948,XSHE_002557
949,XSHE_002582
950,XSHE_002604
951,XSHE_002626
952,XSHE_002650
953,XSHE_002661
954,XSHE_002695
955,XSHE_002702
956,XSHE_002726
957,XSHE_002820
958,XSHE_002840
959,XSHE_002847
960,XSHE_002852
961,XSHE_000601
962,XSHE_000722
963,XSHE_000791
964,XSHE_000993
965,XSHE_002039
966,XSHE_000401
967,XSHE_000546
968,XSHE_000672
969,XSHE_000789
970,XSHE_000877
971,XSHE_000885
972,XSHE_000935
973,XSHE_002233
974,XSHE_002302
975,XSHE_002619
976,XSHE_000598
977,XSHE_000605
978,XSHE_000685
979,XSHE_000520
980,XSHE_002320
981,XSHE_000048
982,XSHE_000702
983,XSHE_000876
984,XSHE_002100
985,XSHE_002124
986,XSHE_002157
987,XSHE_002311
988,XSHE_002385
989,XSHE_002548
990,XSHE_002567
991,XSHE_000859
992,XSHE_000973
993,XSHE_002014
994,XSHE_002108
995,XSHE_002243
996,XSHE_002263
997,XSHE_002324
998,XSHE_002395
999,XSHE_002420
1000,XSHE_002457
1001,XSHE_002522
1002,XSHE_002585
1003,XSHE_002641
1004,XSHE_002676
1005,XSHE_002694
1006,XSHE_002735
1007,XSHE_002768
1008,XSHE_002838
1009,XSHE_002855
1010,XSHE_000708
1011,XSHE_000825
1012,XSHE_002075
1013,XSHE_002318
1014,XSHE_002423
1015,XSHE_002756
1016,XSHE_000063
1017,XSHE_000070
1018,XSHE_000547
1019,XSHE_000561
1020,XSHE_000586
1021,XSHE_000687
1022,XSHE_000801
1023,XSHE_000836
1024,XSHE_000889
1025,XSHE_002017
1026,XSHE_002052
1027,XSHE_002089
1028,XSHE_002115
1029,XSHE_002151
1030,XSHE_002161
1031,XSHE_002194
1032,XSHE_002231
1033,XSHE_002281
1034,XSHE_002296
1035,XSHE_002313
1036,XSHE_002369
1037,XSHE_002383
1038,XSHE_002384
1039,XSHE_002396
1040,XSHE_002413
1041,XSHE_002417
1042,XSHE_002446
1043,XSHE_002465
1044,XSHE_002491
1045,XSHE_002519
1046,XSHE_002547
1047,XSHE_002583
1048,XSHE_002792
1049,XSHE_002829
1050,XSHE_002848
1051,XSHE_002861
1052,XSHE_000630
1053,XSHE_000878
1054,XSHE_002171
1055,XSHE_002203
1056,XSHE_002295
1057,XSHE_000017
1058,XSHE_000526
1059,XSHE_000558
1060,XSHE_002103
1061,XSHE_002105
1062,XSHE_002301
1063,XSHE_002348
1064,XSHE_002575
1065,XSHE_002605
1066,XSHE_002678
1067,XSHE_002858
1068,XSHE_000887
1069,XSHE_002211
1070,XSHE_002224
1071,XSHE_002381
1072,XSHE_000657
1073,XSHE_000693
1074,XSHE_000697
1075,XSHE_000762
1076,XSHE_000831
1077,XSHE_000960
1078,XSHE_000962
1079,XSHE_002149
1080,XSHE_002167
1081,XSHE_002182
1082,XSHE_002340
1083,XSHE_002378
1084,XSHE_002428
1085,XSHE_002460
1086,XSHE_002466
1087,XSHE_002716
1088,XSHE_002842
1089,XSHE_000591
1090,XSHE_000862
1091,XSHE_000939
1092,XSHE_000150
1093,XSHE_000502
1094,XSHE_000503
1095,XSHE_002022
1096,XSHE_002044
1097,XSHE_002162
1098,XSHE_002223
1099,XSHE_002382
1100,XSHE_002432
1101,XSHE_002551
1102,XSHE_002614
1103,XSHE_000028
1104,XSHE_000411
1105,XSHE_000705
1106,XSHE_002462
1107,XSHE_002589
1108,XSHE_002727
1109,XSHE_002758
1110,XSHE_002788
1111,XSHE_000001
1112,XSHE_002142
1113,XSHE_002807
1114,XSHE_002839
1115,XSHE_000156
1116,XSHE_000665
1117,XSHE_000673
1118,XSHE_000835
1119,XSHE_000892
1120,XSHE_000917
1121,XSHE_002071
1122,XSHE_002143
1123,XSHE_002238
1124,XSHE_002292
1125,XSHE_002343
1126,XSHE_002445
1127,XSHE_002502
1128,XSHE_002624
1129,XSHE_002739
1130,XSHE_000798
1131,XSHE_002069
1132,XSHE_002086
1133,XSHE_002447
1134,XSHE_002696
1135,XSHE_000020
1136,XSHE_000032
1137,XSHE_000050
1138,XSHE_000058
1139,XSHE_000068
1140,XSHE_000413
1141,XSHE_000532
1142,XSHE_000536
1143,XSHE_000636
1144,XSHE_000670
1145,XSHE_000725
1146,XSHE_000727
1147,XSHE_000733
1148,XSHE_000823
1149,XSHE_000970
1150,XSHE_002025
1151,XSHE_002036
1152,XSHE_002045
1153,XSHE_002049
1154,XSHE_002055
1155,XSHE_002056
1156,XSHE_002057
1157,XSHE_002104
1158,XSHE_002106
1159,XSHE_002134
1160,XSHE_002137
1161,XSHE_002138
1162,XSHE_002139
1163,XSHE_002141
1164,XSHE_002179
1165,XSHE_002189
1166,XSHE_002199
1167,XSHE_002217
1168,XSHE_002222
1169,XSHE_002241
1170,XSHE_002273
1171,XSHE_002288
1172,XSHE_002289
1173,XSHE_002388
1174,XSHE_002389
1175,XSHE_002402
1176,XSHE_002426
1177,XSHE_002436
1178,XSHE_002456
1179,XSHE_002463
1180,XSHE_002475
1181,XSHE_002484
1182,XSHE_002512
1183,XSHE_002579
1184,XSHE_002587
1185,XSHE_002600
1186,XSHE_002618
1187,XSHE_002636
1188,XSHE_002655
1189,XSHE_002729
1190,XSHE_002806
1191,XSHE_002808
1192,XSHE_002835
1193,XSHE_002841
1194,XSHE_002845
1195,XSHE_002859
1196,XSHE_000628
1197,XSHE_000008
1198,XSHE_002367
1199,XSHE_002689
1200,XSHE_002774
1201,XSHE_000488
1202,XSHE_000576
1203,XSHE_000815
1204,XSHE_000833
1205,XSHE_002012
1206,XSHE_002067
1207,XSHE_002078
1208,XSHE_002235
1209,XSHE_002303
1210,XSHE_002511
1211,XSHE_002521
1212,XSHE_002565
1213,XSHE_000166
1214,XSHE_000686
1215,XSHE_000728
1216,XSHE_000750
1217,XSHE_000776
1218,XSHE_000783
1219,XSHE_002500
1220,XSHE_002673
1221,XSHE_002736
1222,XSHE_002797
1223,XSHE_000423
1224,XSHE_000513
1225,XSHE_000538
1226,XSHE_000590
1227,XSHE_000623
1228,XSHE_000650
1229,XSHE_000766
1230,XSHE_000790
1231,XSHE_000989
1232,XSHE_000999
1233,XSHE_002107
1234,XSHE_002118
1235,XSHE_002166
1236,XSHE_002198
1237,XSHE_002219
1238,XSHE_002275
1239,XSHE_002287
1240,XSHE_002317
1241,XSHE_002349
1242,XSHE_002390
1243,XSHE_002412
1244,XSHE_002424
1245,XSHE_002433
1246,XSHE_002566
1247,XSHE_002603
1248,XSHE_002644
1249,XSHE_002728
1250,XSHE_002737
1251,XSHE_002750
1252,XSHE_002773
1253,XSHE_000713
1254,XSHE_000998
1255,XSHE_002041
1256,XSHE_002772
1257,XSHE_000404
1258,XSHE_000551
1259,XSHE_000925
1260,XSHE_002006
1261,XSHE_002192
1262,XSHE_002204
1263,XSHE_002255
1264,XSHE_002366
1265,XSHE_002509
1266,XSHE_002529
1267,XSHE_002530
1268,XSHE_002534
1269,XSHE_002595
1270,XSHE_002613
1271,XSHE_002621
1272,XSHE_002630
1273,XSHE_002639
1274,XSHE_002645
1275,XSHE_002651
1276,XSHE_002686
1277,XSHE_002690
1278,XSHE_002691
1279,XSHE_002786
1280,XSHE_002793
1281,XSHE_002796
1282,XSHE_002816
1283,XSHE_002833
1284,XSHE_002837
1285,XSHE_000018
1286,XSHE_002047
1287,XSHE_002081
1288,XSHE_002163
1289,XSHE_002247
1290,XSHE_002325
1291,XSHE_002375
1292,XSHE_002482
1293,XSHE_002504
1294,XSHE_002620
1295,XSHE_002713
1296,XSHE_002781
1297,XSHE_002789
1298,XSHE_002811
1299,XSHE_002822
1300,XSHE_002830
1301,XSHE_002856
1302,XSHE_000009
1303,XSHE_000034
1304,XSHE_000301
1305,XSHE_000409
1306,XSHE_000632
1307,XSHE_000633
1308,XSHE_000701
1309,XSHE_000839
1310,XSHE_000881
1311,XSHE_000909
1312,XSHG_600197
1313,XSHG_600199
1314,XSHG_600519
1315,XSHG_600559
1316,XSHG_600702
1317,XSHG_600779
1318,XSHG_600809
1319,XSHG_603198
1320,XSHG_603369
1321,XSHG_603589
1322,XSHG_603919
1323,XSHG_600280
1324,XSHG_600306
1325,XSHG_600327
1326,XSHG_600515
1327,XSHG_600628
1328,XSHG_600655
1329,XSHG_600682
1330,XSHG_600693
1331,XSHG_600694
1332,XSHG_600697
1333,XSHG_600712
1334,XSHG_600723
1335,XSHG_600729
1336,XSHG_600738
1337,XSHG_600774
1338,XSHG_600778
1339,XSHG_600785
1340,XSHG_600814
1341,XSHG_600821
1342,XSHG_600824
1343,XSHG_600828
1344,XSHG_600838
1345,XSHG_600857
1346,XSHG_600858
1347,XSHG_600859
1348,XSHG_600861
1349,XSHG_600865
1350,XSHG_600891
1351,XSHG_603031
1352,XSHG_603101
1353,XSHG_603123
1354,XSHG_601366
1355,XSHG_600151
1356,XSHG_600171
1357,XSHG_600206
1358,XSHG_600360
1359,XSHG_600401
1360,XSHG_600460
1361,XSHG_600537
1362,XSHG_600584
1363,XSHG_600667
1364,XSHG_600703
1365,XSHG_601012
1366,XSHG_601908
1367,XSHG_603005
1368,XSHG_603986
1369,XSHG_603303
1370,XSHG_600291
1371,XSHG_601318
1372,XSHG_601336
1373,XSHG_601601
1374,XSHG_601628
1375,XSHG_600176
1376,XSHG_600293
1377,XSHG_600529
1378,XSHG_600552
1379,XSHG_600586
1380,XSHG_600819
1381,XSHG_600876
1382,XSHG_601636
1383,XSHG_603021
1384,XSHG_603578
1385,XSHG_603601
1386,XSHG_600057
1387,XSHG_600119
1388,XSHG_600179
1389,XSHG_600180
1390,XSHG_600233
1391,XSHG_600270
1392,XSHG_600787
1393,XSHG_600794
1394,XSHG_603117
1395,XSHG_603128
1396,XSHG_603569
1397,XSHG_600361
1398,XSHG_600827
1399,XSHG_601010
1400,XSHG_601116
1401,XSHG_601933
1402,XSHG_603708
1403,XSHG_600229
1404,XSHG_600373
1405,XSHG_600551
1406,XSHG_600633
1407,XSHG_600757
1408,XSHG_600825
1409,XSHG_601098
1410,XSHG_601801
1411,XSHG_601811
1412,XSHG_601858
1413,XSHG_601900
1414,XSHG_601928
1415,XSHG_601999
1416,XSHG_603999
1417,XSHG_600072
1418,XSHG_600150
1419,XSHG_600685
1420,XSHG_601890
1421,XSHG_601989
1422,XSHG_600074
1423,XSHG_600100
1424,XSHG_600271
1425,XSHG_600601
1426,XSHG_600734
1427,XSHG_603019
1428,XSHG_603025
1429,XSHG_600089
1430,XSHG_600110
1431,XSHG_600112
1432,XSHG_600192
1433,XSHG_600202
1434,XSHG_600268
1435,XSHG_600290
1436,XSHG_600312
1437,XSHG_600379
1438,XSHG_600405
1439,XSHG_600416
1440,XSHG_600468
1441,XSHG_600482
1442,XSHG_600517
1443,XSHG_600525
1444,XSHG_600550
1445,XSHG_600560
1446,XSHG_600577
1447,XSHG_600580
1448,XSHG_600590
1449,XSHG_600847
1450,XSHG_600869
1451,XSHG_600875
1452,XSHG_600885
1453,XSHG_600973
1454,XSHG_601126
1455,XSHG_601179
1456,XSHG_601311
1457,XSHG_601558
1458,XSHG_601616
1459,XSHG_601700
1460,XSHG_601727
1461,XSHG_601877
1462,XSHG_603015
1463,XSHG_603016
1464,XSHG_603333
1465,XSHG_603416
1466,XSHG_603515
1467,XSHG_603606
1468,XSHG_603618
1469,XSHG_603628
1470,XSHG_603703
1471,XSHG_603819
1472,XSHG_603861
1473,XSHG_603988
1474,XSHG_603050
1475,XSHG_600898
1476,XSHG_600366
1477,XSHG_600651
1478,XSHG_601222
1479,XSHG_601567
1480,XSHG_603100
1481,XSHG_603556
1482,XSHG_600050
1483,XSHG_600804
1484,XSHG_600318
1485,XSHG_600599
1486,XSHG_600643
1487,XSHG_600695
1488,XSHG_600705
1489,XSHG_600747
1490,XSHG_600816
1491,XSHG_600817
1492,XSHG_600830
1493,XSHG_600070
1494,XSHG_600152
1495,XSHG_600156
1496,XSHG_600220
1497,XSHG_600232
1498,XSHG_600370
1499,XSHG_600448
1500,XSHG_600493
1501,XSHG_600626
1502,XSHG_600630
1503,XSHG_600689
1504,XSHG_600851
1505,XSHG_600987
1506,XSHG_601339
1507,XSHG_603238
1508,XSHG_603558
1509,XSHG_603665
1510,XSHG_603889
1511,XSHG_603908
1512,XSHG_600302
1513,XSHG_600843
1514,XSHG_603337
1515,XSHG_600086
1516,XSHG_600107
1517,XSHG_600137
1518,XSHG_600177
1519,XSHG_600272
1520,XSHG_600398
1521,XSHG_600400
1522,XSHG_600439
1523,XSHG_600612
1524,XSHG_600884
1525,XSHG_601566
1526,XSHG_601718
1527,XSHG_603001
1528,XSHG_603116
1529,XSHG_603518
1530,XSHG_603555
1531,XSHG_603608
1532,XSHG_603808
1533,XSHG_603839
1534,XSHG_603877
1535,XSHG_603900
1536,XSHG_603958
1537,XSHG_600165
1538,XSHG_600477
1539,XSHG_600496
1540,XSHG_600558
1541,XSHG_600782
1542,XSHG_600992
1543,XSHG_601028
1544,XSHG_603028
1545,XSHG_603300
1546,XSHG_603577
1547,XSHG_603878
1548,XSHG_600017
1549,XSHG_600018
1550,XSHG_600190
1551,XSHG_600279
1552,XSHG_600317
1553,XSHG_600717
1554,XSHG_601000
1555,XSHG_601008
1556,XSHG_601018
1557,XSHG_601880
1558,XSHG_601228
1559,XSHG_600031
1560,XSHG_600169
1561,XSHG_600320
1562,XSHG_600582
1563,XSHG_600761
1564,XSHG_600815
1565,XSHG_600984
1566,XSHG_601100
1567,XSHG_601106
1568,XSHG_601717
1569,XSHG_603218
1570,XSHG_600710
1571,XSHG_600386
1572,XSHG_600611
1573,XSHG_600650
1574,XSHG_600662
1575,XSHG_600676
1576,XSHG_600834
1577,XSHG_600561
1578,XSHG_603032
1579,XSHG_603069
1580,XSHG_603223
1581,XSHG_600167
1582,XSHG_600333
1583,XSHG_600617
1584,XSHG_600635
1585,XSHG_600681
1586,XSHG_600719
1587,XSHG_600856
1588,XSHG_600917
1589,XSHG_600982
1590,XSHG_601139
1591,XSHG_603393
1592,XSHG_603689
1593,XSHG_600210
1594,XSHG_600836
1595,XSHG_600880
1596,XSHG_601515
1597,XSHG_601968
1598,XSHG_603022
1599,XSHG_603058
1600,XSHG_603429
1601,XSHG_603729
1602,XSHG_600038
1603,XSHG_600118
1604,XSHG_600316
1605,XSHG_600343
1606,XSHG_600372
1607,XSHG_600391
1608,XSHG_600862
1609,XSHG_600879
1610,XSHG_600893
1611,XSHG_600059
1612,XSHG_600084
1613,XSHG_600238
1614,XSHG_600365
1615,XSHG_600543
1616,XSHG_600616
1617,XSHG_601579
1618,XSHG_603779
1619,XSHG_600634
1620,XSHG_600652
1621,XSHG_600986
1622,XSHG_603000
1623,XSHG_603258
1624,XSHG_603444
1625,XSHG_603881
1626,XSHG_603888
1627,XSHG_600579
1628,XSHG_601798
1629,XSHG_600075
1630,XSHG_600078
1631,XSHG_600091
1632,XSHG_600135
1633,XSHG_600141
1634,XSHG_600160
1635,XSHG_600228
1636,XSHG_600273
1637,XSHG_600281
1638,XSHG_600301
1639,XSHG_600309
1640,XSHG_600319
1641,XSHG_600328
1642,XSHG_600367
1643,XSHG_600378
1644,XSHG_600409
1645,XSHG_600618
1646,XSHG_600636
1647,XSHG_600722
1648,XSHG_600746
1649,XSHG_600844
1650,XSHG_600985
1651,XSHG_601208
1652,XSHG_601216
1653,XSHG_601678
1654,XSHG_603002
1655,XSHG_603010
1656,XSHG_603026
1657,XSHG_603067
1658,XSHG_603077
1659,XSHG_603227
1660,XSHG_603299
1661,XSHG_603360
1662,XSHG_603585
1663,XSHG_603928
1664,XSHG_603968
1665,XSHG_603977
1666,XSHG_603041
1667,XSHG_603078
1668,XSHG_603906
1669,XSHG_600063
1670,XSHG_600346
1671,XSHG_600527
1672,XSHG_600810
1673,XSHG_600889
1674,XSHG_601113
1675,XSHG_601233
1676,XSHG_600062
1677,XSHG_600079
1678,XSHG_600196
1679,XSHG_600216
1680,XSHG_600267
1681,XSHG_600276
1682,XSHG_600299
1683,XSHG_600380
1684,XSHG_600420
1685,XSHG_600488
1686,XSHG_600513
1687,XSHG_600521
1688,XSHG_600664
1689,XSHG_600789
1690,XSHG_600812
1691,XSHG_603168
1692,XSHG_603222
1693,XSHG_603456
1694,XSHG_603520
1695,XSHG_603669
1696,XSHG_603811
1697,XSHG_603538
1698,XSHG_600008
1699,XSHG_600217
1700,XSHG_600292
1701,XSHG_600388
1702,XSHG_600481
1703,XSHG_600526
1704,XSHG_600874
1705,XSHG_603126
1706,XSHG_603177
1707,XSHG_603568
1708,XSHG_603588
1709,XSHG_603603
1710,XSHG_603817
1711,XSHG_603822
1712,XSHG_603903
1713,XSHG_603797
1714,XSHG_600311
1715,XSHG_600385
1716,XSHG_600489
1717,XSHG_600547
1718,XSHG_600687
1719,XSHG_600766
1720,XSHG_600988
1721,XSHG_601069
1722,XSHG_601899
1723,XSHG_600011
1724,XSHG_600021
1725,XSHG_600023
1726,XSHG_600027
1727,XSHG_600098
1728,XSHG_600396
1729,XSHG_600483
1730,XSHG_600509
1731,XSHG_600578
1732,XSHG_600642
1733,XSHG_600726
1734,XSHG_600744
1735,XSHG_600780
1736,XSHG_600795
1737,XSHG_600863
1738,XSHG_600864
1739,XSHG_601991
1740,XSHG_600004
1741,XSHG_600009
1742,XSHG_600897
1743,XSHG_600243
1744,XSHG_600806
1745,XSHG_601882
1746,XSHG_603011
1747,XSHG_600114
1748,XSHG_600421
1749,XSHG_600520
1750,XSHG_600592
1751,XSHG_600619
1752,XSHG_600765
1753,XSHG_600841
1754,XSHG_601002
1755,XSHG_601177
1756,XSHG_601218
1757,XSHG_601369
1758,XSHG_603040
1759,XSHG_603315
1760,XSHG_603667
1761,XSHG_603677
1762,XSHG_603726
1763,XSHG_603966
1764,XSHG_600337
1765,XSHG_600978
1766,XSHG_603008
1767,XSHG_603208
1768,XSHG_603313
1769,XSHG_603389
1770,XSHG_603600
1771,XSHG_603816
1772,XSHG_603818
1773,XSHG_603898
1774,XSHG_603385
1775,XSHG_603833
1776,XSHG_600060
1777,XSHG_600261
1778,XSHG_600336
1779,XSHG_600690
1780,XSHG_600839
1781,XSHG_600854
1782,XSHG_600870
1783,XSHG_600983
1784,XSHG_603355
1785,XSHG_603366
1786,XSHG_603519
1787,XSHG_603868
1788,XSHG_603996
1789,XSHG_600039
1790,XSHG_600068
1791,XSHG_600083
1792,XSHG_600170
1793,XSHG_600248
1794,XSHG_600284
1795,XSHG_600326
1796,XSHG_600491
1797,XSHG_600502
1798,XSHG_600512
1799,XSHG_600528
1800,XSHG_600545
1801,XSHG_600610
1802,XSHG_600629
1803,XSHG_600769
1804,XSHG_600820
1805,XSHG_600853
1806,XSHG_600939
1807,XSHG_600970
1808,XSHG_601117
1809,XSHG_601186
1810,XSHG_601390
1811,XSHG_601611
1812,XSHG_601618
1813,XSHG_601668
1814,XSHG_601669
1815,XSHG_601789
1816,XSHG_601800
1817,XSHG_603007
1818,XSHG_603017
1819,XSHG_603018
1820,XSHG_603060
1821,XSHG_603388
1822,XSHG_603637
1823,XSHG_603778
1824,XSHG_603843
1825,XSHG_603887
1826,XSHG_603909
1827,XSHG_603955
1828,XSHG_603959
1829,XSHG_603979
1830,XSHG_603717
1831,XSHG_600408
1832,XSHG_600721
1833,XSHG_600725
1834,XSHG_600740
1835,XSHG_600792
1836,XSHG_601011
1837,XSHG_601015
1838,XSHG_600258
1839,XSHG_600640
1840,XSHG_600754
1841,XSHG_601007
1842,XSHG_600029
1843,XSHG_600115
1844,XSHG_600221
1845,XSHG_601021
1846,XSHG_601111
1847,XSHG_603885
1848,XSHG_600172
1849,XSHG_600516
1850,XSHG_600783
1851,XSHG_603663
1852,XSHG_603688
1853,XSHG_600189
1854,XSHG_600265
1855,XSHG_601996
1856,XSHG_600012
1857,XSHG_600020
1858,XSHG_600033
1859,XSHG_600035
1860,XSHG_600106
1861,XSHG_600269
1862,XSHG_600350
1863,XSHG_600368
1864,XSHG_600377
1865,XSHG_600548
1866,XSHG_601107
1867,XSHG_601188
1868,XSHG_601518
1869,XSHG_600138
1870,XSHG_600358
1871,XSHG_600706
1872,XSHG_601888
1873,XSHG_603099
1874,XSHG_603199
1875,XSHG_603869
1876,XSHG_600054
1877,XSHG_600555
1878,XSHG_600593
1879,XSHG_600749
1880,XSHG_600219
1881,XSHG_600595
1882,XSHG_600673
1883,XSHG_600768
1884,XSHG_600888
1885,XSHG_601388
1886,XSHG_601600
1887,XSHG_601677
1888,XSHG_600121
1889,XSHG_600123
1890,XSHG_600157
1891,XSHG_600188
1892,XSHG_600348
1893,XSHG_600395
1894,XSHG_600397
1895,XSHG_600403
1896,XSHG_600508
1897,XSHG_600546
1898,XSHG_600714
1899,XSHG_600758
1900,XSHG_600971
1901,XSHG_600997
1902,XSHG_601001
1903,XSHG_601088
1904,XSHG_601101
1905,XSHG_601225
1906,XSHG_601666
1907,XSHG_601699
1908,XSHG_601898
1909,XSHG_601918
1910,XSHG_600099
1911,XSHG_600877
1912,XSHG_601777
1913,XSHG_603766
1914,XSHG_600096
1915,XSHG_600226
1916,XSHG_600227
1917,XSHG_600230
1918,XSHG_600389
1919,XSHG_600423
1920,XSHG_600426
1921,XSHG_600470
1922,XSHG_600486
1923,XSHG_600538
1924,XSHG_600596
1925,XSHG_600691
1926,XSHG_600727
1927,XSHG_600731
1928,XSHG_600796
1929,XSHG_600803
1930,XSHG_603599
1931,XSHG_603639
1932,XSHG_600108
1933,XSHG_600127
1934,XSHG_600251
1935,XSHG_600275
1936,XSHG_600359
1937,XSHG_600965
1938,XSHG_600975
1939,XSHG_603336
1940,XSHG_600218
1941,XSHG_601038
1942,XSHG_603789
1943,XSHG_600753
1944,XSHG_600132
1945,XSHG_600573
1946,XSHG_600600
1947,XSHG_600010
1948,XSHG_600019
1949,XSHG_600022
1950,XSHG_600126
1951,XSHG_600231
1952,XSHG_600282
1953,XSHG_600307
1954,XSHG_600532
1955,XSHG_600569
1956,XSHG_600581
1957,XSHG_600608
1958,XSHG_600784
1959,XSHG_600808
1960,XSHG_601003
1961,XSHG_601005
1962,XSHG_601969
1963,XSHG_600076
1964,XSHG_600155
1965,XSHG_600321
1966,XSHG_603616
1967,XSHG_603969
1968,XSHG_600122
1969,XSHG_603777
1970,XSHG_600297
1971,XSHG_600653
1972,XSHG_601258
1973,XSHG_601965
1974,XSHG_603377
1975,XSHG_600081
1976,XSHG_600093
1977,XSHG_600148
1978,XSHG_600178
1979,XSHG_600182
1980,XSHG_600335
1981,XSHG_600469
1982,XSHG_600480
1983,XSHG_600501
1984,XSHG_600523
1985,XSHG_600623
1986,XSHG_600660
1987,XSHG_600698
1988,XSHG_600699
1989,XSHG_600741
1990,XSHG_600742
1991,XSHG_600960
1992,XSHG_601058
1993,XSHG_601127
1994,XSHG_601163
1995,XSHG_601500
1996,XSHG_601689
1997,XSHG_601799
1998,XSHG_601966
1999,XSHG_603006
2000,XSHG_603009
2001,XSHG_603023
2002,XSHG_603035
2003,XSHG_603037
2004,XSHG_603089
2005,XSHG_603158
2006,XSHG_603166
2007,XSHG_603179
2008,XSHG_603239
2009,XSHG_603306
2010,XSHG_603319
2011,XSHG_603358
2012,XSHG_603701
2013,XSHG_603768
2014,XSHG_603788
2015,XSHG_603997
2016,XSHG_603178
2017,XSHG_603586
2018,XSHG_600006
2019,XSHG_600066
2020,XSHG_600104
2021,XSHG_600166
2022,XSHG_600213
2023,XSHG_600262
2024,XSHG_600303
2025,XSHG_600375
2026,XSHG_600418
2027,XSHG_600609
2028,XSHG_600686
2029,XSHG_600760
2030,XSHG_601238
2031,XSHG_601633
2032,XSHG_600331
2033,XSHG_600338
2034,XSHG_600497
2035,XSHG_600531
2036,XSHG_600961
2037,XSHG_601020
2038,XSHG_600052
2039,XSHG_600053
2040,XSHG_600094
2041,XSHG_600095
2042,XSHG_600113
2043,XSHG_600159
2044,XSHG_600185
2045,XSHG_600223
2046,XSHG_600225
2047,XSHG_600239
2048,XSHG_600246
2049,XSHG_600266
2050,XSHG_600322
2051,XSHG_600325
2052,XSHG_600340
2053,XSHG_600376
2054,XSHG_600466
2055,XSHG_600503
2056,XSHG_600533
2057,XSHG_600568
2058,XSHG_600622
2059,XSHG_600638
2060,XSHG_600641
2061,XSHG_600649
2062,XSHG_600675
2063,XSHG_600683
2064,XSHG_600696
2065,XSHG_600716
2066,XSHG_600724
2067,XSHG_600733
2068,XSHG_600743
2069,XSHG_600773
2070,XSHG_600807
2071,XSHG_600890
2072,XSHG_601155
2073,XSHG_601588
2074,XSHG_600732
2075,XSHG_600048
2076,XSHG_600067
2077,XSHG_600077
2078,XSHG_600162
2079,XSHG_600173
2080,XSHG_600208
2081,XSHG_600240
2082,XSHG_600383
2083,XSHG_600393
2084,XSHG_600510
2085,XSHG_600565
2086,XSHG_600606
2087,XSHG_600621
2088,XSHG_600657
2089,XSHG_600665
2090,XSHG_600684
2091,XSHG_600708
2092,XSHG_600748
2093,XSHG_600791
2094,XSHG_600823
2095,XSHG_600352
2096,XSHG_603188
2097,XSHG_603737
2098,XSHG_603823
2099,XSHG_603826
2100,XSHG_600249
2101,XSHG_600315
2102,XSHG_603630
2103,XSHG_600419
2104,XSHG_600429
2105,XSHG_600597
2106,XSHG_600882
2107,XSHG_600887
2108,XSHG_600288
2109,XSHG_600289
2110,XSHG_600406
2111,XSHG_600410
2112,XSHG_600446
2113,XSHG_600455
2114,XSHG_600476
2115,XSHG_600536
2116,XSHG_600556
2117,XSHG_600570
2118,XSHG_600571
2119,XSHG_600588
2120,XSHG_600602
2121,XSHG_600654
2122,XSHG_600718
2123,XSHG_600728
2124,XSHG_600756
2125,XSHG_600797
2126,XSHG_600845
2127,XSHG_600850
2128,XSHG_601519
2129,XSHG_603039
2130,XSHG_603138
2131,XSHG_603189
2132,XSHG_603508
2133,XSHG_603528
2134,XSHG_603636
2135,XSHG_603859
2136,XSHG_603918
2137,XSHG_603990
2138,XSHG_600300
2139,XSHG_600962
2140,XSHG_600058
2141,XSHG_600120
2142,XSHG_600128
2143,XSHG_600153
2144,XSHG_600241
2145,XSHG_600247
2146,XSHG_600250
2147,XSHG_600278
2148,XSHG_600287
2149,XSHG_600382
2150,XSHG_600500
2151,XSHG_600605
2152,XSHG_600704
2153,XSHG_600735
2154,XSHG_600739
2155,XSHG_600755
2156,XSHG_600822
2157,XSHG_600826
2158,XSHG_600981
2159,XSHG_600415
2160,XSHG_600790
2161,XSHG_600161
2162,XSHG_600201
2163,XSHG_600645
2164,XSHG_600867
2165,XSHG_603566
2166,XSHG_603718
2167,XSHG_600028
2168,XSHG_600339
2169,XSHG_600688
2170,XSHG_603798
2171,XSHG_600256
2172,XSHG_600583
2173,XSHG_600759
2174,XSHG_600871
2175,XSHG_601808
2176,XSHG_601857
2177,XSHG_603727
2178,XSHG_600387
2179,XSHG_603003
2180,XSHG_600073
2181,XSHG_600186
2182,XSHG_600191
2183,XSHG_600298
2184,XSHG_600305
2185,XSHG_600737
2186,XSHG_600866
2187,XSHG_600872
2188,XSHG_600873
2189,XSHG_603020
2190,XSHG_603027
2191,XSHG_603288
2192,XSHG_603345
2193,XSHG_603517
2194,XSHG_603696
2195,XSHG_603866
2196,XSHG_603886
2197,XSHG_600101
2198,XSHG_600116
2199,XSHG_600131
2200,XSHG_600236
2201,XSHG_600310
2202,XSHG_600452
2203,XSHG_600505
2204,XSHG_600644
2205,XSHG_600674
2206,XSHG_600868
2207,XSHG_600886
2208,XSHG_600900
2209,XSHG_600969
2210,XSHG_600979
2211,XSHG_600995
2212,XSHG_600425
2213,XSHG_600449
2214,XSHG_600539
2215,XSHG_600585
2216,XSHG_600668
2217,XSHG_600678
2218,XSHG_600720
2219,XSHG_600801
2220,XSHG_600802
2221,XSHG_600881
2222,XSHG_600883
2223,XSHG_601992
2224,XSHG_600168
2225,XSHG_600187
2226,XSHG_600283
2227,XSHG_600323
2228,XSHG_600461
2229,XSHG_601158
2230,XSHG_601199
2231,XSHG_601368
2232,XSHG_600026
2233,XSHG_600242
2234,XSHG_600428
2235,XSHG_600575
2236,XSHG_600692
2237,XSHG_600751
2238,XSHG_600798
2239,XSHG_600896
2240,XSHG_601866
2241,XSHG_601872
2242,XSHG_601919
2243,XSHG_603167
2244,XSHG_600195
2245,XSHG_600438
2246,XSHG_603609
2247,XSHG_603668
2248,XSHG_600143
2249,XSHG_600146
2250,XSHG_600444
2251,XSHG_600458
2252,XSHG_600589
2253,XSHG_603266
2254,XSHG_603330
2255,XSHG_603615
2256,XSHG_603806
2257,XSHG_603991
2258,XSHG_600145
2259,XSHG_603268
2260,XSHG_603838
2261,XSHG_600117
2262,XSHG_600399
2263,XSHG_600507
2264,XSHG_600125
2265,XSHG_601006
2266,XSHG_601333
2267,XSHG_600105
2268,XSHG_600130
2269,XSHG_600198
2270,XSHG_600260
2271,XSHG_600345
2272,XSHG_600485
2273,XSHG_600487
2274,XSHG_600498
2275,XSHG_600522
2276,XSHG_600562
2277,XSHG_600677
2278,XSHG_600680
2279,XSHG_600745
2280,XSHG_600764
2281,XSHG_600775
2282,XSHG_600776
2283,XSHG_600990
2284,XSHG_603118
2285,XSHG_603322
2286,XSHG_603421
2287,XSHG_603559
2288,XSHG_603660
2289,XSHG_600139
2290,XSHG_600255
2291,XSHG_600362
2292,XSHG_600490
2293,XSHG_601137
2294,XSHG_601168
2295,XSHG_601212
2296,XSHG_600158
2297,XSHG_600234
2298,XSHG_600661
2299,XSHG_600679
2300,XSHG_600818
2301,XSHG_603398
2302,XSHG_603899
2303,XSHG_601118
2304,XSHG_603033
2305,XSHG_600111
2306,XSHG_600259
2307,XSHG_600295
2308,XSHG_600390
2309,XSHG_600392
2310,XSHG_600432
2311,XSHG_600456
2312,XSHG_600459
2313,XSHG_600549
2314,XSHG_600615
2315,XSHG_600711
2316,XSHG_601958
2317,XSHG_603399
2318,XSHG_603799
2319,XSHG_603993
2320,XSHG_600163
2321,XSHG_600277
2322,XSHG_601016
2323,XSHG_601985
2324,XSHG_600055
2325,XSHG_600381
2326,XSHG_600530
2327,XSHG_600587
2328,XSHG_600763
2329,XSHG_600767
2330,XSHG_603309
2331,XSHG_603579
2332,XSHG_603658
2333,XSHG_603987
2334,XSHG_600056
2335,XSHG_600090
2336,XSHG_600511
2337,XSHG_600713
2338,XSHG_600829
2339,XSHG_600833
2340,XSHG_600998
2341,XSHG_601607
2342,XSHG_603108
2343,XSHG_603368
2344,XSHG_603716
2345,XSHG_603883
2346,XSHG_603939
2347,XSHG_600000
2348,XSHG_600015
2349,XSHG_600016
2350,XSHG_600036
2351,XSHG_600908
2352,XSHG_600919
2353,XSHG_600926
2354,XSHG_601009
2355,XSHG_601128
2356,XSHG_601166
2357,XSHG_601169
2358,XSHG_601229
2359,XSHG_601288
2360,XSHG_601328
2361,XSHG_601398
2362,XSHG_601818
2363,XSHG_601939
2364,XSHG_601988
2365,XSHG_601997
2366,XSHG_601998
2367,XSHG_603323
2368,XSHG_600037
2369,XSHG_600088
2370,XSHG_600136
2371,XSHG_600576
2372,XSHG_600637
2373,XSHG_600715
2374,XSHG_600831
2375,XSHG_600892
2376,XSHG_600936
2377,XSHG_600959
2378,XSHG_600977
2379,XSHG_600996
2380,XSHG_601595
2381,XSHG_601599
2382,XSHG_601929
2383,XSHG_603598
2384,XSHG_600097
2385,XSHG_600257
2386,XSHG_600467
2387,XSHG_600071
2388,XSHG_600183
2389,XSHG_600203
2390,XSHG_600207
2391,XSHG_600237
2392,XSHG_600330
2393,XSHG_600353
2394,XSHG_600355
2395,XSHG_600363
2396,XSHG_600462
2397,XSHG_600478
2398,XSHG_600563
2399,XSHG_600666
2400,XSHG_600707
2401,XSHG_600980
2402,XSHG_601231
2403,XSHG_603133
2404,XSHG_603160
2405,XSHG_603186
2406,XSHG_603228
2407,XSHG_603328
2408,XSHG_603633
2409,XSHG_603678
2410,XSHG_603738
2411,XSHG_603936
2412,XSHG_603989
2413,XSHG_600007
2414,XSHG_600064
2415,XSHG_600082
2416,XSHG_600133
2417,XSHG_600215
2418,XSHG_600463
2419,XSHG_600604
2420,XSHG_600639
2421,XSHG_600648
2422,XSHG_600658
2423,XSHG_600663
2424,XSHG_600736
2425,XSHG_600848
2426,XSHG_600895
2427,XSHG_600495
2428,XSHG_600835
2429,XSHG_600894
2430,XSHG_600967
2431,XSHG_601313
2432,XSHG_601766
2433,XSHG_603111
2434,XSHG_603611
2435,XSHG_600069
2436,XSHG_600103
2437,XSHG_600235
2438,XSHG_600308
2439,XSHG_600356
2440,XSHG_600433
2441,XSHG_600567
2442,XSHG_600793
2443,XSHG_600963
2444,XSHG_600966
2445,XSHG_603165
2446,XSHG_600030
2447,XSHG_600061
2448,XSHG_600109
2449,XSHG_600369
2450,XSHG_600837
2451,XSHG_600909
2452,XSHG_600958
2453,XSHG_600999
2454,XSHG_601099
2455,XSHG_601198
2456,XSHG_601211
2457,XSHG_601375
2458,XSHG_601377
2459,XSHG_601555
2460,XSHG_601688
2461,XSHG_601788
2462,XSHG_601881
2463,XSHG_601901
2464,XSHG_600080
2465,XSHG_600085
2466,XSHG_600129
2467,XSHG_600211
2468,XSHG_600222
2469,XSHG_600252
2470,XSHG_600285
2471,XSHG_600329
2472,XSHG_600332
2473,XSHG_600351
2474,XSHG_600422
2475,XSHG_600436
2476,XSHG_600479
2477,XSHG_600518
2478,XSHG_600535
2479,XSHG_600557
2480,XSHG_600566
2481,XSHG_600572
2482,XSHG_600594
2483,XSHG_600613
2484,XSHG_600671
2485,XSHG_600750
2486,XSHG_600771
2487,XSHG_600781
2488,XSHG_600976
2489,XSHG_600993
2490,XSHG_603567
2491,XSHG_603858
2492,XSHG_603998
2493,XSHG_600313
2494,XSHG_600354
2495,XSHG_600371
2496,XSHG_600506
2497,XSHG_600540
2498,XSHG_600598
2499,XSHG_600184
2500,XSHG_600435
2501,XSHG_600475
2502,XSHG_600499
2503,XSHG_600855
2504,XSHG_600860
2505,XSHG_601226
2506,XSHG_601608
2507,XSHG_603012
2508,XSHG_603029
2509,XSHG_603036
2510,XSHG_603066
2511,XSHG_603085
2512,XSHG_603088
2513,XSHG_603090
2514,XSHG_603131
2515,XSHG_603159
2516,XSHG_603169
2517,XSHG_603203
2518,XSHG_603298
2519,XSHG_603308
2520,XSHG_603311
2521,XSHG_603318
2522,XSHG_603338
2523,XSHG_603339
2524,XSHG_603626
2525,XSHG_603638
2526,XSHG_603656
2527,XSHG_603686
2528,XSHG_603690
2529,XSHG_603698
2530,XSHG_603699
2531,XSHG_603800
2532,XSHG_603901
2533,XSHG_603960
2534,XSHG_600193
2535,XSHG_601886
2536,XSHG_603030
2537,XSHG_603038
2538,XSHG_603098
2539,XSHG_603828
2540,XSHG_603929
2541,XSHG_600051
2542,XSHG_600149
2543,XSHG_600175
2544,XSHG_600200
2545,XSHG_600209
2546,XSHG_600212
2547,XSHG_600603
2548,XSHG_600614
2549,XSHG_600620
2550,XSHG_600624
2551,XSHG_600647
2552,XSHG_600701
2553,XSHG_600730
2554,XSHG_600770
2555,XSHG_600777
2556,XSHG_600800
2557,XSHG_600805
2558,XSHG_600811
2559,XSHG_600846