0,name
1,XSHE_000568
2,XSHE_000596
3,XSHE_000799
4,XSHE_000858
5,XSHE_000860
6,XSHE_000995
7,XSHE_002304
8,XSHE_002646
9,XSHE_000417
10,XSHE_000419
11,XSHE_000501
12,XSHE_000516
13,XSHE_000560
14,XSHE_000564
15,XSHE_000679
16,XSHE_000715
17,XSHE_000785
18,XSHE_000882
19,XSHE_002187
20,XSHE_002277
21,XSHE_002419
22,XSHE_002561
23,XSHE_300413
24,XSHE_002079
25,XSHE_002119
26,XSHE_002129
27,XSHE_002156
28,XSHE_002185
29,XSHE_002218
30,XSHE_002371
31,XSHE_002449
32,XSHE_002506
33,XSHE_002638
34,XSHE_002654
35,XSHE_002724
36,XSHE_002745
37,XSHE_002815
38,XSHE_300046
39,XSHE_300053
40,XSHE_300077
41,XSHE_300080
42,XSHE_300102
43,XSHE_300111
44,XSHE_300118
45,XSHE_300223
46,XSHE_300232
47,XSHE_300241
48,XSHE_300269
49,XSHE_300296
50,XSHE_300301
51,XSHE_300303
52,XSHE_300317
53,XSHE_300323
54,XSHE_300327
55,XSHE_300373
56,XSHE_300389
57,XSHE_300582
58,XSHE_300613
59,XSHE_300623
60,XSHE_300625
61,XSHE_300632
62,XSHE_000627
63,XSHE_000012
64,XSHE_002201
65,XSHE_002571
66,XSHE_002623
67,XSHE_300093
68,XSHE_300160
69,XSHE_300196
70,XSHE_300395
71,XSHE_002120
72,XSHE_002183
73,XSHE_002210
74,XSHE_002245
75,XSHE_002352
76,XSHE_002468
77,XSHE_002492
78,XSHE_002711
79,XSHE_002769
80,XSHE_002800
81,XSHE_300013
82,XSHE_300240
83,XSHE_300350
84,XSHE_000759
85,XSHE_002251
86,XSHE_002264
87,XSHE_002336
88,XSHE_002697
89,XSHE_000504
90,XSHE_000719
91,XSHE_000793
92,XSHE_002181
93,XSHE_300148
94,XSHE_300364
95,XSHE_002608
96,XSHE_300008
97,XSHE_300123
98,XSHE_300589
99,XSHE_000021
100,XSHE_000066
101,XSHE_000977
102,XSHE_002152
103,XSHE_002177
104,XSHE_002180
105,XSHE_002308
106,XSHE_002312
107,XSHE_002351
108,XSHE_002362
109,XSHE_002376
110,XSHE_002528
111,XSHE_002577
112,XSHE_002635
113,XSHE_300042
114,XSHE_300045
115,XSHE_300076
116,XSHE_300130
117,XSHE_300282
118,XSHE_300367
119,XSHE_300390
120,XSHE_300449
121,XSHE_000049
122,XSHE_000400
123,XSHE_000585
124,XSHE_000682
125,XSHE_000922
126,XSHE_000967
127,XSHE_002028
128,XSHE_002074
129,XSHE_002112
130,XSHE_002130
131,XSHE_002164
132,XSHE_002168
133,XSHE_002169
134,XSHE_002176
135,XSHE_002202
136,XSHE_002212
137,XSHE_002227
138,XSHE_002249
139,XSHE_002266
140,XSHE_002270
141,XSHE_002276
142,XSHE_002300
143,XSHE_002309
144,XSHE_002334
145,XSHE_002335
146,XSHE_002339
147,XSHE_002346
148,XSHE_002350
149,XSHE_002358
150,XSHE_002364
151,XSHE_002380
152,XSHE_002451
153,XSHE_002452
154,XSHE_002471
155,XSHE_002498
156,XSHE_002531
157,XSHE_002533
158,XSHE_002546
159,XSHE_002560
160,XSHE_002576
161,XSHE_002580
162,XSHE_002606
163,XSHE_002610
164,XSHE_002617
165,XSHE_002622
166,XSHE_002647
167,XSHE_002660
168,XSHE_002665
169,XSHE_002684
170,XSHE_002692
171,XSHE_002706
172,XSHE_002730
173,XSHE_002733
174,XSHE_002782
175,XSHE_002801
176,XSHE_002851
177,XSHE_300001
178,XSHE_300004
179,XSHE_300018
180,XSHE_300040
181,XSHE_300048
182,XSHE_300062
183,XSHE_300068
184,XSHE_300069
185,XSHE_300120
186,XSHE_300125
187,XSHE_300129
188,XSHE_300140
189,XSHE_300141
190,XSHE_300153
191,XSHE_300208
192,XSHE_300215
193,XSHE_300222
194,XSHE_300252
195,XSHE_300265
196,XSHE_300274
197,XSHE_300283
198,XSHE_300341
199,XSHE_300356
200,XSHE_300376
201,XSHE_300407
202,XSHE_300423
203,XSHE_300427
204,XSHE_300438
205,XSHE_300444
206,XSHE_300447
207,XSHE_300477
208,XSHE_300484
209,XSHE_300490
210,XSHE_300491
211,XSHE_300510
212,XSHE_300543
213,XSHE_300593
214,XSHE_300600
215,XSHE_300617
216,XSHE_300626
217,XSHE_002860
218,XSHE_300372
219,XSHE_002024
220,XSHE_002416
221,XSHE_000988
222,XSHE_002008
223,XSHE_002058
224,XSHE_002121
225,XSHE_002175
226,XSHE_002197
227,XSHE_002214
228,XSHE_002236
229,XSHE_002338
230,XSHE_002414
231,XSHE_002415
232,XSHE_002518
233,XSHE_002527
234,XSHE_002767
235,XSHE_002819
236,XSHE_002849
237,XSHE_002857
238,XSHE_300007
239,XSHE_300012
240,XSHE_300066
241,XSHE_300097
242,XSHE_300099
243,XSHE_300105
244,XSHE_300112
245,XSHE_300124
246,XSHE_300165
247,XSHE_300217
248,XSHE_300259
249,XSHE_300286
250,XSHE_300306
251,XSHE_300338
252,XSHE_300349
253,XSHE_300354
254,XSHE_300360
255,XSHE_300370
256,XSHE_300371
257,XSHE_300410
258,XSHE_300416
259,XSHE_300417
260,XSHE_300430
261,XSHE_300445
262,XSHE_300466
263,XSHE_300480
264,XSHE_300515
265,XSHE_300516
266,XSHE_300553
267,XSHE_300557
268,XSHE_300567
269,XSHE_300572
270,XSHE_002093
271,XSHE_002467
272,XSHE_300017
273,XSHE_300383
274,XSHE_000415
275,XSHE_000416
276,XSHE_000563
277,XSHE_000617
278,XSHE_000712
279,XSHE_000987
280,XSHE_002670
281,XSHE_000005
282,XSHE_000056
283,XSHE_000505
284,XSHE_000861
285,XSHE_002285
286,XSHE_002818
287,XSHE_300635
288,XSHE_000045
289,XSHE_000158
290,XSHE_000611
291,XSHE_000726
292,XSHE_000779
293,XSHE_000803
294,XSHE_000850
295,XSHE_000955
296,XSHE_000982
297,XSHE_002034
298,XSHE_002042
299,XSHE_002070
300,XSHE_002072
301,XSHE_002083
302,XSHE_002087
303,XSHE_002144
304,XSHE_002193
305,XSHE_002293
306,XSHE_002327
307,XSHE_002394
308,XSHE_002397
309,XSHE_002404
310,XSHE_002516
311,XSHE_002674
312,XSHE_002761
313,XSHE_300577
314,XSHE_000666
315,XSHE_002021
316,XSHE_002196
317,XSHE_002722
318,XSHE_300307
319,XSHE_300384
320,XSHE_002003
321,XSHE_002029
322,XSHE_002098
323,XSHE_002154
324,XSHE_002269
325,XSHE_002291
326,XSHE_002345
327,XSHE_002356
328,XSHE_002425
329,XSHE_002485
330,XSHE_002486
331,XSHE_002494
332,XSHE_002503
333,XSHE_002563
334,XSHE_002569
335,XSHE_002574
336,XSHE_002612
337,XSHE_002634
338,XSHE_002640
339,XSHE_002656
340,XSHE_002687
341,XSHE_002699
342,XSHE_002721
343,XSHE_002731
344,XSHE_002740
345,XSHE_002762
346,XSHE_002763
347,XSHE_002776
348,XSHE_002832
349,XSHE_300005
350,XSHE_300591
351,XSHE_000717
352,XSHE_000761
353,XSHE_000778
354,XSHE_000890
355,XSHE_000969
356,XSHE_002132
357,XSHE_002359
358,XSHE_002443
359,XSHE_002487
360,XSHE_002541
361,XSHE_002545
362,XSHE_002743
363,XSHE_002843
364,XSHE_300345
365,XSHE_000022
366,XSHE_000088
367,XSHE_000507
368,XSHE_000582
369,XSHE_000905
370,XSHE_002040
371,XSHE_000157
372,XSHE_000425
373,XSHE_000528
374,XSHE_000680
375,XSHE_000811
376,XSHE_000923
377,XSHE_002009
378,XSHE_002011
379,XSHE_002097
380,XSHE_002158
381,XSHE_002459
382,XSHE_002483
383,XSHE_002523
384,XSHE_002526
385,XSHE_002535
386,XSHE_002667
387,XSHE_002685
388,XSHE_300035
389,XSHE_300103
390,XSHE_300185
391,XSHE_300308
392,XSHE_000996
393,XSHE_002357
394,XSHE_002627
395,XSHE_002682
396,XSHE_000407
397,XSHE_000421
398,XSHE_000593
399,XSHE_000669
400,XSHE_000692
401,XSHE_000695
402,XSHE_002267
403,XSHE_002524
404,XSHE_002700
405,XSHE_300335
406,XSHE_000038
407,XSHE_000607
408,XSHE_000659
409,XSHE_000812
410,XSHE_002117
411,XSHE_002188
412,XSHE_002191
413,XSHE_002228
414,XSHE_002229
415,XSHE_002400
416,XSHE_002599
417,XSHE_002701
418,XSHE_002712
419,XSHE_002752
420,XSHE_002787
421,XSHE_002799
422,XSHE_002803
423,XSHE_002812
424,XSHE_002831
425,XSHE_002836
426,XSHE_002846
427,XSHE_300057
428,XSHE_300058
429,XSHE_300071
430,XSHE_300501
431,XSHE_300612
432,XSHE_000738
433,XSHE_000768
434,XSHE_000901
435,XSHE_002013
436,XSHE_002023
437,XSHE_002111
438,XSHE_002260
439,XSHE_300424
440,XSHE_300581
441,XSHE_000557
442,XSHE_000869
443,XSHE_002568
444,XSHE_000676
445,XSHE_000681
446,XSHE_000971
447,XSHE_002095
448,XSHE_002113
449,XSHE_002123
450,XSHE_002127
451,XSHE_002131
452,XSHE_002148
453,XSHE_002174
454,XSHE_002261
455,XSHE_002315
456,XSHE_002354
457,XSHE_002464
458,XSHE_002517
459,XSHE_002555
460,XSHE_300031
461,XSHE_300051
462,XSHE_300052
463,XSHE_300059
464,XSHE_300104
465,XSHE_300113
466,XSHE_300226
467,XSHE_300242
468,XSHE_300295
469,XSHE_300315
470,XSHE_300343
471,XSHE_300392
472,XSHE_300399
473,XSHE_300418
474,XSHE_300431
475,XSHE_300467
476,XSHE_300494
477,XSHE_300571
478,XSHE_300609
479,XSHE_000852
480,XSHE_002278
481,XSHE_002337
482,XSHE_002353
483,XSHE_002430
484,XSHE_002490
485,XSHE_002564
486,XSHE_002698
487,XSHE_300228
488,XSHE_000510
489,XSHE_000545
490,XSHE_000635
491,XSHE_000683
492,XSHE_000698
493,XSHE_000707
494,XSHE_000755
495,XSHE_000818
496,XSHE_000822
497,XSHE_000985
498,XSHE_000990
499,XSHE_002002
500,XSHE_002037
501,XSHE_002054
502,XSHE_002061
503,XSHE_002068
504,XSHE_002092
505,XSHE_002096
506,XSHE_002109
507,XSHE_002125
508,XSHE_002136
509,XSHE_002145
510,XSHE_002165
511,XSHE_002226
512,XSHE_002246
513,XSHE_002250
514,XSHE_002326
515,XSHE_002341
516,XSHE_002360
517,XSHE_002361
518,XSHE_002386
519,XSHE_002407
520,XSHE_002408
521,XSHE_002409
522,XSHE_002442
523,XSHE_002450
524,XSHE_002453
525,XSHE_002455
526,XSHE_002476
527,XSHE_002497
528,XSHE_002562
529,XSHE_002584
530,XSHE_002591
531,XSHE_002597
532,XSHE_002601
533,XSHE_002632
534,XSHE_002643
535,XSHE_002648
536,XSHE_002666
537,XSHE_002669
538,XSHE_002683
539,XSHE_002709
540,XSHE_002741
541,XSHE_002748
542,XSHE_002753
543,XSHE_002783
544,XSHE_002802
545,XSHE_002805
546,XSHE_002809
547,XSHE_002810
548,XSHE_002825
549,XSHE_002827
550,XSHE_300019
551,XSHE_300037
552,XSHE_300041
553,XSHE_300054
554,XSHE_300082
555,XSHE_300107
556,XSHE_300109
557,XSHE_300121
558,XSHE_300132
559,XSHE_300135
560,XSHE_300174
561,XSHE_300200
562,XSHE_300214
563,XSHE_300243
564,XSHE_300387
565,XSHE_300405
566,XSHE_300429
567,XSHE_300437
568,XSHE_300446
569,XSHE_300459
570,XSHE_300481
571,XSHE_300487
572,XSHE_300505
573,XSHE_300530
574,XSHE_300535
575,XSHE_300568
576,XSHE_300586
577,XSHE_300596
578,XSHE_300610
579,XSHE_300637
580,XSHE_000420
581,XSHE_000584
582,XSHE_000677
583,XSHE_000703
584,XSHE_000782
585,XSHE_000936
586,XSHE_000949
587,XSHE_000976
588,XSHE_002015
589,XSHE_002064
590,XSHE_002080
591,XSHE_002172
592,XSHE_002206
593,XSHE_002254
594,XSHE_002427
595,XSHE_002493
596,XSHE_300180
597,XSHE_000153
598,XSHE_000566
599,XSHE_000597
600,XSHE_000606
601,XSHE_000739
602,XSHE_000756
603,XSHE_000788
604,XSHE_000813
605,XSHE_000908
606,XSHE_000915
607,XSHE_000919
608,XSHE_000952
609,XSHE_000963
610,XSHE_002001
611,XSHE_002004
612,XSHE_002019
613,XSHE_002020
614,XSHE_002099
615,XSHE_002102
616,XSHE_002262
617,XSHE_002294
618,XSHE_002365
619,XSHE_002370
620,XSHE_002393
621,XSHE_002399
622,XSHE_002411
623,XSHE_002422
624,XSHE_002437
625,XSHE_002653
626,XSHE_002675
627,XSHE_002688
628,XSHE_002693
629,XSHE_002817
630,XSHE_002826
631,XSHE_300006
632,XSHE_300086
633,XSHE_300110
634,XSHE_300194
635,XSHE_300199
636,XSHE_300233
637,XSHE_300254
638,XSHE_300267
639,XSHE_300363
640,XSHE_300436
641,XSHE_300452
642,XSHE_300497
643,XSHE_300558
644,XSHE_300573
645,XSHE_300584
646,XSHE_300630
647,XSHE_300636
648,XSHE_000035
649,XSHE_000544
650,XSHE_000820
651,XSHE_000826
652,XSHE_000920
653,XSHE_002200
654,XSHE_002322
655,XSHE_002499
656,XSHE_002549
657,XSHE_002573
658,XSHE_002616
659,XSHE_002658
660,XSHE_002672
661,XSHE_300055
662,XSHE_300056
663,XSHE_300070
664,XSHE_300072
665,XSHE_300090
666,XSHE_300137
667,XSHE_300152
668,XSHE_300156
669,XSHE_300172
670,XSHE_300187
671,XSHE_300190
672,XSHE_300197
673,XSHE_300203
674,XSHE_300262
675,XSHE_300272
676,XSHE_300332
677,XSHE_300355
678,XSHE_300362
679,XSHE_300385
680,XSHE_300388
681,XSHE_300422
682,XSHE_300425
683,XSHE_300631
684,XSHE_002155
685,XSHE_002237
686,XSHE_000027
687,XSHE_000037
688,XSHE_000531
689,XSHE_000539
690,XSHE_000543
691,XSHE_000600
692,XSHE_000690
693,XSHE_000720
694,XSHE_000767
695,XSHE_000875
696,XSHE_000883
697,XSHE_000899
698,XSHE_000958
699,XSHE_000966
700,XSHE_001896
701,XSHE_002479
702,XSHE_000089
703,XSHE_000410
704,XSHE_000837
705,XSHE_002248
706,XSHE_002520
707,XSHE_002559
708,XSHE_300161
709,XSHE_300441
710,XSHE_000530
711,XSHE_000570
712,XSHE_000595
713,XSHE_000678
714,XSHE_000777
715,XSHE_000816
716,XSHE_000856
717,XSHE_000880
718,XSHE_000903
719,XSHE_002026
720,XSHE_002046
721,XSHE_002050
722,XSHE_002101
723,XSHE_002122
724,XSHE_002147
725,XSHE_002150
726,XSHE_002272
727,XSHE_002342
728,XSHE_002347
729,XSHE_002418
730,XSHE_002435
731,XSHE_002438
732,XSHE_002472
733,XSHE_002480
734,XSHE_002514
735,XSHE_002552
736,XSHE_002598
737,XSHE_002633
738,XSHE_002747
739,XSHE_002760
740,XSHE_002795
741,XSHE_002823
742,XSHE_002850
743,XSHE_300091
744,XSHE_300095
745,XSHE_300151
746,XSHE_300257
747,XSHE_300260
748,XSHE_300266
749,XSHE_300391
750,XSHE_300420
751,XSHE_300421
752,XSHE_300435
753,XSHE_300464
754,XSHE_300470
755,XSHE_300488
756,XSHE_300503
757,XSHE_300611
758,XSHE_000910
759,XSHE_002084
760,XSHE_002240
761,XSHE_002259
762,XSHE_002489
763,XSHE_002572
764,XSHE_002615
765,XSHE_002631
766,XSHE_002718
767,XSHE_002751
768,XSHE_002757
769,XSHE_002790
770,XSHE_002798
771,XSHE_002853
772,XSHE_300616
773,XSHE_000016
774,XSHE_000100
775,XSHE_000333
776,XSHE_000418
777,XSHE_000521
778,XSHE_000533
779,XSHE_000541
780,XSHE_000651
781,XSHE_000810
782,XSHE_000921
783,XSHE_002005
784,XSHE_002032
785,XSHE_002035
786,XSHE_002076
787,XSHE_002242
788,XSHE_002290
789,XSHE_002403
790,XSHE_002429
791,XSHE_002473
792,XSHE_002508
793,XSHE_002543
794,XSHE_002668
795,XSHE_002677
796,XSHE_002681
797,XSHE_002705
798,XSHE_002723
799,XSHE_002759
800,XSHE_300403
801,XSHE_000010
802,XSHE_000065
803,XSHE_000090
804,XSHE_000498
805,XSHE_000928
806,XSHE_000961
807,XSHE_002051
808,XSHE_002060
809,XSHE_002062
810,XSHE_002116
811,XSHE_002135
812,XSHE_002140
813,XSHE_002178
814,XSHE_002307
815,XSHE_002310
816,XSHE_002323
817,XSHE_002374
818,XSHE_002431
819,XSHE_002469
820,XSHE_002542
821,XSHE_002586
822,XSHE_002628
823,XSHE_002659
824,XSHE_002663
825,XSHE_002717
826,XSHE_002738
827,XSHE_002755
828,XSHE_002775
829,XSHE_300237
830,XSHE_300284
831,XSHE_300492
832,XSHE_300495
833,XSHE_300500
834,XSHE_300506
835,XSHE_300517
836,XSHE_300536
837,XSHE_000723
838,XSHE_000007
839,XSHE_000428
840,XSHE_000524
841,XSHE_000721
842,XSHE_002186
843,XSHE_002306
844,XSHE_000033
845,XSHE_000099
846,XSHE_000511
847,XSHE_000519
848,XSHE_000795
849,XSHE_002088
850,XSHE_002297
851,XSHE_300064
852,XSHE_300073
853,XSHE_300179
854,XSHE_300606
855,XSHE_300629
856,XSHE_000592
857,XSHE_000663
858,XSHE_002679
859,XSHE_000429
860,XSHE_000548
861,XSHE_000828
862,XSHE_000886
863,XSHE_000900
864,XSHE_000916
865,XSHE_000610
866,XSHE_000613
867,XSHE_000796
868,XSHE_000802
869,XSHE_002558
870,XSHE_002707
871,XSHE_300178
872,XSHE_000069
873,XSHE_000430
874,XSHE_000888
875,XSHE_000978
876,XSHE_002033
877,XSHE_002059
878,XSHE_002159
879,XSHE_300144
880,XSHE_000612
881,XSHE_000807
882,XSHE_002082
883,XSHE_002160
884,XSHE_002333
885,XSHE_002379
886,XSHE_002501
887,XSHE_002540
888,XSHE_002578
889,XSHE_002824
890,XSHE_300328
891,XSHE_300337
892,XSHE_300428
893,XSHE_300489
894,XSHE_000552
895,XSHE_000571
896,XSHE_000780
897,XSHE_000933
898,XSHE_000937
899,XSHE_000968
900,XSHE_000983
901,XSHE_002128
902,XSHE_000913
903,XSHE_001696
904,XSHE_000422
905,XSHE_000525
906,XSHE_000553
907,XSHE_000731
908,XSHE_000792
909,XSHE_000830
910,XSHE_000902
911,XSHE_000912
912,XSHE_000950
913,XSHE_000953
914,XSHE_002018
915,XSHE_002170
916,XSHE_002215
917,XSHE_002258
918,XSHE_002274
919,XSHE_002391
920,XSHE_002470
921,XSHE_002496
922,XSHE_002513
923,XSHE_002538
924,XSHE_002539
925,XSHE_002588
926,XSHE_002734
927,XSHE_002749
928,XSHE_300261
929,XSHE_300575
930,XSHE_000155
931,XSHE_000061
932,XSHE_000735
933,XSHE_000930
934,XSHE_002173
935,XSHE_002234
936,XSHE_002299
937,XSHE_002321
938,XSHE_002458
939,XSHE_002477
940,XSHE_002505
941,XSHE_002714
942,XSHE_002746
943,XSHE_300021
944,XSHE_300106
945,XSHE_300268
946,XSHE_300313
947,XSHE_300498
948,XSHE_002532
949,XSHE_002779
950,XSHE_300159
951,XSHE_000587
952,XSHE_000638
953,XSHE_000652
954,XSHE_000906
955,XSHE_002441
956,XSHE_300538
957,XSHE_000729
958,XSHE_000752
959,XSHE_000929
960,XSHE_002461
961,XSHE_000629
962,XSHE_000655
963,XSHE_000709
964,XSHE_000898
965,XSHE_000932
966,XSHE_000959
967,XSHE_002110
968,XSHE_002478
969,XSHE_000023
970,XSHE_000055
971,XSHE_000509
972,XSHE_000619
973,XSHE_000786
974,XSHE_002043
975,XSHE_002066
976,XSHE_002205
977,XSHE_002225
978,XSHE_002271
979,XSHE_002372
980,XSHE_002392
981,XSHE_002398
982,XSHE_002596
983,XSHE_002652
984,XSHE_002671
985,XSHE_002742
986,XSHE_002785
987,XSHE_002791
988,XSHE_300163
989,XSHE_300344
990,XSHE_300374
991,XSHE_000026
992,XSHE_000829
993,XSHE_002556
994,XSHE_002780
995,XSHE_300022
996,XSHE_300622
997,XSHE_000025
998,XSHE_000753
999,XSHE_002607
1000,XSHE_300100
1001,XSHE_000030
1002,XSHE_000338
1003,XSHE_000559
1004,XSHE_000581
1005,XSHE_000589
1006,XSHE_000599
1007,XSHE_000622
1008,XSHE_000700
1009,XSHE_000710
1010,XSHE_000757
1011,XSHE_000760
1012,XSHE_000980
1013,XSHE_002031
1014,XSHE_002048
1015,XSHE_002085
1016,XSHE_002126
1017,XSHE_002190
1018,XSHE_002213
1019,XSHE_002239
1020,XSHE_002265
1021,XSHE_002283
1022,XSHE_002284
1023,XSHE_002328
1024,XSHE_002355
1025,XSHE_002363
1026,XSHE_002406
1027,XSHE_002434
1028,XSHE_002448
1029,XSHE_002454
1030,XSHE_002488
1031,XSHE_002510
1032,XSHE_002536
1033,XSHE_002553
1034,XSHE_002590
1035,XSHE_002592
1036,XSHE_002593
1037,XSHE_002602
1038,XSHE_002625
1039,XSHE_002662
1040,XSHE_002664
1041,XSHE_002703
1042,XSHE_002708
1043,XSHE_002715
1044,XSHE_002725
1045,XSHE_002765
1046,XSHE_002766
1047,XSHE_002813
1048,XSHE_300176
1049,XSHE_300258
1050,XSHE_300304
1051,XSHE_300375
1052,XSHE_300432
1053,XSHE_300473
1054,XSHE_300507
1055,XSHE_300580
1056,XSHE_300585
1057,XSHE_000550
1058,XSHE_000572
1059,XSHE_000625
1060,XSHE_000800
1061,XSHE_000868
1062,XSHE_000927
1063,XSHE_000951
1064,XSHE_000957
1065,XSHE_002537
1066,XSHE_002594
1067,XSHE_000060
1068,XSHE_000426
1069,XSHE_000603
1070,XSHE_000688
1071,XSHE_000751
1072,XSHE_000758
1073,XSHE_000975
1074,XSHE_002114
1075,XSHE_000039
1076,XSHE_000821
1077,XSHE_002209
1078,XSHE_002282
1079,XSHE_002444
1080,XSHE_002611
1081,XSHE_300126
1082,XSHE_300173
1083,XSHE_300195
1084,XSHE_300442
1085,XSHE_000006
1086,XSHE_000011
1087,XSHE_000029
1088,XSHE_000506
1089,XSHE_000514
1090,XSHE_000517
1091,XSHE_000534
1092,XSHE_000537
1093,XSHE_000540
1094,XSHE_000567
1095,XSHE_000573
1096,XSHE_000608
1097,XSHE_000609
1098,XSHE_000631
1099,XSHE_000656
1100,XSHE_000668
1101,XSHE_000671
1102,XSHE_000691
1103,XSHE_000718
1104,XSHE_000732
1105,XSHE_000809
1106,XSHE_000838
1107,XSHE_000863
1108,XSHE_000897
1109,XSHE_000926
1110,XSHE_000931
1111,XSHE_000965
1112,XSHE_000979
1113,XSHE_000981
1114,XSHE_002016
1115,XSHE_002077
1116,XSHE_002208
1117,XSHE_002244
1118,XSHE_002305
1119,XSHE_002314
1120,XSHE_000002
1121,XSHE_000014
1122,XSHE_000031
1123,XSHE_000036
1124,XSHE_000040
1125,XSHE_000042
1126,XSHE_000043
1127,XSHE_000046
1128,XSHE_000402
1129,XSHE_000615
1130,XSHE_000616
1131,XSHE_000620
1132,XSHE_000667
1133,XSHE_000736
1134,XSHE_000797
1135,XSHE_000918
1136,XSHE_001979
1137,XSHE_002133
1138,XSHE_002146
1139,XSHE_000565
1140,XSHE_002010
1141,XSHE_002256
1142,XSHE_002319
1143,XSHE_002440
1144,XSHE_300063
1145,XSHE_300067
1146,XSHE_300192
1147,XSHE_300225
1148,XSHE_300236
1149,XSHE_300398
1150,XSHE_300522
1151,XSHE_300537
1152,XSHE_300576
1153,XSHE_000523
1154,XSHE_000737
1155,XSHE_002094
1156,XSHE_002637
1157,XSHE_002329
1158,XSHE_002570
1159,XSHE_002719
1160,XSHE_002732
1161,XSHE_002770
1162,XSHE_000555
1163,XSHE_000662
1164,XSHE_000711
1165,XSHE_000851
1166,XSHE_000938
1167,XSHE_000948
1168,XSHE_000997
1169,XSHE_002027
1170,XSHE_002063
1171,XSHE_002065
1172,XSHE_002073
1173,XSHE_002090
1174,XSHE_002153
1175,XSHE_002184
1176,XSHE_002195
1177,XSHE_002230
1178,XSHE_002232
1179,XSHE_002253
1180,XSHE_002268
1181,XSHE_002279
1182,XSHE_002280
1183,XSHE_002298
1184,XSHE_002316
1185,XSHE_002331
1186,XSHE_002368
1187,XSHE_002373
1188,XSHE_002401
1189,XSHE_002405
1190,XSHE_002410
1191,XSHE_002421
1192,XSHE_002439
1193,XSHE_002474
1194,XSHE_002544
1195,XSHE_002609
1196,XSHE_002642
1197,XSHE_002649
1198,XSHE_002657
1199,XSHE_002771
1200,XSHE_002777
1201,XSHE_300002
1202,XSHE_300010
1203,XSHE_300020
1204,XSHE_300033
1205,XSHE_300036
1206,XSHE_300044
1207,XSHE_300047
1208,XSHE_300050
1209,XSHE_300065
1210,XSHE_300075
1211,XSHE_300085
1212,XSHE_300096
1213,XSHE_300150
1214,XSHE_300166
1215,XSHE_300168
1216,XSHE_300170
1217,XSHE_300182
1218,XSHE_300183
1219,XSHE_300188
1220,XSHE_300209
1221,XSHE_300212
1222,XSHE_300229
1223,XSHE_300231
1224,XSHE_300235
1225,XSHE_300245
1226,XSHE_300248
1227,XSHE_300253
1228,XSHE_300271
1229,XSHE_300275
1230,XSHE_300277
1231,XSHE_300287
1232,XSHE_300288
1233,XSHE_300290
1234,XSHE_300297
1235,XSHE_300300
1236,XSHE_300302
1237,XSHE_300311
1238,XSHE_300324
1239,XSHE_300330
1240,XSHE_300339
1241,XSHE_300348
1242,XSHE_300352
1243,XSHE_300365
1244,XSHE_300366
1245,XSHE_300369
1246,XSHE_300377
1247,XSHE_300378
1248,XSHE_300379
1249,XSHE_300380
1250,XSHE_300386
1251,XSHE_300419
1252,XSHE_300440
1253,XSHE_300448
1254,XSHE_300451
1255,XSHE_300465
1256,XSHE_300468
1257,XSHE_300469
1258,XSHE_300479
1259,XSHE_300496
1260,XSHE_300508
1261,XSHE_300513
1262,XSHE_300518
1263,XSHE_300520
1264,XSHE_300523
1265,XSHE_300525
1266,XSHE_300531
1267,XSHE_300532
1268,XSHE_300533
1269,XSHE_300541
1270,XSHE_300542
1271,XSHE_300550
1272,XSHE_300552
1273,XSHE_300556
1274,XSHE_300559
1275,XSHE_300561
1276,XSHE_300579
1277,XSHE_300588
1278,XSHE_300592
1279,XSHE_300598
1280,XSHE_300605
1281,XSHE_300608
1282,XSHE_000019
1283,XSHE_000848
1284,XSHE_002387
1285,XSHE_000062
1286,XSHE_000151
1287,XSHE_000408
1288,XSHE_000626
1289,XSHE_002091
1290,XSHE_002344
1291,XSHE_000004
1292,XSHE_000078
1293,XSHE_000403
1294,XSHE_000518
1295,XSHE_000661
1296,XSHE_000806
1297,XSHE_002007
1298,XSHE_002030
1299,XSHE_002038
1300,XSHE_002252
1301,XSHE_002332
1302,XSHE_002550
1303,XSHE_002581
1304,XSHE_002680
1305,XSHE_002821
1306,XSHE_300009
1307,XSHE_300119
1308,XSHE_300122
1309,XSHE_300142
1310,XSHE_300204
1311,XSHE_300239
1312,XSHE_300255
1313,XSHE_300289
1314,XSHE_300294
1315,XSHE_300357
1316,XSHE_300406
1317,XSHE_300482
1318,XSHE_300485
1319,XSHE_300583
1320,XSHE_300601
1321,XSHE_000059
1322,XSHE_000637
1323,XSHE_000819
1324,XSHE_002377
1325,XSHE_002778
1326,XSHE_002207
1327,XSHE_002554
1328,XSHE_002629
1329,XSHE_002828
1330,XSHE_300084
1331,XSHE_300157
1332,XSHE_300164
1333,XSHE_300191
1334,XSHE_000096
1335,XSHE_000159
1336,XSHE_000554
1337,XSHE_002221
1338,XSHE_000529
1339,XSHE_000639
1340,XSHE_000716
1341,XSHE_000893
1342,XSHE_000895
1343,XSHE_000911
1344,XSHE_000972
1345,XSHE_002053
1346,XSHE_002216
1347,XSHE_002220
1348,XSHE_002286
1349,XSHE_002330
1350,XSHE_002481
1351,XSHE_002495
1352,XSHE_002507
1353,XSHE_002515
1354,XSHE_002557
1355,XSHE_002582
1356,XSHE_002604
1357,XSHE_002626
1358,XSHE_002650
1359,XSHE_002661
1360,XSHE_002695
1361,XSHE_002702
1362,XSHE_002726
1363,XSHE_002820
1364,XSHE_002840
1365,XSHE_002847
1366,XSHE_002852
1367,XSHE_300138
1368,XSHE_300146
1369,XSHE_300149
1370,XSHE_300175
1371,XSHE_300401
1372,XSHE_000601
1373,XSHE_000722
1374,XSHE_000791
1375,XSHE_000993
1376,XSHE_002039
1377,XSHE_000401
1378,XSHE_000546
1379,XSHE_000672
1380,XSHE_000789
1381,XSHE_000877
1382,XSHE_000885
1383,XSHE_000935
1384,XSHE_002233
1385,XSHE_002302
1386,XSHE_002619
1387,XSHE_000598
1388,XSHE_000605
1389,XSHE_000685
1390,XSHE_000520
1391,XSHE_002320
1392,XSHE_000048
1393,XSHE_000702
1394,XSHE_000876
1395,XSHE_002100
1396,XSHE_002124
1397,XSHE_002157
1398,XSHE_002311
1399,XSHE_002385
1400,XSHE_002548
1401,XSHE_002567
1402,XSHE_300381
1403,XSHE_000859
1404,XSHE_000973
1405,XSHE_002014
1406,XSHE_002108
1407,XSHE_002243
1408,XSHE_002263
1409,XSHE_002324
1410,XSHE_002395
1411,XSHE_002420
1412,XSHE_002457
1413,XSHE_002522
1414,XSHE_002585
1415,XSHE_002641
1416,XSHE_002676
1417,XSHE_002694
1418,XSHE_002735
1419,XSHE_002768
1420,XSHE_002838
1421,XSHE_002855
1422,XSHE_300169
1423,XSHE_300198
1424,XSHE_300218
1425,XSHE_300221
1426,XSHE_300230
1427,XSHE_300305
1428,XSHE_300321
1429,XSHE_300325
1430,XSHE_300393
1431,XSHE_300539
1432,XSHE_300599
1433,XSHE_300089
1434,XSHE_300234
1435,XSHE_300285
1436,XSHE_300409
1437,XSHE_000708
1438,XSHE_000825
1439,XSHE_002075
1440,XSHE_002318
1441,XSHE_002423
1442,XSHE_002756
1443,XSHE_000063
1444,XSHE_000070
1445,XSHE_000547
1446,XSHE_000561
1447,XSHE_000586
1448,XSHE_000687
1449,XSHE_000801
1450,XSHE_000836
1451,XSHE_000889
1452,XSHE_002017
1453,XSHE_002052
1454,XSHE_002089
1455,XSHE_002115
1456,XSHE_002151
1457,XSHE_002161
1458,XSHE_002194
1459,XSHE_002231
1460,XSHE_002281
1461,XSHE_002296
1462,XSHE_002313
1463,XSHE_002369
1464,XSHE_002383
1465,XSHE_002384
1466,XSHE_002396
1467,XSHE_002413
1468,XSHE_002417
1469,XSHE_002446
1470,XSHE_002465
1471,XSHE_002491
1472,XSHE_002519
1473,XSHE_002547
1474,XSHE_002583
1475,XSHE_002792
1476,XSHE_002829
1477,XSHE_002848
1478,XSHE_300025
1479,XSHE_300028
1480,XSHE_300038
1481,XSHE_300074
1482,XSHE_300079
1483,XSHE_300081
1484,XSHE_300098
1485,XSHE_300101
1486,XSHE_300134
1487,XSHE_300136
1488,XSHE_300167
1489,XSHE_300177
1490,XSHE_300211
1491,XSHE_300213
1492,XSHE_300250
1493,XSHE_300264
1494,XSHE_300270
1495,XSHE_300292
1496,XSHE_300299
1497,XSHE_300310
1498,XSHE_300312
1499,XSHE_300322
1500,XSHE_300353
1501,XSHE_300394
1502,XSHE_300397
1503,XSHE_300493
1504,XSHE_300502
1505,XSHE_300555
1506,XSHE_300560
1507,XSHE_300563
1508,XSHE_300565
1509,XSHE_300578
1510,XSHE_300590
1511,XSHE_300597
1512,XSHE_300603
1513,XSHE_300627
1514,XSHE_300628
1515,XSHE_002861
1516,XSHE_300638
1517,XSHE_000630
1518,XSHE_000878
1519,XSHE_002171
1520,XSHE_002203
1521,XSHE_002295
1522,XSHE_000017
1523,XSHE_000526
1524,XSHE_000558
1525,XSHE_002103
1526,XSHE_002105
1527,XSHE_002301
1528,XSHE_002348
1529,XSHE_002575
1530,XSHE_002605
1531,XSHE_002678
1532,XSHE_002858
1533,XSHE_300043
1534,XSHE_300329
1535,XSHE_300359
1536,XSHE_000887
1537,XSHE_002211
1538,XSHE_002224
1539,XSHE_002381
1540,XSHE_300320
1541,XSHE_300478
1542,XSHE_300547
1543,XSHE_300587
1544,XSHE_000657
1545,XSHE_000693
1546,XSHE_000697
1547,XSHE_000762
1548,XSHE_000831
1549,XSHE_000960
1550,XSHE_000962
1551,XSHE_002149
1552,XSHE_002167
1553,XSHE_002182
1554,XSHE_002340
1555,XSHE_002378
1556,XSHE_002428
1557,XSHE_002460
1558,XSHE_002466
1559,XSHE_002716
1560,XSHE_002842
1561,XSHE_300034
1562,XSHE_300618
1563,XSHE_000591
1564,XSHE_000862
1565,XSHE_000939
1566,XSHE_000150
1567,XSHE_000502
1568,XSHE_000503
1569,XSHE_002022
1570,XSHE_002044
1571,XSHE_002162
1572,XSHE_002223
1573,XSHE_002382
1574,XSHE_002432
1575,XSHE_002551
1576,XSHE_002614
1577,XSHE_300003
1578,XSHE_300015
1579,XSHE_300030
1580,XSHE_300061
1581,XSHE_300171
1582,XSHE_300206
1583,XSHE_300216
1584,XSHE_300238
1585,XSHE_300244
1586,XSHE_300246
1587,XSHE_300247
1588,XSHE_300273
1589,XSHE_300298
1590,XSHE_300314
1591,XSHE_300318
1592,XSHE_300326
1593,XSHE_300347
1594,XSHE_300358
1595,XSHE_300396
1596,XSHE_300404
1597,XSHE_300412
1598,XSHE_300439
1599,XSHE_300453
1600,XSHE_300463
1601,XSHE_300529
1602,XSHE_300562
1603,XSHE_300595
1604,XSHE_300633
1605,XSHE_300639
1606,XSHE_000028
1607,XSHE_000411
1608,XSHE_000705
1609,XSHE_002462
1610,XSHE_002589
1611,XSHE_002727
1612,XSHE_002758
1613,XSHE_002788
1614,XSHE_000001
1615,XSHE_002142
1616,XSHE_002807
1617,XSHE_002839
1618,XSHE_000156
1619,XSHE_000665
1620,XSHE_000673
1621,XSHE_000835
1622,XSHE_000892
1623,XSHE_000917
1624,XSHE_002071
1625,XSHE_002143
1626,XSHE_002238
1627,XSHE_002292
1628,XSHE_002343
1629,XSHE_002445
1630,XSHE_002502
1631,XSHE_002624
1632,XSHE_002739
1633,XSHE_300027
1634,XSHE_300133
1635,XSHE_300251
1636,XSHE_300291
1637,XSHE_300336
1638,XSHE_300426
1639,XSHE_300528
1640,XSHE_000798
1641,XSHE_002069
1642,XSHE_002086
1643,XSHE_002447
1644,XSHE_002696
1645,XSHE_300094
1646,XSHE_000020
1647,XSHE_000032
1648,XSHE_000050
1649,XSHE_000058
1650,XSHE_000068
1651,XSHE_000413
1652,XSHE_000532
1653,XSHE_000536
1654,XSHE_000636
1655,XSHE_000670
1656,XSHE_000725
1657,XSHE_000727
1658,XSHE_000733
1659,XSHE_000823
1660,XSHE_000970
1661,XSHE_002025
1662,XSHE_002036
1663,XSHE_002045
1664,XSHE_002049
1665,XSHE_002055
1666,XSHE_002056
1667,XSHE_002057
1668,XSHE_002104
1669,XSHE_002106
1670,XSHE_002134
1671,XSHE_002137
1672,XSHE_002138
1673,XSHE_002139
1674,XSHE_002141
1675,XSHE_002179
1676,XSHE_002189
1677,XSHE_002199
1678,XSHE_002217
1679,XSHE_002222
1680,XSHE_002241
1681,XSHE_002273
1682,XSHE_002288
1683,XSHE_002289
1684,XSHE_002388
1685,XSHE_002389
1686,XSHE_002402
1687,XSHE_002426
1688,XSHE_002436
1689,XSHE_002456
1690,XSHE_002463
1691,XSHE_002475
1692,XSHE_002484
1693,XSHE_002512
1694,XSHE_002579
1695,XSHE_002587
1696,XSHE_002600
1697,XSHE_002618
1698,XSHE_002636
1699,XSHE_002655
1700,XSHE_002729
1701,XSHE_002806
1702,XSHE_002808
1703,XSHE_002835
1704,XSHE_002841
1705,XSHE_002845
1706,XSHE_300014
1707,XSHE_300032
1708,XSHE_300078
1709,XSHE_300083
1710,XSHE_300088
1711,XSHE_300114
1712,XSHE_300115
1713,XSHE_300127
1714,XSHE_300128
1715,XSHE_300131
1716,XSHE_300139
1717,XSHE_300154
1718,XSHE_300155
1719,XSHE_300162
1720,XSHE_300184
1721,XSHE_300205
1722,XSHE_300207
1723,XSHE_300219
1724,XSHE_300220
1725,XSHE_300224
1726,XSHE_300227
1727,XSHE_300256
1728,XSHE_300279
1729,XSHE_300319
1730,XSHE_300331
1731,XSHE_300333
1732,XSHE_300340
1733,XSHE_300342
1734,XSHE_300346
1735,XSHE_300351
1736,XSHE_300408
1737,XSHE_300414
1738,XSHE_300433
1739,XSHE_300456
1740,XSHE_300458
1741,XSHE_300460
1742,XSHE_300474
1743,XSHE_300476
1744,XSHE_300546
1745,XSHE_300548
1746,XSHE_300566
1747,XSHE_300570
1748,XSHE_300602
1749,XSHE_300615
1750,XSHE_300620
1751,XSHE_002859
1752,XSHE_000628
1753,XSHE_000008
1754,XSHE_002367
1755,XSHE_002689
1756,XSHE_002774
1757,XSHE_300011
1758,XSHE_300455
1759,XSHE_000488
1760,XSHE_000576
1761,XSHE_000815
1762,XSHE_000833
1763,XSHE_002012
1764,XSHE_002067
1765,XSHE_002078
1766,XSHE_002235
1767,XSHE_002303
1768,XSHE_002511
1769,XSHE_002521
1770,XSHE_002565
1771,XSHE_000166
1772,XSHE_000686
1773,XSHE_000728
1774,XSHE_000750
1775,XSHE_000776
1776,XSHE_000783
1777,XSHE_002500
1778,XSHE_002673
1779,XSHE_002736
1780,XSHE_002797
1781,XSHE_000423
1782,XSHE_000513
1783,XSHE_000538
1784,XSHE_000590
1785,XSHE_000623
1786,XSHE_000650
1787,XSHE_000766
1788,XSHE_000790
1789,XSHE_000989
1790,XSHE_000999
1791,XSHE_002107
1792,XSHE_002118
1793,XSHE_002166
1794,XSHE_002198
1795,XSHE_002219
1796,XSHE_002275
1797,XSHE_002287
1798,XSHE_002317
1799,XSHE_002349
1800,XSHE_002390
1801,XSHE_002412
1802,XSHE_002424
1803,XSHE_002433
1804,XSHE_002566
1805,XSHE_002603
1806,XSHE_002644
1807,XSHE_002728
1808,XSHE_002737
1809,XSHE_002750
1810,XSHE_002773
1811,XSHE_300016
1812,XSHE_300026
1813,XSHE_300039
1814,XSHE_300049
1815,XSHE_300108
1816,XSHE_300147
1817,XSHE_300158
1818,XSHE_300181
1819,XSHE_300519
1820,XSHE_300534
1821,XSHE_000713
1822,XSHE_000998
1823,XSHE_002041
1824,XSHE_002772
1825,XSHE_300087
1826,XSHE_300143
1827,XSHE_300189
1828,XSHE_300511
1829,XSHE_000404
1830,XSHE_000551
1831,XSHE_000925
1832,XSHE_002006
1833,XSHE_002192
1834,XSHE_002204
1835,XSHE_002255
1836,XSHE_002366
1837,XSHE_002509
1838,XSHE_002529
1839,XSHE_002530
1840,XSHE_002534
1841,XSHE_002595
1842,XSHE_002613
1843,XSHE_002621
1844,XSHE_002630
1845,XSHE_002639
1846,XSHE_002645
1847,XSHE_002651
1848,XSHE_002686
1849,XSHE_002690
1850,XSHE_002691
1851,XSHE_002786
1852,XSHE_002793
1853,XSHE_002796
1854,XSHE_002816
1855,XSHE_002833
1856,XSHE_002837
1857,XSHE_300023
1858,XSHE_300024
1859,XSHE_300029
1860,XSHE_300092
1861,XSHE_300116
1862,XSHE_300145
1863,XSHE_300193
1864,XSHE_300201
1865,XSHE_300202
1866,XSHE_300210
1867,XSHE_300249
1868,XSHE_300263
1869,XSHE_300276
1870,XSHE_300278
1871,XSHE_300280
1872,XSHE_300281
1873,XSHE_300293
1874,XSHE_300309
1875,XSHE_300316
1876,XSHE_300334
1877,XSHE_300368
1878,XSHE_300382
1879,XSHE_300400
1880,XSHE_300402
1881,XSHE_300411
1882,XSHE_300415
1883,XSHE_300434
1884,XSHE_300443
1885,XSHE_300450
1886,XSHE_300457
1887,XSHE_300461
1888,XSHE_300462
1889,XSHE_300471
1890,XSHE_300472
1891,XSHE_300475
1892,XSHE_300483
1893,XSHE_300486
1894,XSHE_300499
1895,XSHE_300509
1896,XSHE_300512
1897,XSHE_300521
1898,XSHE_300526
1899,XSHE_300527
1900,XSHE_300540
1901,XSHE_300545
1902,XSHE_300549
1903,XSHE_300551
1904,XSHE_300569
1905,XSHE_300607
1906,XSHE_300619
1907,XSHE_000018
1908,XSHE_002047
1909,XSHE_002081
1910,XSHE_002163
1911,XSHE_002247
1912,XSHE_002325
1913,XSHE_002375
1914,XSHE_002482
1915,XSHE_002504
1916,XSHE_002620
1917,XSHE_002713
1918,XSHE_002781
1919,XSHE_002789
1920,XSHE_002811
1921,XSHE_002822
1922,XSHE_002830
1923,XSHE_002856
1924,XSHE_300117
1925,XSHE_300621
1926,XSHE_000009
1927,XSHE_000034
1928,XSHE_000301
1929,XSHE_000409
1930,XSHE_000632
1931,XSHE_000633
1932,XSHE_000701
1933,XSHE_000839
1934,XSHE_000881
1935,XSHE_000909
1936,XSHG_600197
1937,XSHG_600199
1938,XSHG_600519
1939,XSHG_600559
1940,XSHG_600702
1941,XSHG_600779
1942,XSHG_600809
1943,XSHG_603198
1944,XSHG_603369
1945,XSHG_603589
1946,XSHG_603919
1947,XSHG_600280
1948,XSHG_600306
1949,XSHG_600327
1950,XSHG_600515
1951,XSHG_600628
1952,XSHG_600655
1953,XSHG_600682
1954,XSHG_600693
1955,XSHG_600694
1956,XSHG_600697
1957,XSHG_600712
1958,XSHG_600723
1959,XSHG_600729
1960,XSHG_600738
1961,XSHG_600774
1962,XSHG_600778
1963,XSHG_600785
1964,XSHG_600814
1965,XSHG_600821
1966,XSHG_600824
1967,XSHG_600828
1968,XSHG_600838
1969,XSHG_600857
1970,XSHG_600858
1971,XSHG_600859
1972,XSHG_600861
1973,XSHG_600865
1974,XSHG_600891
1975,XSHG_603031
1976,XSHG_603101
1977,XSHG_603123
1978,XSHG_601366
1979,XSHG_600151
1980,XSHG_600171
1981,XSHG_600206
1982,XSHG_600360
1983,XSHG_600401
1984,XSHG_600460
1985,XSHG_600537
1986,XSHG_600584
1987,XSHG_600667
1988,XSHG_600703
1989,XSHG_601012
1990,XSHG_601908
1991,XSHG_603005
1992,XSHG_603986
1993,XSHG_603303
1994,XSHG_600291
1995,XSHG_601318
1996,XSHG_601336
1997,XSHG_601601
1998,XSHG_601628
1999,XSHG_600176
2000,XSHG_600293
2001,XSHG_600529
2002,XSHG_600552
2003,XSHG_600586
2004,XSHG_600819
2005,XSHG_600876
2006,XSHG_601636
2007,XSHG_603021
2008,XSHG_603578
2009,XSHG_603601
2010,XSHG_600057
2011,XSHG_600119
2012,XSHG_600179
2013,XSHG_600180
2014,XSHG_600233
2015,XSHG_600270
2016,XSHG_600787
2017,XSHG_600794
2018,XSHG_603117
2019,XSHG_603128
2020,XSHG_603569
2021,XSHG_600361
2022,XSHG_600827
2023,XSHG_601010
2024,XSHG_601116
2025,XSHG_601933
2026,XSHG_603708
2027,XSHG_600229
2028,XSHG_600373
2029,XSHG_600551
2030,XSHG_600633
2031,XSHG_600757
2032,XSHG_600825
2033,XSHG_601098
2034,XSHG_601801
2035,XSHG_601811
2036,XSHG_601858
2037,XSHG_601900
2038,XSHG_601928
2039,XSHG_601999
2040,XSHG_603999
2041,XSHG_600072
2042,XSHG_600150
2043,XSHG_600685
2044,XSHG_601890
2045,XSHG_601989
2046,XSHG_600074
2047,XSHG_600100
2048,XSHG_600271
2049,XSHG_600601
2050,XSHG_600734
2051,XSHG_603019
2052,XSHG_603025
2053,XSHG_600089
2054,XSHG_600110
2055,XSHG_600112
2056,XSHG_600192
2057,XSHG_600202
2058,XSHG_600268
2059,XSHG_600290
2060,XSHG_600312
2061,XSHG_600379
2062,XSHG_600405
2063,XSHG_600416
2064,XSHG_600468
2065,XSHG_600482
2066,XSHG_600517
2067,XSHG_600525
2068,XSHG_600550
2069,XSHG_600560
2070,XSHG_600577
2071,XSHG_600580
2072,XSHG_600590
2073,XSHG_600847
2074,XSHG_600869
2075,XSHG_600875
2076,XSHG_600885
2077,XSHG_600973
2078,XSHG_601126
2079,XSHG_601179
2080,XSHG_601311
2081,XSHG_601558
2082,XSHG_601616
2083,XSHG_601700
2084,XSHG_601727
2085,XSHG_601877
2086,XSHG_603015
2087,XSHG_603016
2088,XSHG_603333
2089,XSHG_603416
2090,XSHG_603515
2091,XSHG_603606
2092,XSHG_603618
2093,XSHG_603628
2094,XSHG_603703
2095,XSHG_603819
2096,XSHG_603861
2097,XSHG_603988
2098,XSHG_603050
2099,XSHG_600898
2100,XSHG_600366
2101,XSHG_600651
2102,XSHG_601222
2103,XSHG_601567
2104,XSHG_603100
2105,XSHG_603556
2106,XSHG_600050
2107,XSHG_600804
2108,XSHG_600318
2109,XSHG_600599
2110,XSHG_600643
2111,XSHG_600695
2112,XSHG_600705
2113,XSHG_600747
2114,XSHG_600816
2115,XSHG_600817
2116,XSHG_600830
2117,XSHG_600070
2118,XSHG_600152
2119,XSHG_600156
2120,XSHG_600220
2121,XSHG_600232
2122,XSHG_600370
2123,XSHG_600448
2124,XSHG_600493
2125,XSHG_600626
2126,XSHG_600630
2127,XSHG_600689
2128,XSHG_600851
2129,XSHG_600987
2130,XSHG_601339
2131,XSHG_603238
2132,XSHG_603558
2133,XSHG_603665
2134,XSHG_603889
2135,XSHG_603908
2136,XSHG_600302
2137,XSHG_600843
2138,XSHG_603337
2139,XSHG_600086
2140,XSHG_600107
2141,XSHG_600137
2142,XSHG_600177
2143,XSHG_600272
2144,XSHG_600398
2145,XSHG_600400
2146,XSHG_600439
2147,XSHG_600612
2148,XSHG_600884
2149,XSHG_601566
2150,XSHG_601718
2151,XSHG_603001
2152,XSHG_603116
2153,XSHG_603518
2154,XSHG_603555
2155,XSHG_603608
2156,XSHG_603808
2157,XSHG_603839
2158,XSHG_603877
2159,XSHG_603900
2160,XSHG_603958
2161,XSHG_600165
2162,XSHG_600477
2163,XSHG_600496
2164,XSHG_600558
2165,XSHG_600782
2166,XSHG_600992
2167,XSHG_601028
2168,XSHG_603028
2169,XSHG_603300
2170,XSHG_603577
2171,XSHG_603878
2172,XSHG_600017
2173,XSHG_600018
2174,XSHG_600190
2175,XSHG_600279
2176,XSHG_600317
2177,XSHG_600717
2178,XSHG_601000
2179,XSHG_601008
2180,XSHG_601018
2181,XSHG_601880
2182,XSHG_601228
2183,XSHG_600031
2184,XSHG_600169
2185,XSHG_600320
2186,XSHG_600582
2187,XSHG_600761
2188,XSHG_600815
2189,XSHG_600984
2190,XSHG_601100
2191,XSHG_601106
2192,XSHG_601717
2193,XSHG_603218
2194,XSHG_600710
2195,XSHG_600386
2196,XSHG_600611
2197,XSHG_600650
2198,XSHG_600662
2199,XSHG_600676
2200,XSHG_600834
2201,XSHG_600561
2202,XSHG_603032
2203,XSHG_603069
2204,XSHG_603223
2205,XSHG_600167
2206,XSHG_600333
2207,XSHG_600617
2208,XSHG_600635
2209,XSHG_600681
2210,XSHG_600719
2211,XSHG_600856
2212,XSHG_600917
2213,XSHG_600982
2214,XSHG_601139
2215,XSHG_603393
2216,XSHG_603689
2217,XSHG_600210
2218,XSHG_600836
2219,XSHG_600880
2220,XSHG_601515
2221,XSHG_601968
2222,XSHG_603022
2223,XSHG_603058
2224,XSHG_603429
2225,XSHG_603729
2226,XSHG_600038
2227,XSHG_600118
2228,XSHG_600316
2229,XSHG_600343
2230,XSHG_600372
2231,XSHG_600391
2232,XSHG_600862
2233,XSHG_600879
2234,XSHG_600893
2235,XSHG_600059
2236,XSHG_600084
2237,XSHG_600238
2238,XSHG_600365
2239,XSHG_600543
2240,XSHG_600616
2241,XSHG_601579
2242,XSHG_603779
2243,XSHG_600634
2244,XSHG_600652
2245,XSHG_600986
2246,XSHG_603000
2247,XSHG_603258
2248,XSHG_603444
2249,XSHG_603881
2250,XSHG_603888
2251,XSHG_600579
2252,XSHG_601798
2253,XSHG_600075
2254,XSHG_600078
2255,XSHG_600091
2256,XSHG_600135
2257,XSHG_600141
2258,XSHG_600160
2259,XSHG_600228
2260,XSHG_600273
2261,XSHG_600281
2262,XSHG_600301
2263,XSHG_600309
2264,XSHG_600319
2265,XSHG_600328
2266,XSHG_600367
2267,XSHG_600378
2268,XSHG_600409
2269,XSHG_600618
2270,XSHG_600636
2271,XSHG_600722
2272,XSHG_600746
2273,XSHG_600844
2274,XSHG_600985
2275,XSHG_601208
2276,XSHG_601216
2277,XSHG_601678
2278,XSHG_603002
2279,XSHG_603010
2280,XSHG_603026
2281,XSHG_603067
2282,XSHG_603077
2283,XSHG_603227
2284,XSHG_603299
2285,XSHG_603360
2286,XSHG_603585
2287,XSHG_603928
2288,XSHG_603968
2289,XSHG_603977
2290,XSHG_603041
2291,XSHG_603078
2292,XSHG_603906
2293,XSHG_600063
2294,XSHG_600346
2295,XSHG_600527
2296,XSHG_600810
2297,XSHG_600889
2298,XSHG_601113
2299,XSHG_601233
2300,XSHG_600062
2301,XSHG_600079
2302,XSHG_600196
2303,XSHG_600216
2304,XSHG_600267
2305,XSHG_600276
2306,XSHG_600299
2307,XSHG_600380
2308,XSHG_600420
2309,XSHG_600488
2310,XSHG_600513
2311,XSHG_600521
2312,XSHG_600664
2313,XSHG_600789
2314,XSHG_600812
2315,XSHG_603168
2316,XSHG_603222
2317,XSHG_603456
2318,XSHG_603520
2319,XSHG_603669
2320,XSHG_603811
2321,XSHG_603538
2322,XSHG_600008
2323,XSHG_600217
2324,XSHG_600292
2325,XSHG_600388
2326,XSHG_600481
2327,XSHG_600526
2328,XSHG_600874
2329,XSHG_603126
2330,XSHG_603177
2331,XSHG_603568
2332,XSHG_603588
2333,XSHG_603603
2334,XSHG_603817
2335,XSHG_603822
2336,XSHG_603903
2337,XSHG_603797
2338,XSHG_600311
2339,XSHG_600385
2340,XSHG_600489
2341,XSHG_600547
2342,XSHG_600687
2343,XSHG_600766
2344,XSHG_600988
2345,XSHG_601069
2346,XSHG_601899
2347,XSHG_600011
2348,XSHG_600021
2349,XSHG_600023
2350,XSHG_600027
2351,XSHG_600098
2352,XSHG_600396
2353,XSHG_600483
2354,XSHG_600509
2355,XSHG_600578
2356,XSHG_600642
2357,XSHG_600726
2358,XSHG_600744
2359,XSHG_600780
2360,XSHG_600795
2361,XSHG_600863
2362,XSHG_600864
2363,XSHG_601991
2364,XSHG_600004
2365,XSHG_600009
2366,XSHG_600897
2367,XSHG_600243
2368,XSHG_600806
2369,XSHG_601882
2370,XSHG_603011
2371,XSHG_600114
2372,XSHG_600421
2373,XSHG_600520
2374,XSHG_600592
2375,XSHG_600619
2376,XSHG_600765
2377,XSHG_600841
2378,XSHG_601002
2379,XSHG_601177
2380,XSHG_601218
2381,XSHG_601369
2382,XSHG_603040
2383,XSHG_603315
2384,XSHG_603667
2385,XSHG_603677
2386,XSHG_603726
2387,XSHG_603966
2388,XSHG_600337
2389,XSHG_600978
2390,XSHG_603008
2391,XSHG_603208
2392,XSHG_603313
2393,XSHG_603389
2394,XSHG_603600
2395,XSHG_603816
2396,XSHG_603818
2397,XSHG_603898
2398,XSHG_603385
2399,XSHG_603833
2400,XSHG_600060
2401,XSHG_600261
2402,XSHG_600336
2403,XSHG_600690
2404,XSHG_600839
2405,XSHG_600854
2406,XSHG_600870
2407,XSHG_600983
2408,XSHG_603355
2409,XSHG_603366
2410,XSHG_603519
2411,XSHG_603868
2412,XSHG_603996
2413,XSHG_600039
2414,XSHG_600068
2415,XSHG_600083
2416,XSHG_600170
2417,XSHG_600248
2418,XSHG_600284
2419,XSHG_600326
2420,XSHG_600491
2421,XSHG_600502
2422,XSHG_600512
2423,XSHG_600528
2424,XSHG_600545
2425,XSHG_600610
2426,XSHG_600629
2427,XSHG_600769
2428,XSHG_600820
2429,XSHG_600853
2430,XSHG_600939
2431,XSHG_600970
2432,XSHG_601117
2433,XSHG_601186
2434,XSHG_601390
2435,XSHG_601611
2436,XSHG_601618
2437,XSHG_601668
2438,XSHG_601669
2439,XSHG_601789
2440,XSHG_601800
2441,XSHG_603007
2442,XSHG_603017
2443,XSHG_603018
2444,XSHG_603060
2445,XSHG_603388
2446,XSHG_603637
2447,XSHG_603778
2448,XSHG_603843
2449,XSHG_603887
2450,XSHG_603909
2451,XSHG_603955
2452,XSHG_603959
2453,XSHG_603979
2454,XSHG_603717
2455,XSHG_600408
2456,XSHG_600721
2457,XSHG_600725
2458,XSHG_600740
2459,XSHG_600792
2460,XSHG_601011
2461,XSHG_601015
2462,XSHG_600258
2463,XSHG_600640
2464,XSHG_600754
2465,XSHG_601007
2466,XSHG_600029
2467,XSHG_600115
2468,XSHG_600221
2469,XSHG_601021
2470,XSHG_601111
2471,XSHG_603885
2472,XSHG_600172
2473,XSHG_600516
2474,XSHG_600783
2475,XSHG_603663
2476,XSHG_603688
2477,XSHG_600189
2478,XSHG_600265
2479,XSHG_601996
2480,XSHG_600012
2481,XSHG_600020
2482,XSHG_600033
2483,XSHG_600035
2484,XSHG_600106
2485,XSHG_600269
2486,XSHG_600350
2487,XSHG_600368
2488,XSHG_600377
2489,XSHG_600548
2490,XSHG_601107
2491,XSHG_601188
2492,XSHG_601518
2493,XSHG_600138
2494,XSHG_600358
2495,XSHG_600706
2496,XSHG_601888
2497,XSHG_603099
2498,XSHG_603199
2499,XSHG_603869
2500,XSHG_600054
2501,XSHG_600555
2502,XSHG_600593
2503,XSHG_600749
2504,XSHG_600219
2505,XSHG_600595
2506,XSHG_600673
2507,XSHG_600768
2508,XSHG_600888
2509,XSHG_601388
2510,XSHG_601600
2511,XSHG_601677
2512,XSHG_600121
2513,XSHG_600123
2514,XSHG_600157
2515,XSHG_600188
2516,XSHG_600348
2517,XSHG_600395
2518,XSHG_600397
2519,XSHG_600403
2520,XSHG_600508
2521,XSHG_600546
2522,XSHG_600714
2523,XSHG_600758
2524,XSHG_600971
2525,XSHG_600997
2526,XSHG_601001
2527,XSHG_601088
2528,XSHG_601101
2529,XSHG_601225
2530,XSHG_601666
2531,XSHG_601699
2532,XSHG_601898
2533,XSHG_601918
2534,XSHG_600099
2535,XSHG_600877
2536,XSHG_601777
2537,XSHG_603766
2538,XSHG_600096
2539,XSHG_600226
2540,XSHG_600227
2541,XSHG_600230
2542,XSHG_600389
2543,XSHG_600423
2544,XSHG_600426
2545,XSHG_600470
2546,XSHG_600486
2547,XSHG_600538
2548,XSHG_600596
2549,XSHG_600691
2550,XSHG_600727
2551,XSHG_600731
2552,XSHG_600796
2553,XSHG_600803
2554,XSHG_603599
2555,XSHG_603639
2556,XSHG_600108
2557,XSHG_600127
2558,XSHG_600251
2559,XSHG_600275
2560,XSHG_600359
2561,XSHG_600965
2562,XSHG_600975
2563,XSHG_603336
2564,XSHG_600218
2565,XSHG_601038
2566,XSHG_603789
2567,XSHG_600753
2568,XSHG_600132
2569,XSHG_600573
2570,XSHG_600600
2571,XSHG_600010
2572,XSHG_600019
2573,XSHG_600022
2574,XSHG_600126
2575,XSHG_600231
2576,XSHG_600282
2577,XSHG_600307
2578,XSHG_600532
2579,XSHG_600569
2580,XSHG_600581
2581,XSHG_600608
2582,XSHG_600784
2583,XSHG_600808
2584,XSHG_601003
2585,XSHG_601005
2586,XSHG_601969
2587,XSHG_600076
2588,XSHG_600155
2589,XSHG_600321
2590,XSHG_603616
2591,XSHG_603969
2592,XSHG_600122
2593,XSHG_603777
2594,XSHG_600297
2595,XSHG_600653
2596,XSHG_601258
2597,XSHG_601965
2598,XSHG_603377
2599,XSHG_600081
2600,XSHG_600093
2601,XSHG_600148
2602,XSHG_600178
2603,XSHG_600182
2604,XSHG_600335
2605,XSHG_600469
2606,XSHG_600480
2607,XSHG_600501
2608,XSHG_600523
2609,XSHG_600623
2610,XSHG_600660
2611,XSHG_600698
2612,XSHG_600699
2613,XSHG_600741
2614,XSHG_600742
2615,XSHG_600960
2616,XSHG_601058
2617,XSHG_601127
2618,XSHG_601163
2619,XSHG_601500
2620,XSHG_601689
2621,XSHG_601799
2622,XSHG_601966
2623,XSHG_603006
2624,XSHG_603009
2625,XSHG_603023
2626,XSHG_603035
2627,XSHG_603037
2628,XSHG_603089
2629,XSHG_603158
2630,XSHG_603166
2631,XSHG_603179
2632,XSHG_603239
2633,XSHG_603306
2634,XSHG_603319
2635,XSHG_603358
2636,XSHG_603701
2637,XSHG_603768
2638,XSHG_603788
2639,XSHG_603997
2640,XSHG_603178
2641,XSHG_603586
2642,XSHG_600006
2643,XSHG_600066
2644,XSHG_600104
2645,XSHG_600166
2646,XSHG_600213
2647,XSHG_600262
2648,XSHG_600303
2649,XSHG_600375
2650,XSHG_600418
2651,XSHG_600609
2652,XSHG_600686
2653,XSHG_600760
2654,XSHG_601238
2655,XSHG_601633
2656,XSHG_600331
2657,XSHG_600338
2658,XSHG_600497
2659,XSHG_600531
2660,XSHG_600961
2661,XSHG_601020
2662,XSHG_600052
2663,XSHG_600053
2664,XSHG_600094
2665,XSHG_600095
2666,XSHG_600113
2667,XSHG_600159
2668,XSHG_600185
2669,XSHG_600223
2670,XSHG_600225
2671,XSHG_600239
2672,XSHG_600246
2673,XSHG_600266
2674,XSHG_600322
2675,XSHG_600325
2676,XSHG_600340
2677,XSHG_600376
2678,XSHG_600466
2679,XSHG_600503
2680,XSHG_600533
2681,XSHG_600568
2682,XSHG_600622
2683,XSHG_600638
2684,XSHG_600641
2685,XSHG_600649
2686,XSHG_600675
2687,XSHG_600683
2688,XSHG_600696
2689,XSHG_600716
2690,XSHG_600724
2691,XSHG_600733
2692,XSHG_600743
2693,XSHG_600773
2694,XSHG_600807
2695,XSHG_600890
2696,XSHG_601155
2697,XSHG_601588
2698,XSHG_600732
2699,XSHG_600048
2700,XSHG_600067
2701,XSHG_600077
2702,XSHG_600162
2703,XSHG_600173
2704,XSHG_600208
2705,XSHG_600240
2706,XSHG_600383
2707,XSHG_600393
2708,XSHG_600510
2709,XSHG_600565
2710,XSHG_600606
2711,XSHG_600621
2712,XSHG_600657
2713,XSHG_600665
2714,XSHG_600684
2715,XSHG_600708
2716,XSHG_600748
2717,XSHG_600791
2718,XSHG_600823
2719,XSHG_600352
2720,XSHG_603188
2721,XSHG_603737
2722,XSHG_603823
2723,XSHG_603826
2724,XSHG_600249
2725,XSHG_600315
2726,XSHG_603630
2727,XSHG_600419
2728,XSHG_600429
2729,XSHG_600597
2730,XSHG_600882
2731,XSHG_600887
2732,XSHG_600288
2733,XSHG_600289
2734,XSHG_600406
2735,XSHG_600410
2736,XSHG_600446
2737,XSHG_600455
2738,XSHG_600476
2739,XSHG_600536
2740,XSHG_600556
2741,XSHG_600570
2742,XSHG_600571
2743,XSHG_600588
2744,XSHG_600602
2745,XSHG_600654
2746,XSHG_600718
2747,XSHG_600728
2748,XSHG_600756
2749,XSHG_600797
2750,XSHG_600845
2751,XSHG_600850
2752,XSHG_601519
2753,XSHG_603039
2754,XSHG_603138
2755,XSHG_603189
2756,XSHG_603508
2757,XSHG_603528
2758,XSHG_603636
2759,XSHG_603859
2760,XSHG_603918
2761,XSHG_603990
2762,XSHG_600300
2763,XSHG_600962
2764,XSHG_600058
2765,XSHG_600120
2766,XSHG_600128
2767,XSHG_600153
2768,XSHG_600241
2769,XSHG_600247
2770,XSHG_600250
2771,XSHG_600278
2772,XSHG_600287
2773,XSHG_600382
2774,XSHG_600500
2775,XSHG_600605
2776,XSHG_600704
2777,XSHG_600735
2778,XSHG_600739
2779,XSHG_600755
2780,XSHG_600822
2781,XSHG_600826
2782,XSHG_600981
2783,XSHG_600415
2784,XSHG_600790
2785,XSHG_600161
2786,XSHG_600201
2787,XSHG_600645
2788,XSHG_600867
2789,XSHG_603566
2790,XSHG_603718
2791,XSHG_600028
2792,XSHG_600339
2793,XSHG_600688
2794,XSHG_603798
2795,XSHG_600256
2796,XSHG_600583
2797,XSHG_600759
2798,XSHG_600871
2799,XSHG_601808
2800,XSHG_601857
2801,XSHG_603727
2802,XSHG_600387
2803,XSHG_603003
2804,XSHG_600073
2805,XSHG_600186
2806,XSHG_600191
2807,XSHG_600298
2808,XSHG_600305
2809,XSHG_600737
2810,XSHG_600866
2811,XSHG_600872
2812,XSHG_600873
2813,XSHG_603020
2814,XSHG_603027
2815,XSHG_603288
2816,XSHG_603345
2817,XSHG_603517
2818,XSHG_603696
2819,XSHG_603866
2820,XSHG_603886
2821,XSHG_600101
2822,XSHG_600116
2823,XSHG_600131
2824,XSHG_600236
2825,XSHG_600310
2826,XSHG_600452
2827,XSHG_600505
2828,XSHG_600644
2829,XSHG_600674
2830,XSHG_600868
2831,XSHG_600886
2832,XSHG_600900
2833,XSHG_600969
2834,XSHG_600979
2835,XSHG_600995
2836,XSHG_600425
2837,XSHG_600449
2838,XSHG_600539
2839,XSHG_600585
2840,XSHG_600668
2841,XSHG_600678
2842,XSHG_600720
2843,XSHG_600801
2844,XSHG_600802
2845,XSHG_600881
2846,XSHG_600883
2847,XSHG_601992
2848,XSHG_600168
2849,XSHG_600187
2850,XSHG_600283
2851,XSHG_600323
2852,XSHG_600461
2853,XSHG_601158
2854,XSHG_601199
2855,XSHG_601368
2856,XSHG_600026
2857,XSHG_600242
2858,XSHG_600428
2859,XSHG_600575
2860,XSHG_600692
2861,XSHG_600751
2862,XSHG_600798
2863,XSHG_600896
2864,XSHG_601866
2865,XSHG_601872
2866,XSHG_601919
2867,XSHG_603167
2868,XSHG_600195
2869,XSHG_600438
2870,XSHG_603609
2871,XSHG_603668
2872,XSHG_600143
2873,XSHG_600146
2874,XSHG_600444
2875,XSHG_600458
2876,XSHG_600589
2877,XSHG_603266
2878,XSHG_603330
2879,XSHG_603615
2880,XSHG_603806
2881,XSHG_603991
2882,XSHG_600145
2883,XSHG_603268
2884,XSHG_603838
2885,XSHG_600117
2886,XSHG_600399
2887,XSHG_600507
2888,XSHG_600125
2889,XSHG_601006
2890,XSHG_601333
2891,XSHG_600105
2892,XSHG_600130
2893,XSHG_600198
2894,XSHG_600260
2895,XSHG_600345
2896,XSHG_600485
2897,XSHG_600487
2898,XSHG_600498
2899,XSHG_600522
2900,XSHG_600562
2901,XSHG_600677
2902,XSHG_600680
2903,XSHG_600745
2904,XSHG_600764
2905,XSHG_600775
2906,XSHG_600776
2907,XSHG_600990
2908,XSHG_603118
2909,XSHG_603322
2910,XSHG_603421
2911,XSHG_603559
2912,XSHG_603660
2913,XSHG_600139
2914,XSHG_600255
2915,XSHG_600362
2916,XSHG_600490
2917,XSHG_601137
2918,XSHG_601168
2919,XSHG_601212
2920,XSHG_600158
2921,XSHG_600234
2922,XSHG_600661
2923,XSHG_600679
2924,XSHG_600818
2925,XSHG_603398
2926,XSHG_603899
2927,XSHG_601118
2928,XSHG_603033
2929,XSHG_600111
2930,XSHG_600259
2931,XSHG_600295
2932,XSHG_600390
2933,XSHG_600392
2934,XSHG_600432
2935,XSHG_600456
2936,XSHG_600459
2937,XSHG_600549
2938,XSHG_600615
2939,XSHG_600711
2940,XSHG_601958
2941,XSHG_603399
2942,XSHG_603799
2943,XSHG_603993
2944,XSHG_600163
2945,XSHG_600277
2946,XSHG_601016
2947,XSHG_601985
2948,XSHG_600055
2949,XSHG_600381
2950,XSHG_600530
2951,XSHG_600587
2952,XSHG_600763
2953,XSHG_600767
2954,XSHG_603309
2955,XSHG_603579
2956,XSHG_603658
2957,XSHG_603987
2958,XSHG_600056
2959,XSHG_600090
2960,XSHG_600511
2961,XSHG_600713
2962,XSHG_600829
2963,XSHG_600833
2964,XSHG_600998
2965,XSHG_601607
2966,XSHG_603108
2967,XSHG_603368
2968,XSHG_603716
2969,XSHG_603883
2970,XSHG_603939
2971,XSHG_600000
2972,XSHG_600015
2973,XSHG_600016
2974,XSHG_600036
2975,XSHG_600908
2976,XSHG_600919
2977,XSHG_600926
2978,XSHG_601009
2979,XSHG_601128
2980,XSHG_601166
2981,XSHG_601169
2982,XSHG_601229
2983,XSHG_601288
2984,XSHG_601328
2985,XSHG_601398
2986,XSHG_601818
2987,XSHG_601939
2988,XSHG_601988
2989,XSHG_601997
2990,XSHG_601998
2991,XSHG_603323
2992,XSHG_600037
2993,XSHG_600088
2994,XSHG_600136
2995,XSHG_600576
2996,XSHG_600637
2997,XSHG_600715
2998,XSHG_600831
2999,XSHG_600892
3000,XSHG_600936
3001,XSHG_600959
3002,XSHG_600977
3003,XSHG_600996
3004,XSHG_601595
3005,XSHG_601599
3006,XSHG_601929
3007,XSHG_603598
3008,XSHG_600097
3009,XSHG_600257
3010,XSHG_600467
3011,XSHG_600071
3012,XSHG_600183
3013,XSHG_600203
3014,XSHG_600207
3015,XSHG_600237
3016,XSHG_600330
3017,XSHG_600353
3018,XSHG_600355
3019,XSHG_600363
3020,XSHG_600462
3021,XSHG_600478
3022,XSHG_600563
3023,XSHG_600666
3024,XSHG_600707
3025,XSHG_600980
3026,XSHG_601231
3027,XSHG_603133
3028,XSHG_603160
3029,XSHG_603186
3030,XSHG_603228
3031,XSHG_603328
3032,XSHG_603633
3033,XSHG_603678
3034,XSHG_603738
3035,XSHG_603936
3036,XSHG_603989
3037,XSHG_600007
3038,XSHG_600064
3039,XSHG_600082
3040,XSHG_600133
3041,XSHG_600215
3042,XSHG_600463
3043,XSHG_600604
3044,XSHG_600639
3045,XSHG_600648
3046,XSHG_600658
3047,XSHG_600663
3048,XSHG_600736
3049,XSHG_600848
3050,XSHG_600895
3051,XSHG_600495
3052,XSHG_600835
3053,XSHG_600894
3054,XSHG_600967
3055,XSHG_601313
3056,XSHG_601766
3057,XSHG_603111
3058,XSHG_603611
3059,XSHG_600069
3060,XSHG_600103
3061,XSHG_600235
3062,XSHG_600308
3063,XSHG_600356
3064,XSHG_600433
3065,XSHG_600567
3066,XSHG_600793
3067,XSHG_600963
3068,XSHG_600966
3069,XSHG_603165
3070,XSHG_600030
3071,XSHG_600061
3072,XSHG_600109
3073,XSHG_600369
3074,XSHG_600837
3075,XSHG_600909
3076,XSHG_600958
3077,XSHG_600999
3078,XSHG_601099
3079,XSHG_601198
3080,XSHG_601211
3081,XSHG_601375
3082,XSHG_601377
3083,XSHG_601555
3084,XSHG_601688
3085,XSHG_601788
3086,XSHG_601881
3087,XSHG_601901
3088,XSHG_600080
3089,XSHG_600085
3090,XSHG_600129
3091,XSHG_600211
3092,XSHG_600222
3093,XSHG_600252
3094,XSHG_600285
3095,XSHG_600329
3096,XSHG_600332
3097,XSHG_600351
3098,XSHG_600422
3099,XSHG_600436
3100,XSHG_600479
3101,XSHG_600518
3102,XSHG_600535
3103,XSHG_600557
3104,XSHG_600566
3105,XSHG_600572
3106,XSHG_600594
3107,XSHG_600613
3108,XSHG_600671
3109,XSHG_600750
3110,XSHG_600771
3111,XSHG_600781
3112,XSHG_600976
3113,XSHG_600993
3114,XSHG_603567
3115,XSHG_603858
3116,XSHG_603998
3117,XSHG_600313
3118,XSHG_600354
3119,XSHG_600371
3120,XSHG_600506
3121,XSHG_600540
3122,XSHG_600598
3123,XSHG_600184
3124,XSHG_600435
3125,XSHG_600475
3126,XSHG_600499
3127,XSHG_600855
3128,XSHG_600860
3129,XSHG_601226
3130,XSHG_601608
3131,XSHG_603012
3132,XSHG_603029
3133,XSHG_603036
3134,XSHG_603066
3135,XSHG_603085
3136,XSHG_603088
3137,XSHG_603090
3138,XSHG_603131
3139,XSHG_603159
3140,XSHG_603169
3141,XSHG_603203
3142,XSHG_603298
3143,XSHG_603308
3144,XSHG_603311
3145,XSHG_603318
3146,XSHG_603338
3147,XSHG_603339
3148,XSHG_603626
3149,XSHG_603638
3150,XSHG_603656
3151,XSHG_603686
3152,XSHG_603690
3153,XSHG_603698
3154,XSHG_603699
3155,XSHG_603800
3156,XSHG_603901
3157,XSHG_603960
3158,XSHG_600193
3159,XSHG_601886
3160,XSHG_603030
3161,XSHG_603038
3162,XSHG_603098
3163,XSHG_603828
3164,XSHG_603929
3165,XSHG_600051
3166,XSHG_600149
3167,XSHG_600175
3168,XSHG_600200
3169,XSHG_600209
3170,XSHG_600212
3171,XSHG_600603
3172,XSHG_600614
3173,XSHG_600620
3174,XSHG_600624
3175,XSHG_600647
3176,XSHG_600701
3177,XSHG_600730
3178,XSHG_600770
3179,XSHG_600777
3180,XSHG_600800
3181,XSHG_600805
3182,XSHG_600811
3183,XSHG_600846
